order_id,cart_value,is_cod,pincode_risk_index,address_quality_score,velocity_1h,velocity_6h,velocity_24h,address_mismatch_flag,category_risk_weight,is_rto
ORD0000220737,75512.59,0,0.05,75.23157926458246,0,2,6,0,0.85,0
ORD0000180587,5156.55,0,0.286,73.88485212303678,0,2,7,0,0.85,0
ORD0000151347,17122.52,0,0.05,82.15875336530864,0,1,4,0,0.5,0
ORD0000140403,4825.91,0,0.05,77.6301235781277,0,2,6,0,0.85,0
ORD0000223120,1335.35,0,0.05,70.78665849681512,1,4,11,0,0.15,0
ORD0000163846,7901.89,1,0.05,64.63273963224884,0,2,6,1,0.5,1
ORD0000073617,2980.66,0,0.25,70.3343923579127,0,1,4,0,0.65,0
ORD0000003494,346.26,0,0.05,79.87693040816555,0,2,6,0,0.25,0
ORD0000189844,1585.74,0,0.143,78.00258956680226,0,2,7,0,0.3,0
ORD0000113913,540.84,0,0.05,67.94363458464633,0,0,2,0,0.15,0
ORD0000091531,2099.61,1,0.222,67.7108339805843,0,2,7,1,0.65,1
ORD0000069096,982.03,1,0.333,73.58694403234402,0,1,3,0,0.25,0
ORD0000174623,7297.08,0,0.05,80.58169367151622,0,1,3,0,0.5,0
ORD0000153252,4899.87,0,0.05,73.90044227166777,0,2,6,0,0.15,0
ORD0000111921,350.26,0,0.05,71.57565402858162,0,3,8,0,0.25,0
ORD0000239176,681.67,0,0.05,69.17382041025667,0,1,4,0,0.65,0
ORD0000087866,681.67,1,0.05,68.00044920173627,0,2,5,1,0.65,1
ORD0000207708,1144.38,0,0.05,73.4239717899036,0,2,5,0,0.15,0
ORD0000008890,79788.91,0,0.125,76.80884940472278,0,3,8,0,0.85,0
ORD0000060750,324.75,0,0.05,70.86434229138334,0,3,8,0,0.35,0
ORD0000092853,19664.55,0,0.05,79.24570858883764,0,1,3,0,0.85,0
ORD0000194862,210.04,0,0.05,78.13205162475438,0,1,4,0,0.35,0
ORD0000166980,104478.72,0,0.125,77.50754155753633,0,3,8,0,0.85,0
ORD0000213913,99456.65,0,0.05,82.18352842363886,0,2,5,0,0.85,0
ORD0000003127,5156.55,0,0.05,77.06235114185905,0,2,5,0,0.85,0
ORD0000064383,1228.28,1,0.167,63.355580121131396,0,2,6,1,0.15,0
ORD0000127091,50252.76,0,0.05,72.34869839727205,0,3,8,0,0.85,0
ORD0000112646,3171.48,1,0.125,61.21465059458127,0,3,8,1,0.3,1
ORD0000145863,928.53,0,0.05,84.54959826913246,0,1,3,0,0.25,0
ORD0000118436,10933.62,0,0.05,76.41449429480268,0,3,9,0,0.65,0
ORD0000092130,108105.39,0,0.05,80.13757901055946,0,1,4,0,0.85,0
ORD0000011991,38774.9,0,0.154,75.55843110998514,1,5,13,0,0.85,0
ORD0000135783,2507.23,0,0.2,77.01879313390026,0,2,5,0,0.65,0
ORD0000198425,16038.39,0,0.05,77.34313278120983,0,2,7,0,0.5,0
ORD0000000346,9181.67,0,0.05,73.50563518050504,0,1,4,0,0.85,0
ORD0000109358,20282.69,0,0.05,71.3850527130473,0,2,5,0,0.5,0
ORD0000062077,90453.38,0,0.143,67.80855487602423,0,2,7,0,0.85,0
ORD0000033293,106418.2,1,0.1,64.82645430270624,1,4,10,1,0.85,1
ORD0000171453,52566.81,0,0.05,78.34499671277567,0,3,8,0,0.85,0
ORD0000101698,923.73,0,0.05,76.59342423832523,0,2,5,0,0.15,0
ORD0000176308,408.45,0,0.143,78.27279652784618,0,2,7,0,0.15,0
ORD0000073265,2360.28,1,0.2,69.9543044392611,1,4,10,1,0.65,1
ORD0000013256,8653.27,0,0.286,73.1635444904268,0,2,7,0,0.5,0
ORD0000098235,793.21,0,0.05,77.5460795863699,1,4,11,0,0.35,0
ORD0000146163,62675.34,1,0.333,71.28903155672351,0,1,3,0,0.85,1
ORD0000153990,17712.52,0,0.05,85.97935050493768,0,1,4,0,0.65,0
ORD0000141076,28296.47,1,0.05,60.66620442468379,0,0,2,0,0.3,0
ORD0000065246,1669.87,0,0.091,73.95890491745283,1,4,11,0,0.5,0
ORD0000032744,154.32,0,0.333,84.89502921593181,0,3,9,0,0.35,0
ORD0000226284,19654.16,0,0.05,73.39087409295806,0,2,6,0,0.5,0
ORD0000104729,29110.52,1,0.25,65.4988133080688,0,3,8,1,0.85,1
ORD0000195869,34280.29,0,0.05,81.31683826622789,0,1,4,0,0.3,0
ORD0000150791,16150.62,0,0.25,69.90598164353531,0,1,4,0,0.85,0
ORD0000018248,13640.47,0,0.143,71.05884582114234,0,2,7,0,0.65,0
ORD0000238690,18526.44,0,0.05,79.945378942147,0,1,4,0,0.5,0
ORD0000193336,1280.38,1,0.05,63.66613061986384,0,3,9,1,0.15,0
ORD0000045921,750.81,0,0.05,68.6861497211198,0,2,7,0,0.25,0
ORD0000151050,1147.18,0,0.05,75.30675783902126,0,3,9,0,0.35,0
ORD0000077310,9181.67,0,0.05,77.61872747480425,0,1,4,0,0.85,0
ORD0000122601,56865.78,1,0.05,56.647600705442585,0,2,6,1,0.85,1
ORD0000246201,1305.86,1,0.333,54.96442948324673,0,1,3,0,0.35,0
ORD0000071464,44457.02,0,0.6,72.53710539968628,0,2,5,0,0.85,1
ORD0000219717,4909.11,0,0.125,73.93689073241076,0,3,8,0,0.5,0
ORD0000067670,1296.95,0,0.2,69.06589648775908,0,2,5,0,0.25,0
ORD0000225889,14695.4,0,0.167,80.0960971678744,0,2,6,0,0.85,0
ORD0000231419,1048.82,0,0.111,68.59394948599099,0,3,9,0,0.25,0
ORD0000067557,7690.93,0,0.111,69.40943893918985,0,3,9,0,0.5,0
ORD0000200456,503.16,0,0.25,73.28434668215685,0,3,8,0,0.15,0
ORD0000011050,117075.22,0,0.2,79.9523395328699,0,2,5,0,0.85,0
ORD0000049610,931.48,0,0.25,79.01746906720399,0,1,4,0,0.65,0
ORD0000106931,1301.67,0,0.05,73.1702224203973,0,3,8,0,0.15,0
ORD0000238479,1285.36,0,0.333,62.93619117389498,0,1,3,0,0.15,0
ORD0000082020,1505.62,0,0.167,70.23488613701666,0,2,6,0,0.65,0
ORD0000063208,14807.91,1,0.05,64.24093902746165,0,2,5,1,0.3,1
ORD0000091011,33424.09,0,0.333,69.94841943452927,0,2,6,0,0.85,0
ORD0000094047,17033.33,1,0.25,57.03808476988209,0,1,4,1,0.5,1
ORD0000000996,812.78,1,0.05,58.72453849115498,0,2,5,1,0.25,0
ORD0000140735,4143.38,0,0.05,76.77087170761348,0,3,8,0,0.25,0
ORD0000109602,144634.39,0,0.25,68.88461892140832,0,3,8,0,0.85,0
ORD0000163091,3515.59,1,0.143,70.57543072605621,0,2,7,1,0.25,0
ORD0000209094,1507.56,1,0.05,59.381087144516854,0,2,6,1,0.15,1
ORD0000158266,136.11,0,0.05,70.06834360340159,0,0,1,0,0.35,0
ORD0000072867,647.05,0,0.167,76.83389692525128,0,2,6,0,0.15,0
ORD0000020612,82202.05,0,0.125,73.60001919088849,0,3,8,0,0.85,0
ORD0000212043,16226.76,1,0.05,59.878145404018355,0,3,9,1,0.85,1
ORD0000085656,1819.01,0,0.273,72.31278450462564,1,4,11,0,0.25,0
ORD0000157585,400.29,0,0.05,65.57856831194722,0,1,4,0,0.35,0
ORD0000198431,10304.6,0,0.125,81.82504989400276,0,3,8,0,0.65,0
ORD0000197258,2150.43,1,0.05,73.15597444210644,0,1,3,0,0.65,0
ORD0000092806,35534.2,0,0.05,75.67338725458758,0,2,5,0,0.85,0
ORD0000107144,32687.29,1,0.05,66.12542430819057,0,2,5,1,0.85,1
ORD0000162623,21118.04,0,0.4,74.53373428918023,0,2,5,0,0.3,0
ORD0000142569,418.19,0,0.05,79.20177817171547,0,2,6,0,0.15,0
ORD0000017694,16038.17,0,0.333,75.92480298689757,0,2,6,0,0.85,0
ORD0000013496,6488.04,0,0.05,77.51196104966155,0,2,6,0,0.3,0
ORD0000075610,18823.7,1,0.091,50.194852836052576,0,3,9,1,0.3,1
ORD0000235441,8654.67,0,0.125,74.06616263351683,0,3,8,0,0.3,0
ORD0000153120,1551.55,0,0.05,80.30682869127973,0,0,1,0,0.65,0
ORD0000140090,58181.16,0,0.05,74.6189275975981,0,3,9,0,0.85,0
ORD0000246118,92500.36,0,0.05,68.43340861665556,0,2,7,0,0.85,0
ORD0000133783,1541.29,0,0.05,78.55822279196062,0,2,7,0,0.15,0
ORD0000011435,123539.34,0,0.167,76.75192040005581,0,2,6,0,0.85,0
ORD0000171725,3651.11,0,0.25,77.34175959847309,0,1,4,0,0.65,0
ORD0000197460,70869.81,1,0.143,67.08459228690685,0,2,7,1,0.85,1
ORD0000129207,922.45,1,0.125,67.86220148320625,0,3,8,1,0.25,0
ORD0000096755,20767.42,1,0.167,70.90596580001929,0,2,6,1,0.3,1
ORD0000109388,9014.82,1,0.05,65.91830310085044,1,4,12,1,0.65,1
ORD0000230431,1209.57,1,0.05,70.82827175522024,0,3,8,1,0.5,0
ORD0000162523,57446.79,0,0.05,78.51759730730578,0,3,8,0,0.3,0
ORD0000145785,1447.83,0,0.05,78.74086171886893,0,2,5,0,0.15,0
ORD0000082435,853.83,0,0.1,73.37412543341975,1,4,10,0,0.5,0
ORD0000200928,21910.32,1,0.05,60.94651151468061,0,1,4,1,0.3,1
ORD0000023233,15222.8,1,0.2,60.659029612615115,0,2,5,1,0.65,1
ORD0000133597,4143.12,0,0.143,73.4702971325302,0,2,7,0,0.65,0
ORD0000169217,1356.53,1,0.4,69.20640728470012,0,2,5,1,0.15,1
ORD0000109041,91561.43,0,0.2,77.57260115105673,0,2,5,0,0.85,0
ORD0000190913,8557.9,0,0.05,74.6105571727115,0,3,8,0,0.5,0
ORD0000120982,1941.75,1,0.286,58.140116399260286,0,2,7,1,0.65,1
ORD0000235611,1468.86,1,0.2,67.6299022276145,0,2,5,1,0.25,0
ORD0000141281,1604.59,1,0.125,65.43414901797294,0,2,5,1,0.65,1
ORD0000162304,18128.31,0,0.667,78.85735981288342,0,1,3,0,0.85,1
ORD0000169368,17315.21,0,0.05,77.66668015751306,0,0,2,0,0.5,0
ORD0000062250,31643.9,0,0.05,65.82919481566327,0,0,2,0,0.5,0
ORD0000066363,8960.22,0,0.2,74.30425051923588,0,2,5,0,0.3,0
ORD0000144448,3413.41,1,0.143,62.246636637728884,0,2,7,1,0.65,1
ORD0000237914,307.01,0,0.05,77.16246670142874,0,3,9,0,0.15,0
ORD0000031409,395.86,1,0.071,68.1105245140349,0,3,8,1,0.35,0
ORD0000143948,1532.17,1,0.05,63.715398450005814,0,3,8,1,0.15,1
ORD0000014213,122081.43,0,0.05,83.2959196149117,0,2,5,0,0.85,0
ORD0000061043,49147.48,1,0.05,65.47044138520766,0,1,4,1,0.85,1
ORD0000062316,1037.65,0,0.143,73.07762763071365,0,2,7,0,0.15,0
ORD0000212918,1947.06,1,0.05,63.20544591595537,0,2,7,1,0.85,1
ORD0000241788,10775.51,0,0.05,75.8802627597974,0,2,5,0,0.5,0
ORD0000045492,18027.57,0,0.05,74.89906252104852,0,2,6,0,0.3,0
ORD0000059460,8107.87,1,0.05,62.198225569659144,0,2,5,1,0.5,1
ORD0000137905,64769.18,0,0.167,66.93503784870245,0,2,6,0,0.5,0
ORD0000013164,105965.56,0,0.05,70.93781959818665,0,3,8,0,0.85,0
ORD0000220533,5240.38,0,0.05,78.74960615749019,0,1,4,0,0.15,0
ORD0000211399,4739.63,0,0.05,84.55375343654973,0,3,8,0,0.65,0
ORD0000104925,52666.81,0,0.05,64.31598777494122,0,3,8,0,0.85,0
ORD0000150744,15407.12,1,0.05,65.53125300777933,0,2,5,1,0.85,1
ORD0000047617,9688.08,0,0.05,68.18291040061402,0,2,6,0,0.65,0
ORD0000078967,97547.18,0,0.25,75.58954446779003,0,1,4,0,0.85,0
ORD0000061927,2011.56,0,0.143,84.00121575091288,0,2,7,0,0.15,0
ORD0000055689,73602.19,0,0.25,70.60164148026143,0,1,4,0,0.85,0
ORD0000079809,23453.71,0,0.25,69.29996030978111,0,1,4,0,0.3,0
ORD0000027463,42719.26,0,0.2,82.4482404400206,0,2,5,0,0.5,0
ORD0000097996,4662.83,1,0.286,58.08394708997323,0,2,7,1,0.5,1
ORD0000017798,1919.01,0,0.111,75.33139235095089,0,3,9,0,0.25,0
ORD0000102631,610.65,0,0.05,65.37847792093977,0,2,7,0,0.15,0
ORD0000085744,12098.37,0,0.1,76.84899964441622,0,2,7,0,0.85,0
ORD0000057153,10965.89,1,0.05,64.04991535849028,0,2,5,1,0.3,1
ORD0000178487,44462.82,0,0.333,69.89192598148733,0,3,9,0,0.85,0
ORD0000086129,4163.78,0,0.25,76.54220586991372,0,3,8,0,0.15,0
ORD0000026201,62974.0,0,0.05,78.46293852257764,0,2,6,0,0.85,0
ORD0000121921,1153.38,1,0.25,66.42331122377901,0,3,8,1,0.25,0
ORD0000113140,34418.76,0,0.5,72.44110226166212,0,2,6,0,0.3,0
ORD0000053242,132841.56,1,0.286,70.69014545662257,0,2,7,1,0.85,1
ORD0000062402,10651.67,0,0.05,68.88379768744666,0,2,5,0,0.5,0
ORD0000141309,16088.17,1,0.05,66.93309674442015,0,1,3,0,0.85,0
ORD0000112826,5405.32,1,0.214,59.59993644513509,1,5,14,1,0.65,1
ORD0000145504,1362.84,0,0.05,66.20172654973359,0,2,5,0,0.65,0
ORD0000128071,154675.02,0,0.429,70.43832343791647,0,2,7,0,0.85,1
ORD0000120549,32687.29,1,0.05,62.26421394735012,0,2,7,1,0.85,1
ORD0000172915,2622.46,1,0.333,66.95332018670551,1,4,12,1,0.85,1
ORD0000158647,132711.56,0,0.05,70.55172391378055,0,1,4,0,0.85,0
ORD0000001576,1901.71,0,0.125,62.38115882012037,0,3,8,0,0.25,0
ORD0000200671,67319.63,0,0.167,74.93928743849784,0,2,6,0,0.85,0
ORD0000056666,3694.16,1,0.143,66.11675560600207,1,4,10,1,0.25,1
ORD0000147872,10895.81,1,0.1,55.563238310818875,1,4,10,1,0.65,1
ORD0000156545,2590.92,0,0.05,75.08585981399695,0,2,7,0,0.25,0
ORD0000215886,4556.39,0,0.05,74.13928271830127,0,2,6,0,0.65,0
ORD0000249737,62598.0,0,0.05,68.61477672583203,1,4,11,0,0.85,0
ORD0000240741,55579.78,0,0.2,77.51382302835415,0,2,5,0,0.85,0
ORD0000242839,28284.52,1,0.05,64.97760176785687,0,1,4,1,0.65,1
ORD0000239639,825.31,0,0.05,76.01125210151176,0,2,6,0,0.35,0
ORD0000116014,25192.56,0,0.05,75.51336596423947,0,1,3,0,0.85,0
ORD0000148424,51771.15,1,0.05,61.12236623955231,0,3,9,1,0.85,1
ORD0000169355,88542.76,0,0.143,73.12784083945296,0,2,7,0,0.85,0
ORD0000131466,2719.71,0,0.05,76.55058284353684,0,3,9,0,0.35,0
ORD0000179077,90552.07,1,0.05,62.71546186218387,0,2,7,1,0.85,1
ORD0000134861,209.26,1,0.05,76.7959851197764,0,2,7,1,0.35,0
ORD0000050265,1595.24,0,0.2,79.32712332340385,0,2,5,0,0.65,0
ORD0000188200,9029.03,0,0.5,73.735372815182,0,0,2,0,0.3,0
ORD0000046465,5561.23,1,0.111,52.9024479869053,0,3,9,1,0.3,1
ORD0000199174,1407.44,1,0.05,56.85641918101194,0,2,5,1,0.35,0
ORD0000243751,146197.68,0,0.05,66.49259398574532,0,3,8,0,0.85,0
ORD0000090921,5200.17,0,0.05,74.77577272936738,0,2,6,0,0.5,0
ORD0000126189,4445.03,0,0.111,67.5465544672724,0,3,9,0,0.65,0
ORD0000119513,7847.77,0,0.091,78.933640865899,1,4,11,0,0.5,0
ORD0000085317,10623.53,0,0.05,79.04789706523862,0,2,6,0,0.65,0
ORD0000128239,2099.61,0,0.143,78.32123658902346,0,2,5,0,0.65,0
ORD0000083803,114837.47,0,0.333,68.69760554932276,0,3,9,0,0.85,0
ORD0000162218,34081.56,0,0.05,79.89475340262699,0,2,7,0,0.85,0
ORD0000047704,4616.0,0,0.143,73.56779963540235,0,2,7,0,0.3,0
ORD0000210200,1203.48,0,0.25,81.10332183712426,0,1,4,0,0.65,0
ORD0000223968,1827.96,0,0.05,86.57244144578283,0,1,3,0,0.15,0
ORD0000117449,27118.43,0,0.4,74.92380441931682,0,2,5,0,0.5,0
ORD0000194803,48010.06,0,0.111,76.24083799499374,0,3,9,0,0.85,0
ORD0000030662,873.3,0,0.05,72.37931835894584,0,2,7,0,0.15,0
ORD0000114677,44721.3,0,0.05,79.32976606609871,0,2,6,0,0.3,0
ORD0000070757,600.53,0,0.125,78.93829126359608,0,3,8,0,0.25,0
ORD0000161365,137481.84,1,0.111,66.29767181016808,0,3,9,1,0.85,1
ORD0000114655,21666.13,1,0.05,59.72241536157773,0,3,8,1,0.85,1
ORD0000152909,3469.8,1,0.333,59.95993196963401,0,2,6,1,0.65,1
ORD0000230392,58537.61,1,0.3,68.33400094605464,1,4,10,1,0.85,1
ORD0000013312,12967.2,0,0.333,70.38996094222611,0,2,6,0,0.65,0
ORD0000157099,106011.51,0,0.05,79.84221411754491,0,3,9,0,0.85,0
ORD0000151964,1362.84,0,0.2,77.29637805966345,0,2,5,0,0.65,0
ORD0000087928,2678.82,0,0.05,68.13441033413676,0,3,9,0,0.65,0
ORD0000154938,4398.06,0,0.05,74.05193691882369,0,1,4,0,0.15,0
ORD0000008255,7664.23,0,0.05,72.47613579123097,0,1,4,0,0.5,0
ORD0000067928,15748.3,0,0.125,73.31955049414266,0,3,8,0,0.3,0
ORD0000021607,712.56,1,0.05,59.19358044025913,0,2,7,1,0.15,0
ORD0000067347,4623.87,0,0.125,81.14486456593279,0,3,8,0,0.15,0
ORD0000095089,25192.56,0,0.05,71.97071865798601,0,3,8,0,0.85,0
ORD0000096813,11597.19,1,0.05,65.4037629638222,0,2,6,1,0.85,1
ORD0000108035,288.86,0,0.05,74.91315419308577,0,2,5,0,0.35,0
ORD0000051424,13572.44,0,0.188,80.49983045251686,0,3,8,0,0.65,0
ORD0000078431,310.89,0,0.167,73.99333734024759,0,2,6,0,0.35,0
ORD0000237403,87398.05,1,0.05,58.27902235881476,0,3,8,1,0.85,1
ORD0000008572,643.26,0,0.167,71.34920407037079,0,2,6,0,0.65,0
ORD0000047967,10372.33,0,0.05,65.03825197419918,0,3,9,0,0.65,0
ORD0000127183,1963.6,1,0.182,62.927447374221266,1,4,11,1,0.15,1
ORD0000021891,3948.33,0,0.125,73.96588372751343,0,3,8,0,0.25,0
ORD0000078230,2861.64,0,0.2,73.70183729873243,1,4,10,0,0.3,0
ORD0000160085,25207.58,1,0.111,66.65462803085138,0,3,9,1,0.3,1
ORD0000182912,876.35,0,0.111,75.4624485154359,0,3,9,0,0.15,0
ORD0000014642,75512.59,0,0.222,73.98449268146888,0,3,9,0,0.85,0
ORD0000086001,5369.46,0,0.2,66.98096314610815,1,4,10,0,0.15,0
ORD0000163301,79888.91,0,0.05,86.1594670052308,0,3,8,0,0.85,0
ORD0000183186,7703.56,0,0.167,77.25610808877326,0,2,6,0,0.85,0
ORD0000015902,380.92,0,0.125,77.30597177045762,0,3,8,0,0.65,0
ORD0000214992,15748.4,0,0.143,77.81626543514972,0,2,7,0,0.85,0
ORD0000092147,6116.47,0,0.167,75.66348697640184,0,2,6,0,0.65,0
ORD0000154561,1373.64,0,0.111,76.0839627895989,0,3,9,0,0.15,0
ORD0000084278,1078.43,0,0.2,76.64665662732564,0,2,5,0,0.15,0
ORD0000035550,53741.1,0,0.5,64.86832030399613,0,0,2,0,0.85,0
ORD0000141994,3139.71,0,0.2,66.90419316870707,0,2,5,0,0.5,0
ORD0000036605,44470.4,1,0.05,66.46963367752618,0,3,9,1,0.3,1
ORD0000155888,4705.22,0,0.333,72.32469093900195,0,2,6,0,0.65,0
ORD0000246384,46813.85,0,0.333,71.07190989708377,0,2,6,0,0.85,0
ORD0000237496,5936.1,1,0.05,63.18490349175437,0,2,5,1,0.5,1
ORD0000115381,11048.58,0,0.05,72.1197444508525,0,2,6,0,0.65,0
ORD0000164235,11820.65,0,0.087,76.93715293557872,1,6,15,0,0.5,0
ORD0000188985,71480.1,0,0.05,68.03843401588861,1,4,10,0,0.85,0
ORD0000238671,20147.93,0,0.2,80.6626929758344,0,2,5,0,0.3,0
ORD0000190060,2230.81,0,0.2,77.9073418550465,0,2,5,0,0.65,0
ORD0000063315,4110.1,1,0.05,68.49910539892156,1,4,10,1,0.65,1
ORD0000230625,9676.68,0,0.111,72.46437166296394,0,3,9,0,0.65,0
ORD0000192374,297.07,0,0.333,77.50032220311152,0,2,6,0,0.65,0
ORD0000001518,11122.03,1,0.05,72.32192137789396,0,1,3,0,0.65,0
ORD0000029124,100832.01,1,0.05,73.72105066635413,0,2,5,1,0.85,1
ORD0000237354,2180.65,0,0.143,83.21637519055179,0,1,4,0,0.65,0
ORD0000168547,9400.82,1,0.05,69.04264525886933,0,2,5,1,0.65,1
ORD0000135196,51387.15,1,0.25,59.24017365222218,0,3,8,1,0.85,1
ORD0000139898,2534.37,0,0.05,70.21539144834462,0,3,8,0,0.65,0
ORD0000147377,971.91,1,0.05,66.94717810454598,0,2,7,1,0.35,0
ORD0000171811,1468.86,0,0.05,65.70966694228255,0,1,4,0,0.25,0
ORD0000103284,10746.1,0,0.05,63.82835188366092,0,2,6,0,0.65,0
ORD0000005305,79888.91,0,0.05,78.43346141431611,0,2,7,0,0.85,0
ORD0000127330,1148.29,0,0.2,72.54369435507873,0,2,5,0,0.35,0
ORD0000157743,9901.8,0,0.05,74.88297747189226,0,1,4,0,0.65,0
ORD0000119128,16996.77,0,0.05,74.63128744133279,1,5,13,0,0.5,0
ORD0000012724,14864.77,1,0.222,72.77127115953238,0,3,9,1,0.5,1
ORD0000067921,862.35,0,0.167,73.35267753739505,0,2,6,0,0.15,0
ORD0000221137,10615.62,0,0.2,76.89554092610469,1,4,10,0,0.3,0
ORD0000088153,35584.2,0,0.143,70.76136179208191,0,2,7,0,0.85,0
ORD0000129219,7671.69,1,0.05,74.05427013447022,0,0,2,0,0.65,0
ORD0000022324,80352.44,0,0.2,71.4570807169279,0,2,5,0,0.85,0
ORD0000059070,750.16,1,0.4,62.89998900734457,0,2,5,1,0.15,1
ORD0000098319,31795.68,0,0.05,78.79296708362399,0,2,7,0,0.85,0
ORD0000195132,21566.13,0,0.05,79.45331946552744,0,2,5,0,0.85,0
ORD0000166507,3594.87,0,0.125,68.33591351600576,0,3,8,0,0.65,0
ORD0000233876,919.03,0,0.05,70.53296288530352,0,2,6,0,0.3,0
ORD0000058265,89833.58,0,0.111,73.12179259592502,0,3,9,0,0.85,0
ORD0000031929,584.8,0,0.05,74.33952805046759,0,2,5,0,0.35,0
ORD0000201740,33424.09,0,0.091,76.38872802563607,1,4,11,0,0.85,0
ORD0000048422,61819.67,0,0.125,69.52505413457756,0,3,8,0,0.85,0
ORD0000127826,1702.32,1,0.05,66.45213064172283,0,2,6,1,0.5,1
ORD0000189778,11373.81,1,0.05,59.47302442422374,0,3,9,1,0.3,1
ORD0000237890,202042.53,0,0.05,74.88928680127707,0,2,6,0,0.85,0
ORD0000111214,23769.32,0,0.143,68.15299618358297,0,2,7,0,0.85,0
ORD0000036378,4681.51,0,0.2,70.41887958002685,0,2,5,0,0.85,0
ORD0000119830,136422.06,0,0.05,78.70240620681295,0,1,4,0,0.85,0
ORD0000247027,1653.41,1,0.25,64.44424630678938,0,1,4,1,0.35,1
ORD0000043673,265.06,1,0.05,65.18762436143155,0,2,7,1,0.15,0
ORD0000224234,461.51,1,0.188,75.4102676253767,1,5,13,1,0.15,0
ORD0000223091,7946.26,1,0.375,65.68295736148308,0,3,8,1,0.3,1
ORD0000028717,248.49,0,0.333,67.36544929060726,0,1,3,0,0.15,0
ORD0000014590,47315.14,0,0.286,66.44602352421448,0,2,7,0,0.85,0
ORD0000239751,8948.13,1,0.05,72.69836580218308,0,2,7,1,0.65,1
ORD0000197531,2293.63,0,0.05,79.75267624379934,0,2,6,0,0.25,0
ORD0000084672,1514.41,0,0.111,82.13086627389978,0,3,9,0,0.65,0
ORD0000085397,6737.35,0,0.143,72.13267325814873,0,2,7,0,0.65,0
ORD0000012800,3321.74,0,0.2,83.0404043835343,0,2,5,0,0.65,0
ORD0000074704,6054.01,0,0.333,69.66781784948485,0,2,6,0,0.3,0
ORD0000003081,5214.67,0,0.125,83.47137812101437,0,3,8,0,0.85,0
ORD0000040778,2469.61,0,0.2,70.19330584613512,0,2,5,0,0.65,0
ORD0000174130,384.66,1,0.05,61.144466303482595,0,2,6,1,0.15,0
ORD0000115717,30125.43,1,0.125,64.70020865837435,0,3,8,1,0.65,1
ORD0000192849,346.98,0,0.05,76.39612894441568,0,2,6,0,0.15,0
ORD0000014112,408.1,0,0.05,76.68287586783399,0,2,6,0,0.35,0
ORD0000100250,18674.21,1,0.143,61.040649176023976,0,2,7,1,0.3,1
ORD0000061407,17895.21,0,0.25,71.45231283409171,0,1,4,0,0.85,0
ORD0000049758,146919.0,0,0.05,83.46054527303534,0,2,7,0,0.85,0
ORD0000056824,1014.92,1,0.05,66.06032415048884,0,2,5,1,0.35,0
ORD0000121468,11445.28,0,0.333,77.80866382395405,0,2,6,0,0.65,0
ORD0000248637,90503.38,0,0.05,76.77562150989031,0,2,7,0,0.85,0
ORD0000045512,38594.63,0,0.05,79.9839129760943,0,2,6,0,0.85,0
ORD0000095418,8434.23,1,0.167,62.9961088165209,1,4,12,1,0.65,1
ORD0000032090,8112.18,0,0.05,76.67093112625712,0,1,4,0,0.65,0
ORD0000217364,822.44,0,0.4,87.38581486369826,0,2,5,0,0.35,0
ORD0000141951,9077.27,0,0.167,79.85216792899806,0,2,6,0,0.5,0
ORD0000003577,31196.64,1,0.111,66.8154763053655,0,3,9,1,0.3,1
ORD0000092949,7507.56,1,0.2,66.05100950518148,0,2,5,1,0.65,1
ORD0000013869,123191.16,1,0.286,64.29571960548692,0,2,7,1,0.85,1
ORD0000006459,4238.68,0,0.125,70.3477962705719,1,4,10,0,0.3,0
ORD0000234858,173295.42,0,0.05,74.65357184427985,0,3,8,0,0.85,0
ORD0000072702,12445.9,0,0.05,71.16391593087295,0,2,7,0,0.3,0
ORD0000005631,9163.66,0,0.05,72.6890266221793,0,1,4,0,0.65,0
ORD0000188658,5965.07,0,0.05,77.21214425084888,0,3,8,0,0.85,0
ORD0000028057,3315.8,1,0.05,61.01379760177934,1,4,10,1,0.25,1
ORD0000232860,36737.59,1,0.1,62.4009669866503,1,4,10,1,0.85,1
ORD0000109360,59651.78,0,0.143,78.44893852900177,0,2,7,0,0.85,0
ORD0000216449,42355.0,0,0.167,78.67620589637295,0,2,6,0,0.3,0
ORD0000144135,1111.36,0,0.5,82.9147266008837,0,0,2,0,0.15,0
ORD0000212516,2514.04,1,0.05,67.39950789224063,0,2,5,1,0.25,1
ORD0000177886,117238.01,0,0.05,79.77216783484278,0,3,8,0,0.85,0
ORD0000209533,10656.23,1,0.333,66.30905617121773,0,1,3,0,0.5,0
ORD0000016612,1963.6,0,0.05,76.05393990928826,0,2,7,0,0.15,0
ORD0000073474,97547.18,1,0.05,63.13658351488779,0,3,8,1,0.85,1
ORD0000235917,3234.36,1,0.05,66.68977429253789,0,3,9,1,0.3,1
ORD0000134544,961.98,1,0.05,65.96070059902532,0,1,4,1,0.3,0
ORD0000084945,37229.06,0,0.25,72.70804516993057,0,1,4,0,0.3,0
ORD0000096604,62675.34,0,0.143,71.61376555205956,0,2,7,0,0.85,0
ORD0000108979,18059.23,1,0.05,64.98605661352163,0,3,8,1,0.5,1
ORD0000244582,274684.29,0,0.05,79.59070037955951,0,2,5,0,0.85,0
ORD0000164392,54213.93,1,0.25,62.00280428520172,0,3,8,1,0.85,1
ORD0000114154,11303.14,0,0.4,64.99400665270285,0,2,5,0,0.65,0
ORD0000229108,5225.78,1,0.05,54.465880538069726,0,2,5,1,0.85,1
ORD0000046232,107536.62,0,0.143,75.73726071492456,0,1,4,0,0.85,0
ORD0000125929,7248.81,0,0.143,76.69430811853847,0,2,7,0,0.5,0
ORD0000029044,20478.66,1,0.05,61.08063694086797,1,4,10,1,0.65,1
ORD0000037597,933.98,0,0.429,79.23979679701013,0,2,7,0,0.35,0
ORD0000080963,17597.35,0,0.05,68.88689111688794,0,2,6,0,0.3,0
ORD0000207760,63611.4,0,0.143,76.37930954804864,0,2,7,0,0.85,0
ORD0000125899,23826.7,0,0.05,65.19788872801765,0,1,3,0,0.85,0
ORD0000095451,22335.31,1,0.111,70.74117815408871,0,3,9,1,0.85,1
ORD0000154394,3785.16,0,0.05,82.38536226854535,0,2,7,0,0.5,0
ORD0000211784,85423.62,0,0.2,70.74382658162352,0,2,5,0,0.85,0
ORD0000146207,1353.45,0,0.2,76.52505358268881,0,2,5,0,0.15,0
ORD0000156616,232012.53,0,0.182,75.10461175620092,1,4,11,0,0.85,0
ORD0000019773,1751.39,0,0.05,75.85971825741056,0,2,5,0,0.25,0
ORD0000162818,9050.9,1,0.125,59.244163960605505,0,3,8,1,0.3,1
ORD0000054609,30563.58,1,0.2,74.14955721384518,0,2,5,1,0.3,1
ORD0000140840,2240.24,1,0.25,51.7033614383826,0,1,4,1,0.25,1
ORD0000155454,9488.75,1,0.05,78.30236448532615,0,3,9,1,0.65,1
ORD0000225184,49802.78,1,0.2,64.93792084734433,0,2,5,1,0.85,1
ORD0000003604,750.81,1,0.05,67.1535853777106,0,2,7,1,0.25,0
ORD0000153791,3622.36,1,0.1,70.15613132311505,1,4,10,1,0.25,1
ORD0000185102,23781.32,0,0.125,70.8031390968854,0,3,8,0,0.85,0
ORD0000193529,2369.75,0,0.05,72.09062838349304,0,2,7,0,0.15,0
ORD0000131354,107102.51,1,0.167,66.23334276015385,0,2,6,1,0.85,1
ORD0000115546,4848.56,0,0.111,75.2820775930124,0,3,9,0,0.65,0
ORD0000211482,10285.7,0,0.111,73.11021729714923,0,3,9,0,0.85,0
ORD0000047458,37196.63,0,0.05,69.43610092633834,0,3,8,0,0.85,0
ORD0000155832,19898.65,1,0.083,67.84132628524718,1,4,12,1,0.5,1
ORD0000024935,7447.75,1,0.05,64.76491937140305,0,2,5,1,0.65,1
ORD0000241300,26486.98,0,0.05,69.01458600923222,0,1,4,0,0.3,0
ORD0000003008,1595.24,1,0.05,57.38477469385143,0,3,8,1,0.65,1
ORD0000194827,39992.55,0,0.25,71.57460547416055,0,1,4,0,0.85,0
ORD0000194858,16529.63,0,0.05,69.99820263329939,0,2,5,0,0.3,0
ORD0000223566,111947.04,0,0.05,74.7949788074298,0,2,6,0,0.85,0
ORD0000233118,63667.32,0,0.05,71.79854378198509,0,3,9,0,0.85,0
ORD0000118780,2360.28,1,0.2,69.9937016788664,0,2,5,1,0.65,1
ORD0000240180,172.64,0,0.2,72.70948592504742,1,4,10,0,0.35,0
ORD0000090371,843.01,1,0.25,59.19626533338291,0,3,8,1,0.15,1
ORD0000227604,665.31,0,0.2,77.3122720685641,0,2,5,0,0.35,0
ORD0000050105,6777.07,0,0.05,71.40504011243561,0,1,4,0,0.5,0
ORD0000027681,4073.78,0,0.05,68.76973519563202,0,2,5,0,0.65,0
ORD0000003425,13471.35,0,0.05,79.88089574935437,0,2,5,0,0.3,0
ORD0000098946,5156.55,1,0.05,66.27833788288136,0,2,5,1,0.85,1
ORD0000189021,56260.73,0,0.2,75.98165481005331,0,2,5,0,0.85,0
ORD0000187029,2054.21,0,0.05,73.14563028604634,0,2,5,0,0.15,0
ORD0000218391,7602.36,1,0.3,74.22528464034028,1,4,10,1,0.65,1
ORD0000019664,3352.12,0,0.125,82.48057283443217,0,3,8,0,0.65,0
ORD0000242962,8178.3,0,0.25,76.55123007395278,0,1,4,0,0.65,0
ORD0000213804,3030.7,1,0.05,64.19430388900007,0,3,8,1,0.65,1
ORD0000046724,1643.08,0,0.2,73.09123411119354,0,2,5,0,0.25,0
ORD0000124751,4405.18,0,0.05,79.35174803146356,0,2,7,0,0.3,0
ORD0000136096,8969.98,0,0.05,77.91218102940375,0,3,8,0,0.65,0
ORD0000074476,6914.39,0,0.05,76.3021375467267,0,2,7,0,0.3,0
ORD0000220941,1604.59,0,0.143,70.971621134598,0,2,7,0,0.65,0
ORD0000149138,4825.91,0,0.3,80.80964527642983,1,4,10,0,0.85,0
ORD0000123623,867.2,0,0.1,68.70473080293746,1,4,10,0,0.35,0
ORD0000150329,39684.32,0,0.091,78.10966120531998,1,4,11,0,0.3,0
ORD0000001423,16150.62,1,0.5,62.06514384310758,0,0,2,0,0.85,1
ORD0000017915,1006.22,0,0.286,70.37050415481679,0,2,7,0,0.35,0
ORD0000184346,7771.38,1,0.05,57.25864472117605,0,2,6,1,0.5,1
ORD0000003892,61821.01,0,0.4,71.33226166944945,0,2,5,0,0.85,0
ORD0000033456,8963.4,0,0.143,75.2667582706629,0,2,7,0,0.5,0
ORD0000043099,1299.1,1,0.25,74.75186999470827,0,3,8,1,0.3,1
ORD0000081878,2778.82,0,0.333,85.25752446907812,0,1,3,0,0.65,0
ORD0000219118,34017.19,0,0.05,69.33012746692569,0,2,6,0,0.3,0
ORD0000133658,2557.23,0,0.5,78.23975249269608,0,0,2,0,0.65,0
ORD0000065648,16516.41,1,0.091,66.89182319462226,1,4,11,1,0.5,1
ORD0000019760,10429.4,0,0.5,67.52158712824313,0,0,2,0,0.65,0
ORD0000043801,10615.62,0,0.125,66.79510469409286,0,3,8,0,0.3,0
ORD0000084204,705.85,1,0.1,55.147832429646364,1,4,10,1,0.35,1
ORD0000074491,6713.9,0,0.286,69.95131724980888,0,2,7,0,0.65,0
ORD0000102124,49892.25,0,0.222,68.71909910754466,0,3,9,0,0.3,0
ORD0000043995,2981.12,1,0.05,60.43751945877588,0,1,3,0,0.3,0
ORD0000039316,27403.11,0,0.077,69.6745008882607,1,5,13,0,0.3,0
ORD0000056879,2080.65,0,0.05,84.16580441471932,0,3,8,0,0.65,0
ORD0000062020,6940.42,0,0.05,74.40254436504985,0,0,2,0,0.5,0
ORD0000165886,21666.13,0,0.2,76.74782062342616,0,2,5,0,0.85,0
ORD0000021903,23968.1,0,0.05,75.27854844922908,0,2,7,0,0.5,0
ORD0000185556,188155.98,1,0.167,69.24320619640719,0,2,6,1,0.85,1
ORD0000042099,101522.6,0,0.05,77.65028648033346,0,2,6,0,0.85,0
ORD0000215433,1005.78,0,0.05,70.64375817131393,0,3,9,0,0.15,0
ORD0000210821,3914.36,0,0.235,73.21905340278093,1,4,11,0,0.65,0
ORD0000174680,909.08,1,0.05,56.500536242421425,0,3,8,1,0.15,0
ORD0000166027,18978.05,0,0.143,73.43484758094428,0,2,7,0,0.5,0
ORD0000198301,14669.48,0,0.133,78.02785734059401,0,1,3,0,0.85,0
ORD0000130139,48223.7,1,0.05,57.51244458049017,0,2,7,1,0.5,1
ORD0000064488,54936.62,1,0.4,63.442571304018244,0,2,5,1,0.85,1
ORD0000061044,11955.42,1,0.2,65.70839127109716,0,2,5,1,0.65,1
ORD0000053929,26423.69,0,0.05,75.32171983395182,0,1,4,0,0.85,0
ORD0000000626,15029.58,0,0.2,78.86132999451684,0,2,5,0,0.3,0
ORD0000036220,7292.58,1,0.05,62.390105389387216,0,2,6,1,0.25,1
ORD0000221056,1786.86,0,0.05,81.0644272232056,0,2,7,0,0.35,0
ORD0000064926,43075.89,0,0.05,73.97103837175707,0,3,9,0,0.85,0
ORD0000220953,35531.03,1,0.154,63.85903365560181,0,2,7,1,0.85,1
ORD0000123827,14362.72,0,0.2,72.9876365989413,0,2,5,0,0.65,0
ORD0000081320,318.72,0,0.25,67.91738744166544,0,1,4,0,0.15,0
ORD0000055286,6104.79,1,0.25,64.9078072627284,0,1,4,1,0.65,1
ORD0000137609,12693.43,1,0.167,60.47657364777847,0,2,6,1,0.5,1
ORD0000139167,62675.34,0,0.05,76.91445512446927,0,2,6,0,0.85,0
ORD0000113664,4886.48,1,0.05,58.3802999378717,0,3,8,1,0.3,1
ORD0000131846,43542.31,0,0.05,77.54994283228419,0,2,5,0,0.85,0
ORD0000023325,54131.63,0,0.05,68.54682707693813,0,2,5,0,0.85,0
ORD0000186108,73565.23,1,0.182,64.27843967299958,0,2,5,1,0.85,1
ORD0000157947,393.09,0,0.05,74.04244653807677,0,1,4,0,0.15,0
ORD0000120534,245.9,0,0.143,75.48389638784342,0,2,7,0,0.15,0
ORD0000237913,2576.42,0,0.05,79.38783627524185,1,4,10,0,0.25,0
ORD0000144583,13612.06,0,0.05,73.89090892269468,0,1,4,0,0.85,0
ORD0000200833,7146.96,1,0.05,72.35417308021397,0,2,6,1,0.65,1
ORD0000163400,38967.27,0,0.05,69.53907947497196,0,2,6,0,0.65,0
ORD0000089522,1045.85,0,0.05,73.22575574847299,0,3,8,0,0.35,0
ORD0000174919,63190.88,1,0.333,63.44922156208624,0,1,3,0,0.85,0
ORD0000216891,9014.82,0,0.05,69.13792227553672,0,2,5,0,0.65,0
ORD0000135076,3933.4,0,0.333,83.34123832884764,0,2,6,0,0.15,0
ORD0000226372,4843.27,0,0.05,72.64472294021944,0,1,4,0,0.65,0
ORD0000097290,9801.8,0,0.167,70.24405073278056,0,2,6,0,0.65,0
ORD0000041721,1332.28,0,0.4,71.37892217103578,0,2,5,0,0.35,0
ORD0000101897,46813.85,0,0.2,67.62042728219087,1,4,10,0,0.85,0
ORD0000004336,14695.4,0,0.05,81.52605167665943,0,1,3,0,0.85,0
ORD0000190966,7502.58,0,0.286,79.68343360373743,0,2,7,0,0.3,0
ORD0000085653,7045.79,0,0.05,67.89283213728494,0,1,4,0,0.65,0
ORD0000160726,1094.49,0,0.154,78.17258313820052,0,2,7,0,0.65,0
ORD0000060800,1301.67,0,0.571,69.09315230943005,0,2,7,0,0.15,0
ORD0000192141,20283.59,0,0.222,82.61441349044455,0,2,6,0,0.3,0
ORD0000199094,1746.08,0,0.05,73.90301639455373,1,4,10,0,0.25,0
ORD0000116305,3400.71,0,0.143,75.56181448884067,0,2,7,0,0.65,0
ORD0000033054,6492.34,0,0.05,75.69446876518427,0,3,8,0,0.65,0
ORD0000221932,16344.95,0,0.05,81.9921007521839,0,2,5,0,0.5,0
ORD0000177072,10673.53,1,0.05,63.10101586794287,0,2,7,1,0.65,1
ORD0000194582,287.77,1,0.05,71.5574922764035,0,1,4,1,0.15,0
ORD0000151772,36287.8,0,0.05,68.5664479185204,0,1,4,0,0.85,0
ORD0000239362,7993.13,0,0.05,81.85852682926014,0,2,7,0,0.65,0
ORD0000193724,4181.18,1,0.05,60.35608723459033,0,2,5,1,0.25,1
ORD0000189614,73565.23,0,0.05,82.52266695653738,0,2,6,0,0.85,0
ORD0000223495,18704.01,0,0.05,77.76913210131006,0,3,9,0,0.85,0
ORD0000021127,14669.48,0,0.143,69.73693161783197,0,2,7,0,0.85,0
ORD0000162830,1857.98,0,0.111,75.00918544406454,0,3,9,0,0.65,0
ORD0000100348,854.42,0,0.05,72.68462692811147,0,3,9,0,0.65,0
ORD0000216059,7811.18,0,0.667,77.10803726130729,0,1,3,0,0.25,0
ORD0000217819,9181.67,1,0.05,75.56143769569383,0,2,6,1,0.85,1
ORD0000024085,10538.13,0,0.05,67.6722799027817,0,2,6,0,0.65,0
ORD0000009490,62675.34,0,0.25,70.66712187262061,1,4,12,0,0.85,0
ORD0000072122,2416.27,0,0.05,80.85487878336133,0,2,7,0,0.5,0
ORD0000151699,73706.48,0,0.167,77.86816491045585,0,2,6,0,0.3,0
ORD0000220149,6478.86,0,0.2,77.72146901106213,1,4,10,0,0.5,0
ORD0000009079,572.9,0,0.167,75.74782709150502,0,2,6,0,0.15,0
ORD0000136492,1512.49,0,0.05,83.70003150638003,0,3,8,0,0.15,0
ORD0000068953,16290.47,1,0.2,64.26615134752346,0,2,5,1,0.3,1
ORD0000135422,36711.25,0,0.167,77.46828275318687,0,2,6,0,0.3,0
ORD0000126761,90298.48,0,0.05,73.09028833680034,0,1,4,0,0.85,0
ORD0000149844,2668.18,0,0.05,74.05614354799411,0,1,4,0,0.65,0
ORD0000017062,9781.0,0,0.05,78.32945401171978,0,1,3,0,0.85,0
ORD0000234090,954.3,1,0.05,64.14628209176247,0,1,3,0,0.15,0
ORD0000138958,527.29,0,0.05,75.79455722512827,0,2,5,0,0.25,0
ORD0000186354,1505.62,0,0.111,76.9846813239303,0,3,9,0,0.65,0
ORD0000241707,97547.18,0,0.111,73.50977342022037,0,3,9,0,0.85,0
ORD0000054333,26791.49,1,0.125,65.36180610203756,0,3,8,1,0.5,1
ORD0000068904,516.13,0,0.05,70.94812921547104,0,2,6,0,0.35,0
ORD0000226999,61655.85,0,0.75,78.03611304570566,0,1,4,0,0.85,1
ORD0000041093,23194.38,1,0.05,54.74846975276332,1,4,10,1,0.85,1
ORD0000085079,819.22,0,0.05,67.475225145889,0,3,9,0,0.25,0
ORD0000156527,67319.63,0,0.05,74.26314897956173,0,2,7,0,0.85,0
ORD0000037887,57068.88,1,0.1,53.11809475797161,1,4,10,1,0.3,1
ORD0000052637,255.92,1,0.286,67.91903690052857,0,2,7,1,0.35,1
ORD0000180800,780.11,0,0.4,70.63818077071156,0,2,5,0,0.35,1
ORD0000035845,47007.42,1,0.333,64.17762472310558,0,2,6,1,0.3,1
ORD0000184428,10300.75,0,0.05,76.9869501868921,0,2,6,0,0.65,0
ORD0000076599,1280.38,0,0.05,73.38709188426833,0,0,2,0,0.15,0
ORD0000203689,1564.78,1,0.05,67.4628893882496,0,1,3,0,0.35,0
ORD0000016896,30012.32,0,0.2,68.04239190855037,0,2,5,0,0.3,0
ORD0000171565,11826.1,0,0.091,74.79018793751737,1,4,11,0,0.65,0
ORD0000014949,931.48,1,0.25,62.34908099768143,0,1,4,1,0.65,1
ORD0000153801,1827.96,0,0.125,72.64998214495347,0,3,8,0,0.15,0
ORD0000021138,22673.3,0,0.2,75.61714777642558,0,2,5,0,0.85,0
ORD0000102210,518.44,1,0.05,69.82154130525394,0,3,8,1,0.35,0
ORD0000044761,33366.09,0,0.167,62.916014470861185,0,2,6,0,0.65,0
ORD0000128829,7634.25,1,0.167,66.16816301916435,0,2,6,1,0.65,1
ORD0000185736,4734.59,0,0.05,74.92113145371556,0,2,5,0,0.65,0
ORD0000217815,54213.93,0,0.05,80.44779938113533,0,3,9,0,0.85,0
ORD0000083705,21118.04,1,0.05,61.587956162909,0,0,1,0,0.3,0
ORD0000081430,5031.56,0,0.25,71.42300108982431,0,1,4,0,0.65,0
ORD0000172943,91261.86,1,0.05,69.60497691856702,0,2,6,1,0.85,1
ORD0000182018,34791.57,0,0.125,72.3886229615131,0,3,8,0,0.85,0
ORD0000153313,356218.98,0,0.05,84.14776270923358,0,1,3,0,0.85,0
ORD0000221465,22457.82,0,0.083,79.2055533168428,1,4,12,0,0.65,0
ORD0000241850,2049.1,0,0.05,83.58741989981647,0,1,3,0,0.25,0
ORD0000149279,90748.81,1,0.05,66.48005986962262,1,4,10,1,0.85,1
ORD0000241128,3273.72,0,0.05,71.58445515813557,0,2,5,0,0.15,0
ORD0000239450,205.47,0,0.05,75.13885050585881,0,1,4,0,0.35,0
ORD0000176961,6054.01,0,0.2,75.61199773749495,0,2,5,0,0.3,0
ORD0000091056,2153.95,1,0.05,60.12122162987921,0,3,9,1,0.65,1
ORD0000006052,40998.54,0,0.05,75.05254466635905,0,1,3,0,0.3,0
ORD0000078535,18553.96,0,0.05,85.64886902303755,1,4,11,0,0.3,0
ORD0000155964,22328.18,0,0.167,77.31763152492336,0,2,6,0,0.5,0
ORD0000072126,442.55,0,0.222,79.3044038301597,0,3,9,0,0.15,0
ORD0000240625,19132.5,0,0.05,69.55580826960927,0,3,8,0,0.5,0
ORD0000002591,30802.76,0,0.05,76.24758057140812,1,4,11,0,0.85,0
ORD0000197822,1100.75,0,0.125,72.23475718440493,0,3,8,0,0.15,0
ORD0000055621,2034.33,0,0.05,62.60288519934316,0,0,2,0,0.25,0
ORD0000001555,9956.63,0,0.05,74.12258491399874,0,2,7,0,0.5,0
ORD0000155187,1167.05,1,0.167,60.522110857891484,0,2,6,1,0.15,0
ORD0000126587,42499.0,0,0.2,75.66422598067346,0,2,5,0,0.3,0
ORD0000048945,332.44,0,0.05,67.71499185259422,0,0,2,0,0.15,0
ORD0000081935,3189.64,0,0.091,68.93985137905455,1,4,11,0,0.35,0
ORD0000094379,146001.02,1,0.05,76.51461267234953,0,2,6,1,0.85,1
ORD0000147326,4238.68,1,0.05,66.92022217143145,0,2,5,1,0.3,1
ORD0000241384,19703.6,1,0.05,61.29278443080189,0,2,5,1,0.65,1
ORD0000243887,1544.32,1,0.222,67.92655036500717,0,3,9,1,0.65,1
ORD0000086354,2379.1,0,0.05,71.50317829539125,0,2,7,0,0.25,0
ORD0000065577,1673.61,0,0.143,69.50478799635044,0,2,7,0,0.15,0
ORD0000132375,3413.6,0,0.167,70.48840138218235,0,2,6,0,0.15,0
ORD0000203630,15051.26,0,0.05,69.6646136409908,0,2,5,0,0.5,0
ORD0000049858,31251.75,0,0.273,72.615020789206,1,4,11,0,0.3,0
ORD0000121747,8586.9,0,0.5,71.73812706967252,0,0,2,0,0.65,0
ORD0000052788,86231.99,1,0.111,57.89348115554521,0,3,9,1,0.85,1
ORD0000220517,63611.4,0,0.286,75.08344072210504,0,2,7,0,0.85,0
ORD0000032079,67801.88,1,0.444,68.43627975059215,0,3,9,1,0.85,1
ORD0000091048,1485.88,0,0.05,78.19692010022727,0,3,8,0,0.25,0
ORD0000220040,5559.03,1,0.05,67.59696156652521,0,2,5,1,0.25,1
ORD0000071783,11680.17,0,0.05,81.87491218586244,0,3,9,0,0.5,0
ORD0000063073,43075.89,0,0.05,78.51461008879143,0,2,6,0,0.85,0
ORD0000194738,48380.34,0,0.167,74.06666038464954,0,2,6,0,0.85,0
ORD0000180630,18073.88,1,0.273,72.99110846050236,1,4,11,1,0.3,1
ORD0000074284,14877.8,1,0.333,73.68859352574908,0,2,6,1,0.65,1
ORD0000173610,68523.89,1,0.111,60.06369604549792,0,3,9,1,0.85,1
ORD0000085769,92500.36,0,0.2,67.73928292814547,1,4,10,0,0.85,0
ORD0000063707,17082.27,0,0.05,77.53547295710891,0,2,7,0,0.5,0
ORD0000070121,1442.84,1,0.143,66.46890940730347,0,2,7,1,0.15,0
ORD0000046407,33620.99,0,0.5,72.1293438857394,0,0,2,0,0.3,0
ORD0000119684,40795.33,0,0.111,79.85313597588696,0,3,9,0,0.85,0
ORD0000156969,545.62,0,0.05,75.68345122924228,0,1,4,0,0.35,0
ORD0000021009,5795.06,1,0.4,59.89875154482667,0,2,5,1,0.3,1
ORD0000126263,23631.52,0,0.286,76.0208940493668,0,2,7,0,0.65,0
ORD0000149765,70499.68,0,0.167,78.90126599290639,0,2,6,0,0.3,0
ORD0000102649,3469.8,0,0.05,79.25145092501528,0,3,8,0,0.65,0
ORD0000083229,483.97,0,0.125,75.59413261455647,0,3,8,0,0.15,0
ORD0000096417,65103.74,1,0.111,65.97732466110861,0,3,9,1,0.85,1
ORD0000226175,6389.0,0,0.286,82.42288352018008,0,2,7,0,0.65,0
ORD0000097609,7467.84,1,0.05,67.19720553438098,0,2,7,1,0.5,1
ORD0000039417,32176.34,0,0.05,74.50930883823007,0,2,6,0,0.85,0
ORD0000068328,8847.32,0,0.25,68.40899435187839,0,1,4,0,0.3,0
ORD0000163354,657.6,1,0.4,66.3256540731725,0,2,5,1,0.65,1
ORD0000224669,9508.78,1,0.2,72.04267359711667,1,4,10,1,0.5,1
ORD0000213740,8785.4,0,0.25,68.34155151195485,0,3,8,0,0.5,0
ORD0000093505,2696.97,0,0.111,75.21367457846559,0,3,9,0,0.65,0
ORD0000080859,720.47,1,0.05,65.5166300749948,0,3,8,1,0.35,0
ORD0000210542,16065.2,1,0.25,77.12233918043371,1,4,12,1,0.3,1
ORD0000246064,12232.94,0,0.143,74.27945721765064,0,2,7,0,0.65,0
ORD0000033682,1348.21,0,0.231,79.15885452724278,1,5,13,0,0.35,0
ORD0000119575,1203.24,0,0.05,74.93536976520625,0,1,4,0,0.35,0
ORD0000204172,2000.42,0,0.25,73.08719623417353,0,3,8,0,0.15,0
ORD0000040554,1242.65,0,0.133,66.69155944315844,0,3,8,0,0.25,0
ORD0000046747,52666.81,0,0.05,78.44027374773819,0,2,5,0,0.85,0
ORD0000004404,209.43,1,0.4,69.95484807117442,0,2,5,1,0.15,1
ORD0000249685,629.77,0,0.05,74.37817442255476,0,2,5,0,0.35,0
ORD0000118353,22508.13,0,0.05,72.85771481519926,1,4,10,0,0.3,0
ORD0000172024,5509.66,1,0.167,68.0415615852378,0,2,6,1,0.65,1
ORD0000237420,3915.78,0,0.143,78.19164981109185,0,2,7,0,0.3,0
ORD0000074406,285.35,0,0.125,82.23992589935092,0,3,8,0,0.15,0
ORD0000246590,474.42,0,0.05,82.00143729044585,0,3,8,0,0.35,0
ORD0000097597,23605.81,0,0.167,77.81164258519621,0,2,6,0,0.85,0
ORD0000192307,4787.72,0,0.05,77.63304426000472,0,3,8,0,0.65,0
ORD0000129173,323.38,0,0.167,71.01386707883641,0,2,6,0,0.15,0
ORD0000105074,69045.8,1,0.143,64.3282530285036,0,2,7,1,0.85,1
ORD0000165801,258695.97,1,0.5,62.24878455251677,0,1,4,1,0.85,1
ORD0000003141,23692.09,1,0.167,65.47767608521785,0,2,6,1,0.3,1
ORD0000237963,9657.98,0,0.167,87.76299479875588,0,2,6,0,0.85,0
ORD0000125217,55091.1,0,0.05,74.43717694807823,0,3,8,0,0.85,0
ORD0000056364,4506.39,0,0.05,67.75973996503085,0,2,5,0,0.65,0
ORD0000169560,5156.55,0,0.2,72.69415259024153,0,2,5,0,0.85,0
ORD0000056299,324.82,1,0.167,67.9038705347872,0,2,6,1,0.35,1
ORD0000088057,8544.11,0,0.05,71.32130170161217,0,3,9,0,0.65,0
ORD0000186919,97547.18,0,0.333,72.23554821637299,0,1,3,0,0.85,0
ORD0000218191,10210.72,0,0.333,66.64808244140421,0,1,3,0,0.65,0
ORD0000139176,263.16,0,0.05,79.95533337074994,0,2,5,0,0.15,0
ORD0000193138,2154.21,0,0.143,68.4475771291762,0,2,7,0,0.15,0
ORD0000144499,1734.4,0,0.05,75.9602543876274,0,3,9,0,0.35,0
ORD0000122735,60500.25,1,0.05,71.86709398639377,0,2,5,1,0.85,1
ORD0000074144,2450.04,0,0.05,81.79002451126647,0,2,7,0,0.65,0
ORD0000101557,16933.94,0,0.2,79.07412567908929,0,2,5,0,0.3,0
ORD0000085513,4336.81,1,0.05,58.5292633953271,0,2,7,1,0.5,1
ORD0000163548,57070.18,0,0.05,68.80921317629908,0,3,9,0,0.85,0
ORD0000011439,13471.35,1,0.167,66.04474071146271,0,2,6,1,0.3,1
ORD0000186470,79888.91,0,0.167,70.68667744885286,0,2,6,0,0.85,0
ORD0000111695,55213.89,0,0.2,70.28695675772524,0,2,5,0,0.85,0
ORD0000215748,110383.31,0,0.167,78.13258063034728,0,2,6,0,0.85,0
ORD0000054852,657.6,1,0.154,62.77613330108193,1,5,13,1,0.65,0
ORD0000141457,151.09,1,0.111,66.16438132083474,0,3,9,1,0.15,0
ORD0000153233,712.08,1,0.05,69.27402570808661,0,3,8,1,0.35,0
ORD0000100056,419.66,1,0.125,67.62510664094923,0,3,8,1,0.15,0
ORD0000197566,1678.12,1,0.167,65.10550681207398,0,2,6,1,0.15,1
ORD0000190471,1149.44,0,0.05,71.64751661645738,0,2,6,0,0.15,0
ORD0000100482,69021.17,1,0.05,64.85249117049055,0,2,6,1,0.85,1
ORD0000205178,7371.74,0,0.083,72.0531902702109,0,3,9,0,0.5,0
ORD0000060539,18454.82,0,0.05,73.10495970426544,0,1,4,0,0.5,0
ORD0000201134,813.44,0,0.2,78.30764098972284,0,2,5,0,0.35,0
ORD0000137685,5613.96,1,0.05,61.10673777968786,0,3,8,1,0.65,1
ORD0000043798,37374.91,1,0.05,60.97905072947913,0,2,6,1,0.85,1
ORD0000072309,2100.43,0,0.05,75.96528512705332,0,1,3,0,0.65,0
ORD0000020200,2141.86,0,0.286,77.44191798859461,0,2,7,0,0.25,0
ORD0000055437,142.96,0,0.167,76.10090181899146,0,2,6,0,0.15,0
ORD0000115534,79888.91,1,0.05,70.45990697056092,0,3,8,1,0.85,1
ORD0000243429,53843.92,1,0.2,65.63155756327595,1,4,10,1,0.5,1
ORD0000169100,316.11,0,0.077,73.15864755263253,0,3,8,0,0.35,0
ORD0000235172,26182.63,1,0.05,63.207055565110366,0,2,6,1,0.3,1
ORD0000159262,1752.81,1,0.05,65.93512699260769,1,4,10,1,0.25,1
ORD0000115315,9181.67,0,0.05,77.82083392612238,0,2,7,0,0.85,0
ORD0000090244,20823.96,0,0.05,76.19084707868788,0,1,4,0,0.5,0
ORD0000171111,1200.19,0,0.05,80.83061005443496,0,2,6,0,0.15,0
ORD0000213955,394.43,0,0.125,72.81265489000118,0,3,8,0,0.35,0
ORD0000125810,11011.98,0,0.167,73.24891563646001,0,2,6,0,0.65,0
ORD0000135133,51352.73,0,0.286,71.46832805529331,0,2,7,0,0.85,0
ORD0000076200,60500.25,0,0.2,87.52600302755191,0,2,5,0,0.85,0
ORD0000177812,22815.0,0,0.05,81.07151171756183,0,2,7,0,0.85,0
ORD0000006511,4033.4,0,0.071,73.20761125176627,1,5,14,0,0.15,0
ORD0000184161,80679.22,0,0.05,76.72972364626048,1,4,11,0,0.85,0
ORD0000221719,29055.9,0,0.05,80.89895594268229,0,1,4,0,0.85,0
ORD0000031385,58968.42,1,0.444,63.0326642677909,0,3,9,1,0.85,1
ORD0000236444,91690.74,0,0.05,76.20557736517056,1,4,10,0,0.3,0
ORD0000242637,1435.72,0,0.05,72.84802280612426,0,1,3,0,0.65,0
ORD0000023259,40761.35,0,0.25,83.21003517681791,1,4,12,0,0.85,0
ORD0000008450,7461.77,1,0.05,56.498653250745775,0,2,7,1,0.65,1
ORD0000002795,37125.12,0,0.333,76.3629547336982,0,2,6,0,0.3,0
ORD0000046469,14779.11,0,0.05,76.98722530465766,0,1,4,0,0.5,0
ORD0000152509,2903.85,1,0.05,60.469456092957095,0,2,6,1,0.25,1
ORD0000118043,54359.44,0,0.333,78.49493098453702,0,1,3,0,0.85,0
ORD0000065964,1447.83,0,0.143,80.56062567176117,0,2,7,0,0.15,0
ORD0000036738,1574.01,1,0.25,61.48132946832325,0,3,8,1,0.15,1
ORD0000184451,3030.7,0,0.05,74.21009057140246,0,2,7,0,0.65,0
ORD0000079545,1741.46,0,0.143,76.90353150589188,0,2,7,0,0.15,0
ORD0000137314,55550.82,1,0.05,64.24737832553173,0,3,9,1,0.85,1
ORD0000075573,5325.78,0,0.05,77.82275571754437,0,2,6,0,0.85,0
ORD0000121655,18344.93,1,0.05,70.83137784890394,0,2,6,1,0.5,1
ORD0000062585,7045.79,0,0.143,72.48859087010597,0,2,7,0,0.65,0
ORD0000139659,70695.98,0,0.25,73.04031536004993,0,3,8,0,0.3,0
ORD0000131198,528.95,1,0.143,69.26390436158859,0,2,7,1,0.15,0
ORD0000159737,8692.18,1,0.05,67.28602195875628,0,2,5,1,0.85,1
ORD0000153384,14227.45,0,0.05,77.4672320663771,0,2,6,0,0.85,0
ORD0000065172,62978.45,0,0.05,85.49953570868013,1,4,10,0,0.85,0
ORD0000231777,963.26,0,0.05,77.56643049173542,1,5,13,0,0.35,0
ORD0000048273,3850.65,1,0.125,71.43192343111579,0,3,8,1,0.65,1
ORD0000134322,115839.0,0,0.111,75.03206481549317,0,3,9,0,0.85,0
ORD0000034655,1803.85,0,0.222,80.90416889201502,0,3,9,0,0.15,0
ORD0000062337,62086.09,1,0.3,58.421795394601375,1,4,10,1,0.85,1
ORD0000014814,13534.58,0,0.05,71.62488280715458,0,1,4,0,0.5,0
ORD0000186897,1546.95,0,0.1,76.20954610292304,1,4,10,0,0.25,0
ORD0000061238,662.53,1,0.05,57.156313495021216,0,2,5,1,0.15,0
ORD0000052577,2613.47,0,0.05,71.4252645702656,0,3,8,0,0.65,0
ORD0000034743,8686.64,0,0.143,73.32482919823326,0,2,7,0,0.85,0
ORD0000095133,45035.98,1,0.125,57.7964009863114,0,3,8,1,0.85,1
ORD0000144930,5325.78,0,0.05,74.78505680383951,0,1,3,0,0.85,0
ORD0000226602,17188.51,0,0.05,70.08398697324658,0,2,5,0,0.5,0
ORD0000138939,1595.92,0,0.286,79.44084475625453,0,2,7,0,0.35,0
ORD0000122729,629.77,0,0.05,80.55336381134725,0,2,5,0,0.35,0
ORD0000099081,46010.88,0,0.111,83.18864026859009,0,3,9,0,0.85,0
ORD0000104756,648.27,0,0.143,70.15908057911523,0,2,7,0,0.3,0
ORD0000169674,9956.63,1,0.05,63.94216664024274,0,3,9,1,0.5,1
ORD0000107077,5074.86,1,0.143,70.77846539904768,0,2,7,1,0.65,1
ORD0000179946,919.5,0,0.125,71.72647641666681,0,3,8,0,0.15,0
ORD0000009200,5743.05,0,0.182,73.72420975485154,1,4,11,0,0.65,0
ORD0000243579,110483.31,0,0.05,74.93814465388066,0,0,2,0,0.85,0
ORD0000136143,3469.42,0,0.05,75.95546990949096,0,2,5,0,0.65,0
ORD0000040689,52622.4,0,0.2,70.04828787953299,1,4,10,0,0.3,0
ORD0000085408,44721.3,1,0.167,63.32893018395472,0,2,6,1,0.3,1
ORD0000240925,61819.67,0,0.05,74.92083467101227,0,2,5,0,0.85,0
ORD0000203306,4819.53,0,0.05,81.39786087184788,0,3,8,0,0.65,0
ORD0000183301,4570.57,1,0.143,67.6637414305018,0,2,7,1,0.3,1
ORD0000190273,801.58,0,0.05,73.25214585107322,0,2,6,0,0.15,0
ORD0000163749,109533.7,0,0.125,86.27870730869682,0,3,8,0,0.85,0
ORD0000010887,32130.4,1,0.05,67.31213268117055,0,2,7,1,0.3,1
ORD0000056890,22317.12,0,0.05,66.76238573581097,0,2,6,0,0.3,0
ORD0000239939,8913.4,0,0.167,67.18153299275448,0,2,6,0,0.5,0
ORD0000209740,53344.51,0,0.05,71.87039827584105,0,1,4,0,0.85,0
ORD0000116949,99406.65,0,0.286,77.4055079078157,0,2,7,0,0.85,0
ORD0000031156,4095.08,0,0.05,81.94099870853765,1,4,12,0,0.65,0
ORD0000058927,1563.68,0,0.05,73.42414503275144,0,2,7,0,0.25,0
ORD0000145899,4470.7,0,0.05,74.88001873474091,0,2,5,0,0.65,0
ORD0000038076,326.38,0,0.05,75.61020909257185,0,2,5,0,0.15,0
ORD0000184343,2056.22,0,0.25,79.78026499071134,0,3,8,0,0.25,0
ORD0000035475,4251.8,0,0.05,77.63864015971109,0,1,3,0,0.65,0
ORD0000241735,105961.51,1,0.05,66.57327381879755,0,3,8,1,0.85,1
ORD0000214072,118739.66,1,0.25,64.26941075717151,0,3,8,1,0.85,1
ORD0000015749,283.36,0,0.05,80.17023473299994,0,2,7,0,0.15,0
ORD0000182849,2837.88,0,0.05,77.43114724912449,0,3,9,0,0.15,0
ORD0000050049,1940.09,0,0.05,77.16705487146659,0,2,5,0,0.25,0
ORD0000168569,2049.61,1,0.05,61.0275933418789,0,2,7,1,0.65,1
ORD0000036994,51771.15,1,0.1,63.88808642965159,1,4,10,1,0.85,1
ORD0000177871,41568.3,0,0.143,83.11019364534688,0,2,7,0,0.85,0
ORD0000022000,2888.7,0,0.05,77.7815094022182,0,3,8,0,0.65,0
ORD0000205876,629.77,0,0.05,71.38961088327366,0,3,8,0,0.35,0
ORD0000105993,14417.86,0,0.05,71.95235696143807,0,3,9,0,0.3,0
ORD0000204417,1654.76,0,0.125,75.61615193186101,0,3,8,0,0.15,0
ORD0000018153,62675.34,0,0.05,74.06658990054437,0,2,5,0,0.85,0
ORD0000160176,309.35,0,0.05,76.3940393967787,0,0,2,0,0.15,0
ORD0000032039,327.39,0,0.167,75.80067309198309,0,2,6,0,0.15,0
ORD0000094964,4579.9,1,0.05,63.87930804501271,0,3,8,1,0.3,1
ORD0000086863,23529.37,0,0.05,75.94755620913132,0,2,7,0,0.5,0
ORD0000229350,5214.67,0,0.05,72.9774439182449,0,2,6,0,0.85,0
ORD0000022443,4618.84,1,0.111,68.68544767519799,0,3,9,1,0.3,1
ORD0000076241,524.04,0,0.2,65.19732143396837,1,4,10,0,0.35,0
ORD0000107104,347.74,0,0.333,72.08525940321208,0,2,6,0,0.35,0
ORD0000013232,4040.86,0,0.143,74.73689132837005,0,2,7,0,0.65,0
ORD0000114993,5561.23,0,0.05,75.92923316144704,1,4,10,0,0.3,0
ORD0000102976,1649.54,1,0.05,71.57349086389779,0,1,3,0,0.15,0
ORD0000223667,1184.97,0,0.05,74.65956625999932,0,2,6,0,0.15,0
ORD0000025710,38774.9,1,0.25,71.63896665000951,0,1,4,1,0.85,1
ORD0000114538,10643.49,0,0.333,79.64564488794906,0,3,9,0,0.65,0
ORD0000034512,7051.7,0,0.05,67.34199761237583,0,3,9,0,0.5,0
ORD0000093845,1595.24,0,0.05,81.53357298156524,0,2,5,0,0.65,0
ORD0000094782,1425.06,0,0.1,74.73006036530292,1,4,10,0,0.15,0
ORD0000012957,22096.67,1,0.05,62.209847189051935,0,2,7,1,0.3,1
ORD0000030980,41378.64,1,0.286,59.972490123029985,0,2,7,1,0.85,1
ORD0000031443,12989.09,0,0.111,69.29432922722359,0,3,9,0,0.65,0
ORD0000241440,2860.53,0,0.05,66.96521381035885,0,2,5,0,0.25,0
ORD0000107560,1209.57,1,0.05,65.41910057069472,0,2,5,1,0.5,0
ORD0000123354,1914.71,0,0.05,77.25685795386826,0,1,3,0,0.15,0
ORD0000026080,15748.4,1,0.05,66.61346725998581,0,1,3,0,0.85,0
ORD0000093103,10990.07,1,0.125,71.3507984173599,0,3,8,1,0.65,1
ORD0000050320,520.1,0,0.125,78.431625372452,0,3,8,0,0.35,0
ORD0000146569,2658.93,1,0.05,58.940437195076,1,4,10,1,0.65,1
ORD0000166881,832.95,1,0.143,58.06333183375164,0,2,7,1,0.15,1
ORD0000248742,3271.76,0,0.05,83.95824080224548,0,2,6,0,0.25,0
ORD0000124038,4668.56,0,0.05,69.56570642379086,0,2,6,0,0.65,0
ORD0000138527,6063.45,0,0.333,64.16554950676857,0,3,9,0,0.5,0
ORD0000241994,2329.46,0,0.05,71.26769503193604,0,2,7,0,0.35,0
ORD0000030026,84712.86,0,0.05,69.39801115233823,0,2,5,0,0.85,0
ORD0000021423,2026.56,0,0.143,73.8079510168591,0,2,7,0,0.15,0
ORD0000026609,62996.89,0,0.2,72.71406945509156,0,2,5,0,0.3,0
ORD0000015373,1582.94,0,0.05,82.03030594565503,0,1,4,0,0.5,0
ORD0000221554,3883.2,1,0.05,65.35359861516066,0,2,6,1,0.5,1
ORD0000201618,58181.16,0,0.143,62.44370289479301,0,2,7,0,0.85,0
ORD0000007845,1974.72,1,0.071,70.80573852867447,0,2,6,1,0.65,1
ORD0000175194,69021.17,0,0.333,69.11290739549517,0,2,6,0,0.85,0
ORD0000078918,1850.01,1,0.25,63.85476973819463,0,1,4,1,0.25,1
ORD0000045374,16313.65,0,0.05,67.52753404375463,1,4,11,0,0.85,0
ORD0000211962,4023.63,1,0.111,72.6953491826253,0,3,9,1,0.65,1
ORD0000102866,4894.71,0,0.05,84.96306317414266,1,4,11,0,0.3,0
ORD0000151697,1156.02,0,0.25,80.61284033901975,0,1,4,0,0.65,0
ORD0000155905,2428.08,0,0.2,68.37844077715906,0,2,5,0,0.65,0
ORD0000082342,100532.23,0,0.1,75.71875952001922,1,4,10,0,0.85,0
ORD0000177168,23826.7,0,0.05,79.71744982331877,0,1,4,0,0.85,0
ORD0000073450,1718.56,0,0.333,72.65526758736891,0,1,3,0,0.25,0
ORD0000048170,4256.82,1,0.05,64.44974785726707,0,1,3,0,0.15,0
ORD0000134665,452.77,1,0.05,73.14437483627283,0,2,7,1,0.15,0
ORD0000135341,783.46,1,0.05,65.31905965272261,0,3,9,1,0.35,0
ORD0000124570,43075.89,0,0.05,81.97781897604122,0,2,5,0,0.85,0
ORD0000186549,113900.59,0,0.05,69.57192123367479,0,2,5,0,0.85,0
ORD0000011012,21075.28,1,0.05,63.51884250015419,0,2,6,1,0.85,1
ORD0000210307,749.5,1,0.333,69.3538753300494,0,2,6,1,0.65,1
ORD0000123564,3651.11,0,0.05,77.3949015452592,0,0,2,0,0.65,0
ORD0000247732,37219.92,0,0.071,73.67144626036766,1,5,14,0,0.85,0
ORD0000132199,139606.24,0,0.25,79.51052374878192,0,3,8,0,0.85,0
ORD0000168029,45045.79,1,0.05,65.25864272580769,1,4,10,1,0.3,1
ORD0000190154,1345.63,0,0.222,78.21009716996166,0,2,6,0,0.15,0
ORD0000205794,355.81,1,0.143,64.83333116164789,0,2,7,1,0.15,0
ORD0000075980,14390.27,1,0.05,66.63585397216701,0,2,5,1,0.5,1
ORD0000093073,16202.63,0,0.05,77.18586847682475,0,1,3,0,0.5,0
ORD0000223685,379.96,1,0.25,62.931664109280426,0,1,4,1,0.35,0
ORD0000064847,6071.29,1,0.05,59.94145376524703,0,3,9,1,0.5,1
ORD0000017330,11531.72,1,0.05,67.52861927798513,0,2,7,1,0.65,1
ORD0000034185,3156.59,0,0.05,78.82611902610202,0,2,6,0,0.25,0
ORD0000215880,97547.18,0,0.05,87.07742794073818,0,1,3,0,0.85,0
ORD0000066809,26486.98,0,0.05,81.96711845317112,0,2,6,0,0.3,0
ORD0000006010,6514.51,0,0.05,68.72272354008521,0,1,3,0,0.65,0
ORD0000109710,10651.87,1,0.25,70.79543801959642,0,1,4,1,0.65,1
ORD0000022475,2643.38,0,0.05,74.23570580059932,0,2,6,0,0.25,0
ORD0000098567,11298.08,0,0.1,77.23199703630075,1,4,10,0,0.5,0
ORD0000148998,19035.3,1,0.286,57.08347369533814,0,2,7,1,0.3,1
ORD0000065653,6061.4,0,0.5,73.18685008416716,0,0,2,0,0.65,0
ORD0000164794,1055.83,1,0.4,67.53682841399748,0,2,5,1,0.35,1
ORD0000179605,10075.56,0,0.05,77.58424989732788,0,2,5,0,0.65,0
ORD0000096674,954.3,0,0.05,70.87846929420334,0,3,8,0,0.15,0
ORD0000179984,529.91,1,0.125,55.07355249653485,0,3,8,1,0.35,1
ORD0000221172,1752.35,0,0.286,66.850440144423,0,2,7,0,0.85,0
ORD0000116627,12400.08,0,0.25,75.70129010144588,0,1,4,0,0.5,0
ORD0000133698,536.47,0,0.05,75.37958318465803,0,3,8,0,0.35,0
ORD0000008089,7901.89,0,0.5,82.22176196359509,0,1,4,0,0.5,0
ORD0000038283,1597.2,0,0.05,68.96828134413788,0,2,5,0,0.15,0
ORD0000168839,3633.64,1,0.167,67.83736585860834,0,2,6,1,0.15,1
ORD0000006987,14093.62,0,0.125,78.08808469373233,0,3,8,0,0.5,0
ORD0000038211,4681.51,0,0.5,73.57167188718729,0,1,4,0,0.85,0
ORD0000022253,1080.3,1,0.111,64.03788010670732,0,3,9,1,0.35,0
ORD0000248995,7437.46,0,0.182,78.81483263714352,1,4,11,0,0.65,0
ORD0000040807,4046.14,0,0.05,88.68281176550698,0,3,9,0,0.25,0
ORD0000067173,70883.95,0,0.167,63.84882845396014,0,2,6,0,0.85,0
ORD0000205480,122779.3,0,0.2,80.41478670367279,0,2,5,0,0.85,0
ORD0000220160,47315.14,1,0.2,63.11351122137319,1,4,10,1,0.85,1
ORD0000103377,2299.71,0,0.05,80.98381473194618,0,2,7,0,0.25,0
ORD0000071745,32687.29,0,0.167,80.54414417159184,0,2,6,0,0.85,0
ORD0000098305,33894.24,0,0.05,66.04352684431393,0,2,7,0,0.5,0
ORD0000165231,8848.13,0,0.05,68.80483612793157,0,2,5,0,0.65,0
ORD0000047908,28758.86,0,0.111,73.06284544619182,0,2,6,0,0.3,0
ORD0000035576,32251.24,0,0.05,74.26540047514413,0,0,2,0,0.85,0
ORD0000015906,32085.15,1,0.05,61.40400714451052,1,4,10,1,0.5,1
ORD0000169451,6488.04,1,0.143,62.774325590650385,0,2,7,1,0.3,1
ORD0000175121,40795.33,0,0.286,67.9138123452228,0,2,7,0,0.85,0
ORD0000000268,2287.76,0,0.05,76.63665906824542,1,4,10,0,0.15,0
ORD0000119611,8259.03,0,0.333,80.29514931591855,0,2,6,0,0.65,0
ORD0000129372,29338.96,0,0.167,70.07586031534191,0,2,6,0,0.85,0
ORD0000099658,1673.61,1,0.2,69.13898948481126,0,2,5,1,0.15,1
ORD0000085875,1119.39,0,0.167,74.74286992778572,0,2,6,0,0.25,0
ORD0000119774,175.07,1,0.05,76.14362180524498,1,4,11,1,0.15,0
ORD0000210627,1816.82,1,0.05,68.66596076384299,0,0,2,0,0.15,0
ORD0000242172,720.75,1,0.25,57.551612019139384,0,1,4,1,0.65,1
ORD0000205328,142642.8,0,0.05,74.8776110511488,0,2,6,0,0.85,0
ORD0000031147,62754.87,0,0.167,67.651398968423,0,2,6,0,0.85,0
ORD0000118820,218.39,0,0.05,79.26903307552944,0,2,6,0,0.35,0
ORD0000184724,1222.47,1,0.05,56.93483056130734,0,3,8,1,0.15,0
ORD0000024584,6559.26,0,0.111,78.68568955075719,0,3,9,0,0.65,0
ORD0000136909,1628.95,0,0.143,79.14987547983584,0,2,7,0,0.25,0
ORD0000016032,4599.04,1,0.05,63.22019156593445,0,2,6,1,0.5,1
ORD0000217779,797.13,0,0.167,74.02360733147097,0,2,6,0,0.15,0
ORD0000064120,114893.74,0,0.05,78.7550201452051,0,2,6,0,0.85,0
ORD0000208686,49392.69,0,0.05,67.49021971647238,0,2,6,0,0.5,0
ORD0000091207,39696.92,0,0.05,73.62314812474371,0,1,3,0,0.5,0
ORD0000067297,1373.64,0,0.125,75.90680893200202,0,3,8,0,0.15,0
ORD0000102744,69045.8,0,0.05,75.21291754402256,0,1,4,0,0.85,0
ORD0000004142,2528.66,1,0.05,63.4443241006402,0,2,7,1,0.15,1
ORD0000060679,19800.22,1,0.05,66.06551446593306,0,2,6,1,0.5,1
ORD0000038818,546.8,0,0.05,76.07249836826156,0,2,5,0,0.15,0
ORD0000030216,94630.28,0,0.05,70.70636572397635,0,2,5,0,0.85,0
ORD0000097953,1511.57,0,0.2,69.00325241540503,0,2,5,0,0.25,0
ORD0000134068,6461.85,1,0.05,69.30962772803721,0,1,4,1,0.65,1
ORD0000211238,3469.8,0,0.125,74.0270773103781,0,3,8,0,0.65,0
ORD0000086187,44316.8,0,0.05,80.32767559379641,0,2,6,0,0.85,0
ORD0000008256,4238.68,1,0.25,59.85711981182926,0,3,8,1,0.3,1
ORD0000120619,973.66,0,0.05,77.58323988908262,0,1,4,0,0.35,0
ORD0000075623,86231.99,0,0.05,79.64134894730904,0,2,7,0,0.85,0
ORD0000037337,147204.38,1,0.125,64.45050149998974,0,3,8,1,0.85,1
ORD0000074590,28772.76,0,0.05,69.99106994228423,0,2,6,0,0.65,0
ORD0000102037,1957.84,1,0.05,69.27491367673835,0,3,8,1,0.65,1
ORD0000116596,650.57,0,0.05,67.27841939771497,0,2,7,0,0.35,0
ORD0000049912,90158.0,0,0.167,75.4970808553908,0,2,6,0,0.85,0
ORD0000036006,578.11,1,0.05,75.49075926106387,0,1,4,1,0.15,0
ORD0000191279,4094.0,1,0.05,58.177091031916916,0,2,6,1,0.15,1
ORD0000139080,48333.67,0,0.05,68.27206782594449,0,3,8,0,0.85,0
ORD0000107637,5029.36,0,0.143,75.30639402511954,0,2,7,0,0.65,0
ORD0000030060,10965.89,1,0.1,64.5791433270961,1,4,10,1,0.3,1
ORD0000112217,58181.16,1,0.125,59.0909210964127,0,3,8,1,0.85,1
ORD0000077570,2126.34,0,0.2,74.00523114306179,0,2,5,0,0.15,0
ORD0000136475,61755.31,0,0.167,73.08334375654682,0,2,6,0,0.85,0
ORD0000142576,3948.58,1,0.05,71.53435621088815,0,1,4,1,0.65,1
ORD0000134324,6543.52,0,0.05,73.52495537362935,0,1,4,0,0.25,0
ORD0000126713,119655.36,0,0.125,75.39659225469993,0,3,8,0,0.85,0
ORD0000039475,40978.88,0,0.05,69.06251230341891,0,2,5,0,0.5,0
ORD0000098590,37219.92,1,0.05,60.14778567661707,0,2,7,1,0.85,1
ORD0000176188,942.07,0,0.05,79.83847026645805,0,2,5,0,0.15,0
ORD0000186748,680.42,0,0.05,79.61916701784011,0,2,7,0,0.35,0
ORD0000122100,521.53,0,0.333,74.51867951397607,0,2,6,0,0.15,0
ORD0000188580,6424.71,0,0.125,69.15510729074535,0,3,8,0,0.65,0
ORD0000141066,242.21,0,0.125,71.72620169855412,0,3,8,0,0.35,0
ORD0000194069,9429.07,0,0.05,77.51579542284945,0,1,4,0,0.85,0
ORD0000186196,101981.38,0,0.05,74.39916250357872,0,2,5,0,0.85,0
ORD0000173646,514.63,0,0.05,77.67338418798656,0,2,7,0,0.35,0
ORD0000241286,5673.54,0,0.05,77.16754333474896,0,2,5,0,0.65,0
ORD0000208219,8143.82,1,0.125,63.065112849837455,0,3,8,1,0.65,1
ORD0000039844,1268.87,1,0.143,62.7644939659602,0,2,7,1,0.15,1
ORD0000189804,15198.44,0,0.2,68.55622836418338,0,2,5,0,0.5,0
ORD0000170971,9809.47,0,0.2,75.30010788865007,0,2,5,0,0.5,0
ORD0000242372,8152.3,0,0.125,75.94829435578455,0,3,8,0,0.65,0
ORD0000056229,101981.38,0,0.05,73.55788649752789,0,2,7,0,0.85,0
ORD0000079668,53344.51,1,0.143,60.25196175206667,0,2,7,1,0.85,1
ORD0000024417,16143.92,1,0.05,56.66763016645616,0,1,4,1,0.85,1
ORD0000054912,525.06,0,0.222,75.03488277078596,0,3,9,0,0.15,0
ORD0000046088,13442.63,0,0.1,77.04164174590522,1,4,10,0,0.85,0
ORD0000222847,271.5,0,0.3,78.0817017640919,1,4,10,0,0.25,0
ORD0000050828,4706.87,0,0.2,83.18458607733865,1,4,10,0,0.65,0
ORD0000164471,3028.66,1,0.167,69.41551431338132,0,3,8,1,0.5,1
ORD0000018259,57070.18,0,0.5,81.38876812410784,0,2,6,0,0.85,1
ORD0000169327,93.8,1,0.667,69.02572385839076,0,1,3,0,0.15,0
ORD0000127675,2622.46,1,0.5,67.40445296419693,0,3,8,1,0.85,1
ORD0000237030,57161.4,1,0.067,72.04640120826274,0,3,9,1,0.3,1
ORD0000191042,765.6,0,0.05,72.91445585114992,0,3,8,0,0.35,0
ORD0000038915,22815.0,0,0.2,82.4791212331564,0,2,5,0,0.85,0
ORD0000215334,1752.81,0,0.25,81.18867863824183,0,3,8,0,0.25,0
ORD0000125976,18638.63,0,0.05,76.08570544997296,0,1,4,0,0.5,0
ORD0000164099,88720.84,1,0.05,63.86765390222715,1,4,10,1,0.85,1
ORD0000140764,22807.23,0,0.286,75.51052992516685,0,2,7,0,0.5,0
ORD0000045253,1078.43,0,0.05,72.68569855862901,0,3,9,0,0.15,0
ORD0000040075,677.63,0,0.222,80.48770061824628,0,3,9,0,0.3,0
ORD0000198961,949.36,1,0.05,64.19881666167315,0,1,4,1,0.65,0
ORD0000045884,5673.54,0,0.05,66.66569399376579,0,2,6,0,0.65,0
ORD0000226575,9419.14,0,0.05,72.65072290965549,0,2,5,0,0.5,0
ORD0000014254,21231.24,1,0.333,59.425841047390136,0,2,7,1,0.3,1
ORD0000097777,41112.42,0,0.05,84.53541477840284,0,1,3,0,0.3,0
ORD0000164626,518.54,0,0.111,70.96187251046332,0,3,9,0,0.15,0
ORD0000025037,16153.78,0,0.05,73.9528623112206,0,2,7,0,0.5,0
ORD0000200769,31251.75,0,0.111,76.2619975076091,0,3,9,0,0.3,0
ORD0000078430,16862.68,1,0.167,69.20510016259223,0,2,6,1,0.3,1
ORD0000146237,6414.51,0,0.05,81.90201614652882,0,2,6,0,0.65,0
ORD0000124674,10940.07,0,0.333,74.350723149446,0,2,6,0,0.65,0
ORD0000039953,7502.3,0,0.167,74.62340817332714,0,2,6,0,0.5,0
ORD0000005541,1822.41,1,0.05,70.14263493120716,0,3,9,1,0.15,1
ORD0000202930,43355.97,0,0.05,77.79164835500636,1,4,10,0,0.85,0
ORD0000045883,712.53,0,0.05,82.20846132987867,0,2,5,0,0.15,0
ORD0000074391,680.11,0,0.2,82.09449045582099,0,2,6,0,0.35,0
ORD0000150102,119491.39,0,0.05,69.61651449404698,0,1,4,0,0.85,0
ORD0000198370,838.15,0,0.4,76.14542718592207,0,2,5,0,0.15,0
ORD0000005416,3851.18,0,0.05,81.39459497338328,0,1,4,0,0.65,0
ORD0000070470,328601.1,0,0.333,83.47424407054842,0,2,6,0,0.85,0
ORD0000185576,462.85,0,0.05,75.6768843477894,0,2,5,0,0.35,0
ORD0000049098,1382.28,0,0.05,77.3921799454165,1,4,12,0,0.35,0
ORD0000075875,637.28,1,0.333,67.66257914052676,0,1,3,0,0.15,0
ORD0000228538,22613.96,1,0.05,66.96726251764746,0,1,4,1,0.3,1
ORD0000188263,20597.34,1,0.05,62.406743046456704,0,2,7,1,0.3,1
ORD0000099562,35443.76,1,0.125,70.4827644138087,0,3,8,1,0.85,1
ORD0000015916,10651.56,1,0.05,66.30045981372314,0,2,5,1,0.85,1
ORD0000091581,756.62,0,0.111,73.95161129228624,0,3,9,0,0.15,0
ORD0000115650,911.65,0,0.05,73.9069596711476,0,2,7,0,0.15,0
ORD0000248263,112340.73,1,0.5,71.01687495282033,0,0,2,0,0.85,1
ORD0000048515,8354.44,1,0.143,71.67139835486483,0,2,7,1,0.85,1
ORD0000194748,123191.16,0,0.05,86.37846468825022,0,2,5,0,0.85,0
ORD0000171782,5380.09,0,0.111,75.2891897236583,0,2,7,0,0.85,0
ORD0000156278,42503.44,1,0.05,66.03810885380655,0,3,9,1,0.85,1
ORD0000235728,87891.64,0,0.167,68.25588055110087,0,2,6,0,0.85,0
ORD0000077057,1963.6,1,0.091,59.840647023810384,1,4,11,1,0.15,1
ORD0000074060,853.83,0,0.1,69.07501968770924,1,4,10,0,0.5,0
ORD0000217690,551.44,0,0.111,87.33292417097441,0,3,9,0,0.15,0
ORD0000150325,48283.67,0,0.143,79.59332762743509,0,2,7,0,0.85,0
ORD0000001331,13546.13,0,0.1,64.90557431536578,1,4,10,0,0.5,0
ORD0000135176,2452.21,0,0.05,80.99537389383484,0,2,5,0,0.65,0
ORD0000184345,6099.36,0,0.05,71.06187468857364,0,2,6,0,0.5,0
ORD0000239885,5306.67,0,0.05,80.52328440835943,0,1,4,0,0.65,0
ORD0000188273,79460.94,0,0.167,81.51602747376154,0,2,6,0,0.3,0
ORD0000198807,1007.5,1,0.182,64.70251887351996,1,4,11,1,0.35,0
ORD0000004909,28196.47,0,0.167,71.76768582896415,0,2,6,0,0.3,0
ORD0000241108,10502.25,0,0.222,81.94973495500155,0,3,9,0,0.65,0
ORD0000059617,816.65,1,0.05,67.86228006573445,0,1,4,1,0.15,0
ORD0000141040,33953.65,1,0.05,66.10831151308544,1,4,11,1,0.3,1
ORD0000232791,1281.42,1,0.286,59.63164483801087,0,2,7,1,0.15,1
ORD0000195677,76234.23,0,0.286,73.71422174744376,0,2,7,0,0.3,0
ORD0000179497,91688.02,0,0.05,79.77686754899388,0,2,6,0,0.85,0
ORD0000137891,8423.89,1,0.05,62.87246608526156,0,1,4,1,0.3,1
ORD0000082137,4040.86,0,0.05,76.53710208991659,0,2,6,0,0.65,0
ORD0000225948,22000.24,1,0.05,58.05779682644075,0,2,5,1,0.5,1
ORD0000129046,1493.32,1,0.05,65.97626184360799,0,1,4,1,0.65,0
ORD0000078983,81108.74,0,0.2,70.81480066106893,0,2,5,0,0.85,0
ORD0000181621,8539.87,0,0.25,82.21119757757286,0,1,4,0,0.65,0
ORD0000064589,41562.51,0,0.2,70.91403101142743,0,2,5,0,0.85,0
ORD0000189483,6559.26,1,0.333,60.406235130444344,0,2,6,1,0.65,1
ORD0000134941,5943.6,1,0.25,61.612189338713655,0,3,8,1,0.65,1
ORD0000125231,5042.93,1,0.143,59.45035122900204,0,2,7,1,0.5,1
ORD0000076939,986.4,1,0.2,59.09800164589655,1,4,10,1,0.15,0
ORD0000223470,1515.91,1,0.05,60.22703147339435,0,3,9,1,0.15,1
ORD0000114491,1803.9,0,0.154,67.25552240329468,0,2,6,0,0.15,0
ORD0000135144,4149.62,0,0.05,81.93756494501304,0,3,9,0,0.5,0
ORD0000101928,19659.89,0,0.2,78.90137274393402,0,2,5,0,0.5,0
ORD0000237956,40557.83,0,0.25,79.80052505502954,0,1,4,0,0.85,0
ORD0000116079,11640.41,0,0.05,70.47600809502414,0,2,5,0,0.3,0
ORD0000158064,3806.61,1,0.1,74.81524781276312,0,2,6,1,0.15,1
ORD0000003708,6940.42,0,0.286,72.51274643609366,0,2,7,0,0.5,0
ORD0000205099,660.0,0,0.125,74.45719765005951,0,3,8,0,0.35,0
ORD0000088496,1174.07,0,0.05,74.19944116531745,1,4,10,0,0.15,0
ORD0000230025,86131.99,0,0.182,78.274824829139,1,4,11,0,0.85,0
ORD0000033574,702.87,0,0.143,77.5917488313538,0,2,7,0,0.15,0
ORD0000154343,7438.9,0,0.167,75.06100570763998,0,2,6,0,0.65,0
ORD0000103148,1941.75,0,0.091,66.28680263225738,1,4,11,0,0.65,0
ORD0000229144,30031.81,0,0.05,71.08975186887669,0,2,5,0,0.3,0
ORD0000106105,930.35,1,0.05,64.06577099733464,0,1,3,0,0.35,0
ORD0000159959,3948.58,1,0.05,62.21645345457188,0,3,9,1,0.65,1
ORD0000198767,16983.33,1,0.333,68.23228622286473,0,2,6,1,0.5,1
ORD0000066519,14695.4,0,0.25,78.81070948099688,0,1,4,0,0.85,0
ORD0000094196,8143.82,0,0.5,74.71916926838364,0,0,2,0,0.65,0
ORD0000063965,176.57,0,0.333,78.45196066729359,0,1,3,0,0.3,0
ORD0000063409,10846.92,0,0.05,66.35544498852362,0,2,7,0,0.65,0
ORD0000075845,3208.15,0,0.05,70.9543613221624,1,4,11,0,0.25,0
ORD0000118314,45035.98,0,0.125,73.24510857138335,0,3,8,0,0.85,0
ORD0000243211,40722.99,0,0.05,74.58191011823416,0,1,4,0,0.85,0
ORD0000010325,65933.27,0,0.85,81.28869020690728,0,0,2,0,0.85,0
ORD0000141421,6954.7,1,0.05,69.06579050467074,0,2,6,1,0.3,1
ORD0000206367,10528.84,1,0.05,70.49078360649172,0,3,9,1,0.3,1
ORD0000059170,1674.33,0,0.125,84.39973540289117,0,3,8,0,0.65,0
ORD0000218549,73459.5,0,0.05,75.58944831452364,0,2,5,0,0.85,0
ORD0000093412,4725.41,0,0.05,71.27687883767562,0,2,5,0,0.65,0
ORD0000077835,2313.46,1,0.05,65.17647756651145,0,2,7,1,0.25,1
ORD0000031562,107587.25,0,0.25,75.51321517100861,0,1,4,0,0.85,0
ORD0000242834,10341.58,0,0.143,70.22481005338845,0,2,7,0,0.65,0
ORD0000212368,833.51,1,0.375,61.31998099871847,0,3,8,1,0.15,1
ORD0000226170,66420.78,0,0.05,80.03180099192352,0,2,7,0,0.85,0
ORD0000090674,16290.47,1,0.167,61.60395629024296,0,2,6,1,0.3,1
ORD0000051967,23015.2,1,0.143,72.47926111745595,0,2,7,1,0.3,1
ORD0000146796,35993.29,0,0.5,75.39477265749454,0,0,2,0,0.85,0
ORD0000021057,40327.89,0,0.05,80.29873966689351,0,2,6,0,0.85,0
ORD0000152065,10075.56,0,0.125,81.49008706169448,0,3,8,0,0.65,0
ORD0000151397,103615.91,1,0.167,63.47169568795726,0,2,6,1,0.85,1
ORD0000007231,7658.64,0,0.4,79.24139423558955,0,2,5,0,0.65,0
ORD0000217928,3654.98,1,0.071,63.99780793748002,1,5,14,1,0.15,1
ORD0000175572,1348.95,0,0.167,71.30224225033682,0,2,6,0,0.35,0
ORD0000171161,29313.18,0,0.25,72.15914136253684,0,3,8,0,0.3,0
ORD0000005320,16716.56,0,0.143,70.77411077469606,0,2,7,0,0.5,0
ORD0000000877,35443.76,0,0.05,78.37508345185277,0,2,6,0,0.85,0
ORD0000150518,6817.99,0,0.05,77.60639603522368,0,3,8,0,0.85,0
ORD0000202555,21956.2,0,0.05,76.06333141099586,0,1,4,0,0.5,0
ORD0000051418,879.54,0,0.05,75.75207985700966,0,3,8,0,0.15,0
ORD0000126886,1254.29,0,0.05,72.61977570553503,0,2,6,0,0.35,0
ORD0000162194,11597.19,1,0.05,55.33712001813836,0,1,3,0,0.85,0
ORD0000145971,6104.79,0,0.286,83.79132707797274,0,2,7,0,0.65,0
ORD0000108978,1206.64,0,0.077,64.98089105709887,0,2,6,0,0.35,0
ORD0000139458,616.37,0,0.333,71.35678543733864,0,2,6,0,0.15,0
ORD0000100053,81601.32,0,0.05,74.74749475855171,0,2,6,0,0.85,0
ORD0000031091,1990.59,0,0.571,78.30199166673694,0,2,7,0,0.25,0
ORD0000014394,71395.49,1,0.05,63.971069737358235,1,4,10,1,0.85,1
ORD0000149731,70568.4,1,0.05,62.664869202332575,0,2,7,1,0.3,1
ORD0000001139,8153.62,0,0.05,73.12145504898612,0,1,4,0,0.5,0
ORD0000013822,2056.22,1,0.167,64.04629984898797,1,4,12,1,0.25,1
ORD0000231479,74233.89,0,0.05,76.40369600107135,0,3,9,0,0.85,0
ORD0000223608,16226.76,0,0.05,71.70787221015158,0,1,4,0,0.85,0
ORD0000094045,392.51,0,0.05,83.38000290221306,0,1,4,0,0.35,0
ORD0000165332,1254.29,0,0.333,70.35403944145936,0,2,6,0,0.35,0
ORD0000014337,13335.09,1,0.167,65.88341103111757,0,2,6,1,0.65,1
ORD0000153430,5639.87,0,0.05,77.15678958294882,0,2,6,0,0.5,0
ORD0000222611,7507.56,0,0.5,73.65254510488977,0,0,2,0,0.65,0
ORD0000198650,10688.2,0,0.05,71.082474316127,0,2,5,0,0.5,0
ORD0000033035,47888.19,0,0.167,85.17182012542939,0,2,6,0,0.85,0
ORD0000012125,6864.39,0,0.333,78.11621063565379,0,3,9,0,0.3,0
ORD0000203548,85102.55,0,0.111,65.70216235984401,0,3,9,0,0.85,0
ORD0000017182,130503.04,1,0.05,67.3577127967228,1,4,10,1,0.85,1
ORD0000244370,4073.78,1,0.125,65.5053148820201,0,3,8,1,0.65,1
ORD0000131692,13569.35,0,0.05,76.97158917888447,0,1,3,0,0.65,0
ORD0000189714,13294.78,0,0.125,80.62324665300746,0,3,8,0,0.65,0
ORD0000192751,13612.06,0,0.05,80.07184904363906,0,3,8,0,0.85,0
ORD0000084568,23564.37,0,0.05,78.5722311400455,0,2,6,0,0.3,0
ORD0000158768,42803.1,0,0.333,78.68139292308398,0,2,6,0,0.85,0
ORD0000016218,557.33,0,0.111,78.58260907157005,0,3,9,0,0.3,0
ORD0000027911,7062.46,0,0.167,75.19730688031974,0,2,6,0,0.65,0
ORD0000197178,1032.26,1,0.125,63.8968474375413,0,3,8,1,0.35,1
ORD0000175555,710.82,1,0.143,70.54270490405862,0,2,7,1,0.15,0
ORD0000172740,1666.87,0,0.05,75.30629583147066,0,2,6,0,0.15,0
ORD0000204836,483.98,0,0.25,86.06201032896037,0,1,4,0,0.35,0
ORD0000141090,13690.47,0,0.05,70.5292958015421,0,2,5,0,0.65,0
ORD0000034284,5245.06,0,0.05,68.5367654603175,0,1,3,0,0.65,0
ORD0000214750,2432.13,0,0.333,76.38028098616792,0,3,9,0,0.25,0
ORD0000013584,27229.72,0,0.05,70.66237039322995,0,2,7,0,0.85,0
ORD0000198874,2784.51,0,0.143,76.96798641145763,0,2,7,0,0.25,0
ORD0000188308,1396.69,1,0.2,66.37408059832504,0,2,5,1,0.25,0
ORD0000222304,2742.67,1,0.05,64.22006766418322,0,3,9,1,0.15,1
ORD0000246430,306.42,0,0.05,75.31924010440068,0,3,8,0,0.15,0
ORD0000083118,377.87,0,0.2,79.06929489565522,0,2,5,0,0.15,0
ORD0000143168,733.09,0,0.05,78.65178866474035,0,2,7,0,0.15,0
ORD0000099871,81108.74,1,0.286,65.0175305817612,0,2,7,1,0.85,1
ORD0000037258,25386.86,0,0.05,79.65429595529264,0,1,4,0,0.5,0
ORD0000054149,42503.44,0,0.222,81.7101191076348,0,3,9,0,0.85,0
ORD0000104053,1100.75,0,0.05,73.63640590735443,1,4,12,0,0.15,0
ORD0000175841,557.33,0,0.2,67.5494628185416,0,2,5,0,0.3,0
ORD0000116312,3469.8,1,0.077,64.43962801123257,0,3,8,1,0.65,1
ORD0000091952,17476.1,1,0.05,62.632849067669696,0,2,7,1,0.3,1
ORD0000213838,2976.32,0,0.05,79.0565016728963,0,2,7,0,0.65,0
ORD0000220724,190.82,0,0.05,72.57337334266404,0,2,6,0,0.35,0
ORD0000170339,7979.29,0,0.05,79.79810453847303,0,1,4,0,0.65,0
ORD0000034936,182523.72,0,0.05,66.10390358666058,0,1,4,0,0.85,0
ORD0000002434,44670.62,0,0.1,76.1873004967708,1,4,10,0,0.85,0
ORD0000216386,66355.78,1,0.125,56.31227309284878,0,3,8,1,0.85,1
ORD0000141675,7146.96,0,0.25,69.64191341682918,0,1,4,0,0.65,0
ORD0000018673,9272.75,0,0.167,82.97947562816331,0,2,6,0,0.65,0
ORD0000024755,48943.88,0,0.125,76.7921677801911,0,3,8,0,0.3,0
ORD0000065169,913.99,0,0.05,82.79669682002844,1,4,10,0,0.35,0
ORD0000195050,61821.01,1,0.05,67.479826435256,0,1,4,1,0.85,1
ORD0000155011,65276.52,0,0.05,76.83708864592697,0,2,6,0,0.85,0
ORD0000197262,6655.81,0,0.05,78.21150482973081,0,1,3,0,0.3,0
ORD0000114691,2898.58,0,0.05,73.22848224279021,1,4,12,0,0.25,0
ORD0000111782,4100.21,1,0.05,62.59992927196454,0,1,3,0,0.25,0
ORD0000024054,8486.9,0,0.05,75.13084006256356,0,0,2,0,0.65,0
ORD0000164881,1230.57,0,0.05,79.49509236263681,0,3,8,0,0.15,0
ORD0000010622,3814.81,0,0.222,80.8787047152746,0,3,9,0,0.3,0
ORD0000113328,6954.7,1,0.167,60.843835488580055,1,4,12,1,0.3,1
ORD0000081750,1049.16,1,0.25,54.21327037897547,0,1,4,1,0.3,0
ORD0000239797,31895.68,0,0.167,74.12494195268818,0,2,6,0,0.85,0
ORD0000192091,1260.53,1,0.25,65.93255089665641,0,1,4,1,0.65,1
ORD0000098594,10810.64,0,0.05,84.28186529392146,1,4,10,0,0.65,0
ORD0000243379,14784.14,0,0.05,75.81785008212043,0,3,8,0,0.65,0
ORD0000237215,10585.72,1,0.2,64.45601048012641,0,2,5,1,0.3,1
ORD0000239770,15818.77,0,0.05,76.51664284529363,0,2,7,0,0.3,0
ORD0000015605,1046.74,1,0.364,71.39212982314915,1,4,11,1,0.25,1
ORD0000092314,5029.36,0,0.125,79.55610564915337,0,3,8,0,0.65,0
ORD0000105577,1217.94,0,0.05,68.28805574817945,0,2,6,0,0.5,0
ORD0000225936,62675.34,0,0.222,84.48831115423057,0,3,9,0,0.85,0
ORD0000084728,6933.2,0,0.125,70.26923756364965,0,3,8,0,0.85,0
ORD0000141100,9002.85,0,0.05,83.46741855206048,0,2,7,0,0.65,0
ORD0000007218,607.12,0,0.111,66.68216984766904,0,3,9,0,0.65,0
ORD0000217614,5977.71,1,0.05,61.71022591925377,0,1,3,0,0.65,0
ORD0000128008,680.42,0,0.143,69.65000058016798,0,2,7,0,0.35,0
ORD0000020026,48760.31,0,0.1,73.54397360126204,1,4,10,0,0.85,0
ORD0000014734,29313.18,1,0.05,64.04295316170106,0,2,7,1,0.3,1
ORD0000238050,1250.61,1,0.25,71.89518420653056,0,3,8,1,0.35,1
ORD0000001975,2283.49,1,0.05,59.213281450021675,0,3,8,1,0.5,1
ORD0000106863,2575.12,0,0.05,79.10920917288257,0,1,4,0,0.35,0
ORD0000088881,7024.41,0,0.111,79.48769975190172,0,3,9,0,0.65,0
ORD0000092385,106752.6,0,0.05,81.74649755131783,0,2,6,0,0.85,0
ORD0000026244,160395.72,1,0.05,54.12990701713244,0,2,6,1,0.85,1
ORD0000063205,1923.94,1,0.05,64.67167248723736,0,2,7,1,0.25,1
ORD0000027918,28838.89,1,0.05,64.64767720539739,0,2,6,1,0.3,1
ORD0000037729,25271.68,1,0.286,66.37287598646228,0,2,7,1,0.3,1
ORD0000092713,1192.85,0,0.05,69.83759936260374,0,2,7,0,0.65,0
ORD0000029063,1341.66,1,0.667,60.27089791981743,0,1,3,0,0.65,1
ORD0000072728,6360.76,0,0.05,74.34782593892744,0,2,5,0,0.65,0
ORD0000048994,921.75,1,0.05,69.5302025335235,0,2,6,1,0.35,0
ORD0000076474,10409.4,0,0.111,67.53673398701272,0,3,9,0,0.65,0
ORD0000093437,269.8,1,0.05,59.8229369969574,0,1,3,0,0.15,0
ORD0000044418,8881.8,0,0.143,73.16819780386788,0,2,7,0,0.65,0
ORD0000090326,430.54,0,0.05,78.7088195079479,0,1,4,0,0.15,0
ORD0000222452,83808.84,0,0.05,75.97320352758874,0,2,6,0,0.85,0
ORD0000136381,21700.67,0,0.05,74.41405014540084,0,0,2,0,0.5,0
ORD0000224485,119541.39,0,0.05,77.33539252025179,0,1,3,0,0.85,0
ORD0000013840,483.54,1,0.05,64.75513709028954,0,2,5,1,0.65,1
ORD0000009908,552.23,1,0.111,69.45055854747451,0,3,9,1,0.35,0
ORD0000208241,25426.3,1,0.143,70.6556810603371,0,2,7,1,0.3,1
ORD0000125529,9014.82,0,0.05,81.1725842205311,0,2,6,0,0.65,0
ORD0000019813,5130.24,0,0.05,76.84614897339118,0,2,5,0,0.85,0
ORD0000242785,111947.04,1,0.05,67.23978844891296,0,1,4,1,0.85,1
ORD0000203341,13442.63,0,0.091,75.04409858009932,1,4,11,0,0.85,0
ORD0000132835,503.35,1,0.05,65.4142841342721,0,2,5,1,0.15,0
ORD0000022092,5105.36,0,0.077,72.72438630833786,0,3,9,0,0.65,0
ORD0000246009,3352.12,0,0.05,72.88442044031726,0,2,5,0,0.65,0
ORD0000182199,11398.83,0,0.05,79.44898927634148,0,3,8,0,0.85,0
ORD0000203305,118121.46,0,0.05,72.65869092902483,0,3,8,0,0.85,0
ORD0000227947,4133.57,1,0.143,70.06624565228648,0,2,7,1,0.5,1
ORD0000189776,62340.66,0,0.111,80.00459820570735,0,3,9,0,0.85,0
ORD0000009775,504.34,1,0.167,67.69011313688087,0,2,6,1,0.35,0
ORD0000080746,7979.29,0,0.111,81.97731962270433,0,3,9,0,0.65,0
ORD0000173801,8342.02,1,0.05,68.41482999000029,0,1,4,1,0.65,1
ORD0000186467,25685.79,0,0.2,81.0384735514607,0,2,5,0,0.85,0
ORD0000227516,1374.64,0,0.05,80.02170636882329,0,0,2,0,0.15,0
ORD0000155678,9133.56,0,0.083,76.79837582722806,0,1,4,0,0.65,0
ORD0000191493,31899.38,1,0.2,61.118615584370644,0,2,5,1,0.85,1
ORD0000025664,1546.95,1,0.05,59.825997458375966,0,2,5,1,0.25,1
ORD0000098757,4251.09,0,0.05,73.19247720878404,0,2,5,0,0.35,0
ORD0000015996,266.06,0,0.143,67.15720084486445,0,2,7,0,0.35,0
ORD0000059393,1181.67,1,0.05,64.63717806580384,0,2,6,1,0.3,0
ORD0000074485,4599.04,1,0.5,64.9236686328711,0,0,2,0,0.5,0
ORD0000108009,2721.28,0,0.05,76.71214977366249,0,2,5,0,0.25,0
ORD0000173927,13652.44,1,0.05,60.37887308264551,1,4,10,1,0.65,1
ORD0000083951,1292.85,1,0.25,69.28016607346521,0,1,4,1,0.65,0
ORD0000180712,127334.64,0,0.05,77.26226158453188,0,2,7,0,0.85,0
ORD0000154826,5561.23,0,0.05,74.84176606250978,0,2,5,0,0.3,0
ORD0000062828,1857.98,1,0.05,65.66451586970132,0,1,4,1,0.65,0
ORD0000189313,26638.5,1,0.05,68.04498859300529,0,2,5,1,0.3,1
ORD0000121557,11398.83,0,0.375,78.31028630251593,0,3,8,0,0.85,0
ORD0000071585,3251.51,1,0.125,66.06033378847427,0,3,8,1,0.25,1
ORD0000182110,16510.44,0,0.05,74.75384081920222,0,2,6,0,0.5,0
ORD0000148031,1310.46,0,0.05,80.0752604113118,0,2,6,0,0.15,0
ORD0000082490,17943.66,1,0.05,69.1048646065184,0,2,5,1,0.85,1
ORD0000203524,3236.16,0,0.125,72.18296662815229,0,3,8,0,0.25,0
ORD0000066590,823.8,0,0.167,72.94032970843566,1,4,12,0,0.25,0
ORD0000071722,25025.44,1,0.05,66.10779726528617,0,2,5,1,0.3,1
ORD0000072003,4712.58,0,0.05,75.55800051387274,0,2,6,0,0.65,0
ORD0000113279,24686.05,1,0.167,58.8157834753963,0,2,6,1,0.5,1
ORD0000059461,6697.39,1,0.05,63.51083328611825,0,1,3,0,0.65,0
ORD0000225527,483.64,0,0.05,74.33365143068254,0,2,5,0,0.65,0
ORD0000249023,54113.93,1,0.05,69.80142931938298,0,0,2,0,0.85,0
ORD0000154364,18704.01,0,0.2,73.83373212347138,0,2,5,0,0.85,0
ORD0000166541,8960.22,1,0.05,62.967192057288536,0,1,4,1,0.3,1
ORD0000131870,1644.22,0,0.235,74.21690883236359,1,6,17,0,0.5,0
ORD0000022230,2071.69,1,0.167,58.60319837870925,0,2,6,1,0.25,1
ORD0000176809,20002.37,0,0.25,76.5714829714975,1,4,10,0,0.5,0
ORD0000172800,47825.56,1,0.05,66.9283308275215,0,2,5,1,0.3,1
ORD0000053258,1280.38,0,0.05,75.66515241325168,1,4,10,0,0.15,0
ORD0000005582,90602.07,1,0.2,66.60224423579731,0,2,5,1,0.85,1
ORD0000067084,9347.6,0,0.143,65.69824670453534,0,2,7,0,0.65,0
ORD0000089523,2199.26,0,0.167,75.42278117225548,0,2,6,0,0.15,0
ORD0000169443,417.02,1,0.05,59.81480900773411,0,2,6,1,0.15,0
ORD0000221419,7863.78,0,0.091,70.58096111321818,0,1,3,0,0.3,0
ORD0000194678,1857.06,0,0.05,75.19769807488217,0,3,8,0,0.25,0
ORD0000066195,92500.36,1,0.05,68.75868340920836,0,2,6,1,0.85,1
ORD0000078458,53411.29,1,0.05,62.78852268511171,0,3,9,1,0.5,1
ORD0000071280,123642.02,0,0.1,79.944535041737,1,4,10,0,0.85,0
ORD0000234730,54991.1,1,0.1,59.99445131960732,1,4,10,1,0.85,1
ORD0000085489,408.16,1,0.143,65.55887051051867,0,2,7,1,0.15,0
ORD0000189177,11865.76,0,0.125,72.4214300905564,0,3,8,0,0.65,0
ORD0000111811,9272.75,0,0.05,71.01834950531868,0,2,5,0,0.65,0
ORD0000049673,49663.99,0,0.273,75.79034075356151,1,4,11,0,0.85,0
ORD0000086761,3400.71,0,0.05,86.59078183410128,0,2,6,0,0.65,0
ORD0000049330,5000.79,0,0.05,74.09784100749678,0,1,4,0,0.3,0
ORD0000158123,1373.64,0,0.4,75.99895521651253,0,2,5,0,0.15,0
ORD0000231440,20283.59,0,0.333,71.58036559896135,0,2,6,0,0.3,0
ORD0000067225,11259.94,1,0.05,72.0715530325298,0,1,3,0,0.3,0
ORD0000225073,6995.89,0,0.2,73.00087787081466,0,2,5,0,0.3,0
ORD0000063775,11471.36,1,0.25,60.46296374278201,0,3,8,1,0.5,1
ORD0000192138,6483.6,0,0.05,79.28920129832987,0,3,8,0,0.65,0
ORD0000107030,74233.89,1,0.05,66.17157829671271,0,2,6,1,0.85,1
ORD0000208059,8407.85,0,0.083,76.47677373141022,1,4,12,0,0.3,0
ORD0000173016,9590.92,0,0.182,78.71493983439706,1,4,11,0,0.65,0
ORD0000196187,609.41,0,0.05,71.36894618679572,0,2,6,0,0.35,0
ORD0000058162,946.9,1,0.125,63.87892918515917,0,3,8,1,0.25,0
ORD0000065600,1003.26,1,0.125,65.10446194280942,0,3,8,1,0.15,0
ORD0000167796,1770.77,1,0.143,64.60712160404569,0,2,7,1,0.15,1
ORD0000146217,14695.4,0,0.05,73.86320510674695,1,4,12,0,0.85,0
ORD0000121892,32051.08,0,0.05,80.30188464543558,0,1,4,0,0.5,0
ORD0000074337,11590.12,0,0.05,83.6014651480102,0,1,4,0,0.3,0
ORD0000228783,11060.4,1,0.05,64.53480414197415,0,2,7,1,0.5,1
ORD0000062630,3735.36,0,0.167,73.16603289011884,0,2,6,0,0.5,0
ORD0000100682,21249.5,1,0.05,69.0274210344281,0,3,8,1,0.3,1
ORD0000115018,185.28,1,0.143,67.24982552741842,0,2,7,1,0.15,0
ORD0000078221,1725.38,0,0.05,80.63824291241261,0,2,5,0,0.15,0
ORD0000161364,2747.28,0,0.167,78.29919103194408,0,2,6,0,0.15,0
ORD0000042084,45035.98,0,0.25,78.83710045733424,0,3,8,0,0.85,0
ORD0000180143,348.23,0,0.05,65.93092706488659,0,2,7,0,0.65,0
ORD0000196906,109873.24,0,0.05,69.74479496626897,0,3,9,0,0.85,0
ORD0000067317,212.78,1,0.286,63.749204796928396,0,2,7,1,0.15,1
ORD0000031976,28526.34,0,0.143,69.16159289966814,0,2,7,0,0.5,0
ORD0000108840,50448.82,0,0.25,80.29286994661692,0,1,4,0,0.3,0
ORD0000097815,3148.02,0,0.05,82.7806769213904,0,2,5,0,0.15,0
ORD0000120397,44822.5,0,0.05,73.75419175414771,0,2,5,0,0.85,0
ORD0000073195,1087.33,1,0.1,59.85382413829784,1,4,10,1,0.15,0
ORD0000058206,7045.79,0,0.05,74.50944933542316,0,3,8,0,0.65,0
ORD0000248398,12971.99,0,0.05,76.60108045271747,0,2,5,0,0.5,0
ORD0000098219,35887.32,1,0.5,63.299658978490626,0,0,2,0,0.85,0
ORD0000137508,15598.32,0,0.25,73.86514109860187,0,3,8,0,0.3,0
ORD0000094202,70695.98,1,0.05,68.03448029272414,1,4,10,1,0.3,1
ORD0000167949,475.27,0,0.091,74.58786991454232,1,4,11,0,0.25,0
ORD0000207067,9657.98,0,0.05,74.58556637901773,0,1,4,0,0.85,0
ORD0000209937,21076.26,0,0.05,75.66240398296826,0,2,5,0,0.65,0
ORD0000126210,3433.14,1,0.077,71.1768410764549,1,5,13,1,0.15,1
ORD0000154438,66755.6,0,0.05,80.32010134274063,0,2,7,0,0.3,0
ORD0000228730,1867.96,1,0.05,55.095132604320995,0,1,4,1,0.35,1
ORD0000147968,8275.12,1,0.2,62.24331573939895,1,4,10,1,0.3,1
ORD0000124383,4335.27,1,0.2,69.40194001737248,0,2,5,1,0.85,1
ORD0000014518,513.72,0,0.167,73.66348935518978,0,2,6,0,0.15,0
ORD0000002534,6360.76,0,0.111,73.36271051235168,0,3,9,0,0.65,0
ORD0000057360,16599.91,0,0.05,74.17249434876935,0,2,7,0,0.3,0
ORD0000230887,3916.62,0,0.4,77.84803360731364,0,2,5,0,0.65,0
ORD0000197765,18978.05,1,0.05,60.98975639319707,0,1,4,1,0.5,1
ORD0000110377,53773.12,0,0.05,69.85215785825696,0,2,7,0,0.85,0
ORD0000224345,18289.74,1,0.333,55.1157941445351,0,2,6,1,0.3,1
ORD0000072659,1532.17,1,0.05,62.47112161631092,0,2,6,1,0.15,1
ORD0000248632,2004.5,0,0.05,68.32217615190254,0,2,7,0,0.35,0
ORD0000159706,28786.97,0,0.05,73.08876093615409,0,0,2,0,0.5,0
ORD0000199777,10368.44,1,0.05,66.6922760721904,0,2,6,1,0.85,1
ORD0000218793,3948.58,0,0.05,76.02513626249667,0,2,6,0,0.65,0
ORD0000086619,102355.29,0,0.111,69.1883615859044,0,3,9,0,0.85,0
ORD0000136988,393.19,1,0.05,65.9818320950967,0,1,4,1,0.15,0
ORD0000044769,19737.34,0,0.125,69.32572869262079,0,3,8,0,0.65,0
ORD0000137409,11227.92,1,0.05,57.04205876379012,0,2,5,1,0.65,1
ORD0000142200,14018.52,0,0.05,62.9938661922706,0,1,3,0,0.3,0
ORD0000161656,4355.05,1,0.05,67.44251421005146,0,2,7,1,0.65,1
ORD0000034340,3694.16,0,0.25,79.05817894418918,0,3,8,0,0.25,0
ORD0000019201,4904.42,0,0.429,74.09121533088677,0,2,7,0,0.65,0
ORD0000220635,12736.42,0,0.25,75.11554799285689,0,3,8,0,0.65,0
ORD0000125619,88720.84,0,0.05,67.95764859283112,0,1,3,0,0.85,0
ORD0000044856,75427.96,0,0.133,74.33536067153213,1,4,12,0,0.85,0
ORD0000081372,13534.58,1,0.05,72.24559766137497,0,2,5,1,0.5,1
ORD0000026972,177.46,0,0.05,68.74771650557582,0,2,7,0,0.15,0
ORD0000145051,4857.82,1,0.167,59.54181992939854,0,2,6,1,0.5,1
ORD0000090157,5943.55,1,0.2,58.20398074346781,0,2,5,1,0.65,1
ORD0000053229,2283.49,0,0.071,74.66117615063419,0,2,6,0,0.5,0
ORD0000079389,24775.77,0,0.5,71.39118016077583,0,0,2,0,0.85,0
ORD0000204611,63782.83,1,0.167,68.34479445752646,0,2,6,1,0.85,1
ORD0000134470,28523.49,0,0.05,71.10502391223018,0,2,5,0,0.85,0
ORD0000179390,1889.15,0,0.05,76.45418757592293,0,3,9,0,0.15,0
ORD0000222125,6061.15,0,0.05,74.47534112673546,0,1,4,0,0.65,0
ORD0000183449,22224.53,0,0.05,75.09860256469095,0,2,5,0,0.5,0
ORD0000142694,5405.32,0,0.05,74.98688645688011,0,1,4,0,0.65,0
ORD0000052693,12144.07,0,0.333,74.5835980393714,0,3,9,0,0.5,0
ORD0000216972,317.84,0,0.05,78.83343962289497,1,4,12,0,0.15,0
ORD0000010546,28838.89,0,0.05,78.69711010683059,0,3,8,0,0.3,0
ORD0000218451,1085.58,1,0.2,59.15034490560502,0,2,5,1,0.5,1
ORD0000028234,3948.13,0,0.05,78.54990711668488,0,2,6,0,0.5,0
ORD0000150970,876.86,0,0.05,79.92483448345307,0,2,7,0,0.65,0
ORD0000052328,3147.48,1,0.05,63.40273344070127,1,4,10,1,0.3,1
ORD0000098733,19554.16,0,0.05,81.82387971435737,0,3,9,0,0.5,0
ORD0000028989,2099.61,1,0.05,68.42302213320119,0,2,6,1,0.65,1
ORD0000012085,50852.6,0,0.167,71.56037298202506,1,4,12,0,0.3,0
ORD0000224086,1654.88,1,0.333,65.1968371510631,0,1,3,0,0.25,0
ORD0000011932,9397.6,0,0.05,70.67022770494825,0,1,3,0,0.65,0
ORD0000235655,889.66,0,0.05,68.95006608454841,0,2,5,0,0.35,0
ORD0000109188,12124.21,0,0.05,66.19843711470448,0,2,5,0,0.3,0
ORD0000050951,405.62,0,0.333,72.2316367443565,0,3,9,0,0.35,0
ORD0000050444,7847.77,0,0.1,76.71268750290628,1,4,10,0,0.5,0
ORD0000180296,874.72,0,0.167,66.42613510941726,0,2,6,0,0.35,0
ORD0000061224,3690.19,1,0.333,66.90504459803174,0,1,3,0,0.25,0
ORD0000171784,7146.96,1,0.1,65.9586862141331,1,4,10,1,0.65,1
ORD0000163210,1149.44,1,0.125,65.0633252770915,0,3,8,1,0.15,0
ORD0000132191,337.93,0,0.05,72.82094344121259,0,2,6,0,0.35,0
ORD0000190714,3400.71,1,0.05,69.21254498890305,0,3,8,1,0.65,1
ORD0000195998,82202.05,0,0.05,72.28122610503645,1,4,11,0,0.85,0
ORD0000219366,71168.4,1,0.143,68.33807881111011,0,2,7,1,0.85,1
ORD0000225776,71395.49,0,0.05,76.64653043769252,0,3,9,0,0.85,0
ORD0000137094,43811.34,1,0.333,63.652149614973,0,2,6,1,0.5,1
ORD0000098439,193194.02,1,0.143,59.66018040669991,0,2,7,1,0.85,1
ORD0000024588,3435.21,1,0.25,63.29213948485277,0,1,4,1,0.65,1
ORD0000084861,11916.38,1,0.05,69.69616821459871,0,2,5,1,0.5,1
ORD0000082841,1330.57,0,0.05,74.38657504612014,0,2,6,0,0.15,0
ORD0000197044,1707.8,0,0.333,72.13784509535539,0,1,3,0,0.35,0
ORD0000001645,16814.21,1,0.05,60.15863653412919,0,3,8,1,0.5,1
ORD0000144237,7584.25,0,0.05,71.68539040672039,0,2,6,0,0.65,0
ORD0000223121,466.18,1,0.05,67.56153458068815,0,2,6,1,0.65,0
ORD0000170143,10084.84,0,0.05,70.81181409589303,0,2,5,0,0.65,0
ORD0000106337,8478.22,0,0.05,73.02986963906211,0,0,2,0,0.3,0
ORD0000165082,5744.13,0,0.05,77.35778183979781,0,3,8,0,0.15,0
ORD0000155893,43945.82,1,0.167,64.49374013932854,0,2,6,1,0.85,1
ORD0000157575,44316.8,1,0.05,57.932836559977545,0,2,7,1,0.85,1
ORD0000150236,1666.93,1,0.167,71.24701820712346,0,2,6,1,0.3,1
ORD0000018590,902.33,1,0.125,64.67719309410813,0,3,8,1,0.35,1
ORD0000168186,924.38,0,0.143,81.79571337111835,0,2,7,0,0.65,0
ORD0000048099,59571.7,0,0.167,72.6968365129502,0,2,6,0,0.85,0
ORD0000212109,10134.84,0,0.05,77.87396077019966,0,2,6,0,0.65,0
ORD0000228403,28780.82,1,0.05,61.97025885695928,0,2,5,1,0.85,1
ORD0000098741,472.5,0,0.222,66.30056325315947,0,3,9,0,0.35,0
ORD0000085161,3753.78,1,0.05,72.31744361834163,0,2,5,1,0.65,1
ORD0000140756,9924.2,0,0.167,72.88915370408034,0,2,6,0,0.3,0
ORD0000196670,10041.81,1,0.2,58.87587258046997,1,4,10,1,0.65,1
ORD0000142053,15859.27,0,0.167,79.05894288653218,0,2,6,0,0.5,0
ORD0000178020,2478.68,0,0.2,69.92073938026876,0,2,5,0,0.65,0
ORD0000214145,2622.46,0,0.05,82.06744586619408,0,2,7,0,0.85,0
ORD0000195522,12694.11,0,0.125,67.65461105355013,0,3,8,0,0.3,0
ORD0000012593,8524.88,0,0.5,75.86327589894424,0,1,4,0,0.65,0
ORD0000177044,15565.08,0,0.125,79.64765257556172,0,3,8,0,0.3,0
ORD0000016098,393.8,0,0.05,78.8158338861873,0,2,6,0,0.35,0
ORD0000249681,54231.63,0,0.286,69.69047948166175,0,2,7,0,0.85,0
ORD0000232633,33277.02,1,0.167,62.086506754589074,0,2,6,1,0.5,1
ORD0000027978,7703.56,1,0.5,65.18391669407377,0,1,4,1,0.85,1
ORD0000201491,1467.11,0,0.05,73.74768086988617,0,2,5,0,0.15,0
ORD0000240763,61755.31,0,0.333,79.70142252633123,0,1,3,0,0.85,0
ORD0000106576,37374.91,0,0.05,74.89644183393419,0,2,6,0,0.85,0
ORD0000123942,4526.55,0,0.2,81.23832544133688,0,2,5,0,0.65,0
ORD0000009254,21723.8,0,0.05,78.2086216354198,0,1,3,0,0.85,0
ORD0000218244,17497.55,0,0.05,70.0625317439394,0,2,6,0,0.5,0
ORD0000238771,33620.99,1,0.05,58.46908623687898,0,3,9,1,0.3,1
ORD0000017525,1631.13,1,0.05,63.17498247821264,1,4,11,1,0.35,1
ORD0000137530,1357.56,0,0.85,74.47504600634572,0,0,2,0,0.15,0
ORD0000227585,114054.2,1,0.25,60.46799292803223,0,3,8,1,0.85,1
ORD0000156130,6954.7,0,0.05,74.14390099879901,0,2,7,0,0.3,0
ORD0000004348,6777.07,0,0.222,74.4625170985908,0,3,9,0,0.5,0
ORD0000057900,62086.09,0,0.05,76.02818937318027,0,2,5,0,0.85,0
ORD0000001327,30020.44,0,0.143,78.75278587903436,0,2,7,0,0.3,0
ORD0000081066,167617.68,1,0.05,64.17205761703892,0,2,5,1,0.85,1
ORD0000106157,998.81,0,0.25,72.91406049058406,0,1,4,0,0.35,0
ORD0000039951,13572.44,1,0.05,60.574915706822075,0,2,5,1,0.65,1
ORD0000115402,106011.51,1,0.05,63.06094699180253,0,1,3,0,0.85,0
ORD0000000237,233.18,0,0.143,71.91213415012226,0,2,7,0,0.35,0
ORD0000176192,5862.62,0,0.333,69.0761953354927,1,4,10,0,0.5,0
ORD0000126669,13136.16,0,0.167,74.69738448147127,0,2,6,0,0.5,0
ORD0000232868,29210.52,0,0.133,74.55274853831455,0,3,8,0,0.85,0
ORD0000115304,1544.32,0,0.05,77.89327060533526,1,4,10,0,0.65,0
ORD0000073910,3388.5,0,0.05,85.44137501545477,0,2,6,0,0.65,0
ORD0000155365,16684.34,0,0.2,71.70747013299227,0,2,5,0,0.3,0
ORD0000035244,1162.97,0,0.05,81.14656896852917,0,3,9,0,0.15,0
ORD0000172648,4618.84,1,0.05,65.89577674853336,0,2,7,1,0.3,1
ORD0000100469,1778.78,0,0.05,78.42193436293637,0,0,2,0,0.15,0
ORD0000223954,83808.84,0,0.167,71.6264863968896,0,2,6,0,0.85,0
ORD0000031614,338408.67,0,0.286,64.8119821088206,0,2,7,0,0.85,1
ORD0000086662,1118.57,0,0.05,66.70862530767839,0,2,6,0,0.35,0
ORD0000051199,5977.71,1,0.429,71.14019103971516,0,2,7,1,0.65,1
ORD0000239622,16088.17,0,0.167,76.27315348613355,0,2,6,0,0.85,0
ORD0000208538,83808.84,0,0.1,72.5963703545696,1,4,10,0,0.85,0
ORD0000091856,295.05,0,0.05,78.34241209908369,1,4,12,0,0.35,0
ORD0000015821,18027.57,0,0.25,81.95794183129442,0,3,8,0,0.3,0
ORD0000247955,22590.79,1,0.05,69.69170251276131,0,3,9,1,0.85,1
ORD0000084495,2980.66,0,0.05,72.76954515896222,1,4,12,0,0.65,0
ORD0000244454,11840.26,0,0.05,72.3917991359605,0,2,6,0,0.5,0
ORD0000090152,58537.61,0,0.125,75.85996480153075,0,3,8,0,0.85,0
ORD0000144691,1961.31,0,0.05,80.44937106486051,0,1,4,0,0.65,0
ORD0000240151,51243.42,0,0.2,83.14822378761906,0,2,5,0,0.3,0
ORD0000163888,3069.07,0,0.05,78.81308836304247,0,3,8,0,0.35,0
ORD0000199554,119441.39,1,0.2,62.824995200690715,0,2,5,1,0.85,1
ORD0000148691,17598.42,0,0.05,66.43089315333366,0,3,9,0,0.3,0
ORD0000105553,2026.92,1,0.05,66.58996257568847,0,2,6,1,0.65,1
ORD0000101030,793.83,0,0.091,83.2490273931939,0,1,4,0,0.35,0
ORD0000205769,825.31,1,0.05,66.14151382152033,0,3,8,1,0.35,0
ORD0000182796,494.04,0,0.222,75.2395767089145,0,3,9,0,0.15,0
ORD0000117099,35347.99,0,0.05,66.673432777826,0,2,5,0,0.3,0
ORD0000171432,165.25,0,0.077,78.41078108954252,1,5,13,0,0.35,0
ORD0000167774,783.61,0,0.167,76.98999318526234,1,4,12,0,0.15,0
ORD0000116944,1003.26,1,0.05,70.18559221852834,0,2,7,1,0.15,0
ORD0000080873,2104.33,1,0.25,69.32539422992909,0,1,4,1,0.15,1
ORD0000105171,39992.55,0,0.143,83.86243598230324,0,2,7,0,0.85,0
ORD0000091306,22335.31,0,0.167,73.41814401511752,0,2,6,0,0.85,0
ORD0000038396,13296.12,1,0.25,57.13813189161831,0,3,8,1,0.5,1
ORD0000056984,18553.96,0,0.05,74.40891699802283,0,1,4,0,0.3,0
ORD0000110941,7077.4,0,0.3,80.32067858195575,1,4,10,0,0.3,0
ORD0000033276,9507.83,0,0.05,73.22228544818618,0,3,8,0,0.85,0
ORD0000132535,60352.0,0,0.167,80.00042744961584,0,2,6,0,0.85,0
ORD0000077783,4143.38,0,0.077,81.41977178821246,0,2,5,0,0.25,0
ORD0000019308,9844.95,0,0.167,70.19220281236665,0,2,6,0,0.3,0
ORD0000059872,1665.26,0,0.167,72.44232582750865,0,2,6,0,0.25,0
ORD0000025803,1016.08,1,0.368,65.67748791231234,0,3,8,1,0.25,1
ORD0000025106,20915.22,0,0.2,75.72876372309511,0,2,5,0,0.3,0
ORD0000057802,55091.1,1,0.25,60.80155278717768,0,3,9,1,0.85,1
ORD0000222838,1183.68,0,0.05,76.11992419919827,0,2,7,0,0.65,0
ORD0000085044,309.55,0,0.125,76.79347165411193,0,3,8,0,0.15,0
ORD0000050228,24108.11,1,0.053,66.29185920034088,1,4,10,1,0.3,1
ORD0000116407,16396.5,1,0.05,66.31996631711147,0,2,7,1,0.65,1
ORD0000049831,174543.48,0,0.143,72.0012691208899,0,2,7,0,0.85,0
ORD0000178959,11268.0,0,0.143,79.77334522646245,0,2,7,0,0.5,0
ORD0000221263,14392.76,1,0.333,56.405232675660386,0,3,9,1,0.65,1
ORD0000008046,74659.02,0,0.143,69.31229612771621,0,2,7,0,0.85,0
ORD0000068914,10864.62,0,0.05,68.18597570470443,0,2,6,0,0.85,0
ORD0000107825,5943.6,0,0.05,73.52047888097286,0,2,5,0,0.65,0
ORD0000150765,88633.6,0,0.222,66.93755783620958,0,3,9,0,0.85,0
ORD0000208321,35254.38,0,0.167,75.0524389818304,0,2,6,0,0.3,0
ORD0000119875,17122.52,0,0.05,74.9508664594501,0,2,5,0,0.5,0
ORD0000109728,1703.7,1,0.333,66.8735853288506,0,3,9,1,0.25,1
ORD0000154994,57250.26,0,0.167,73.97195308148063,0,2,6,0,0.85,0
ORD0000011377,31895.68,0,0.05,72.00113939920168,1,4,10,0,0.85,0
ORD0000106030,68211.03,0,0.05,68.31675883850471,0,3,8,0,0.85,0
ORD0000124100,107102.51,0,0.05,65.69675524792856,0,2,6,0,0.85,0
ORD0000084541,780.11,0,0.167,77.12176322927618,0,2,6,0,0.35,0
ORD0000053206,2947.35,1,0.125,64.49478482588721,0,3,8,1,0.25,1
ORD0000195110,9901.8,1,0.059,63.38304332821607,0,3,8,1,0.65,1
ORD0000205031,132611.56,1,0.5,64.3609256800864,0,1,4,1,0.85,1
ORD0000022108,903.72,0,0.05,76.86056472707766,0,2,7,0,0.35,0
ORD0000062802,7114.12,0,0.05,75.58861057030673,0,3,8,0,0.65,0
ORD0000154711,466.73,0,0.05,71.96232936464739,0,2,6,0,0.35,0
ORD0000234254,1407.58,0,0.182,73.2076502077907,1,4,11,0,0.35,0
ORD0000095996,10516.6,1,0.286,65.2790414355258,0,2,7,1,0.85,1
ORD0000208009,573.77,1,0.05,69.56315200827105,0,3,9,1,0.35,0
ORD0000215414,299.29,0,0.2,68.88832855566932,1,4,10,0,0.35,0
ORD0000239932,227801.18,1,0.2,61.20331629270891,0,2,5,1,0.85,1
ORD0000107554,2099.61,0,0.05,59.918585630378715,0,3,8,0,0.65,0
ORD0000000756,5042.93,0,0.167,63.60127026328352,0,2,6,0,0.5,0
ORD0000218706,1707.8,1,0.05,72.81509242791466,0,2,7,1,0.35,1
ORD0000161558,7380.74,1,0.25,66.77936594378248,0,1,4,1,0.65,1
ORD0000167155,54936.62,0,0.25,77.24283721010259,0,1,4,0,0.85,0
ORD0000073876,42169.88,0,0.125,79.30102737125569,0,3,8,0,0.85,0
ORD0000194740,3682.86,1,0.167,64.61983768572398,0,2,6,1,0.65,1
ORD0000146307,1021.14,1,0.1,60.830310999605274,1,4,10,1,0.3,0
ORD0000239805,9029.03,1,0.2,67.34853030533084,0,2,5,1,0.3,1
ORD0000004495,29835.85,0,0.05,79.0962043018278,0,2,5,0,0.85,0
ORD0000062243,2649.3,0,0.286,79.0179090861062,0,2,7,0,0.25,0
ORD0000152188,10966.85,0,0.111,74.11287016383316,0,3,8,0,0.65,0
ORD0000042905,50658.35,0,0.05,72.80684583787405,0,1,3,0,0.85,0
ORD0000027023,12183.41,1,0.1,67.67086438433758,1,4,10,1,0.5,1
ORD0000125565,2980.66,1,0.143,57.30575428178069,0,2,5,1,0.65,1
ORD0000011595,873.25,0,0.167,77.28344900159387,0,2,6,0,0.25,0
ORD0000044249,359.2,0,0.3,71.32023188661213,1,4,10,0,0.15,0
ORD0000158892,252.42,0,0.05,80.09769811842474,0,3,8,0,0.35,0
ORD0000097926,9901.8,1,0.083,69.9425588816935,1,4,12,1,0.65,1
ORD0000154393,955.3,1,0.5,60.66571049284605,0,0,2,0,0.35,0
ORD0000156042,52457.36,1,0.05,73.26624280305148,0,2,5,1,0.85,1
ORD0000009499,81590.66,1,0.05,68.47792352658834,0,1,3,0,0.85,0
ORD0000112801,6813.9,0,0.05,67.4305534197562,0,2,6,0,0.65,0
ORD0000128918,16580.75,0,0.05,75.02960507740522,0,2,6,0,0.3,0
ORD0000222719,4735.0,0,0.111,78.80115331939655,0,3,9,0,0.65,0
ORD0000236691,68523.89,0,0.2,82.48538764027766,0,2,5,0,0.85,0
ORD0000040244,5502.73,0,0.143,78.25565033397206,0,2,7,0,0.65,0
ORD0000132224,32618.16,1,0.05,62.08568496514421,0,2,6,1,0.3,1
ORD0000162712,942.07,0,0.05,71.80474317498309,0,1,4,0,0.15,0
ORD0000228697,708.78,1,0.05,59.91733091090368,0,2,7,1,0.15,0
ORD0000047084,83808.84,1,0.111,65.81593879920663,0,3,9,1,0.85,1
ORD0000218864,3352.12,0,0.5,83.51090556198075,0,1,4,0,0.65,0
ORD0000126299,4817.32,0,0.05,79.88867720413316,0,3,9,0,0.65,0
ORD0000210636,326.64,1,0.05,67.52265910510881,0,1,4,1,0.35,0
ORD0000019273,2596.2,1,0.05,70.89026349140082,0,3,9,1,0.5,1
ORD0000216979,5397.86,0,0.05,82.66442598123423,0,3,8,0,0.15,0
ORD0000159506,1532.48,0,0.167,74.23607148115741,0,2,6,0,0.25,0
ORD0000212614,4869.53,0,0.05,77.86230052298535,0,1,4,0,0.65,0
ORD0000028300,15648.4,0,0.05,78.446964633367,0,2,7,0,0.85,0
ORD0000173883,1389.24,0,0.05,74.79780036374662,0,3,9,0,0.15,0
ORD0000118774,62598.0,1,0.05,62.68196876326302,0,3,9,1,0.85,1
ORD0000022912,5381.59,1,0.05,68.69361537010555,0,1,4,1,0.3,1
ORD0000174753,8848.13,0,0.167,80.10325235484602,0,2,6,0,0.65,0
ORD0000159042,7703.56,0,0.286,82.44151256929106,0,2,7,0,0.85,0
ORD0000113999,11865.76,0,0.05,76.54627526326915,0,2,7,0,0.65,0
ORD0000065302,13428.9,0,0.05,69.63049427347804,0,1,3,0,0.3,0
ORD0000115222,35303.17,0,0.05,75.86006994109533,0,2,5,0,0.85,0
ORD0000068568,6733.58,0,0.05,79.68356325538353,0,1,3,0,0.65,0
ORD0000037801,391.66,0,0.167,69.32245857752703,0,2,6,0,0.25,0
ORD0000193700,9657.98,0,0.4,79.6487035023509,0,2,5,0,0.85,0
ORD0000044524,1527.42,0,0.167,80.12395552220427,0,2,6,0,0.35,0
ORD0000172238,7634.25,0,0.05,75.37096746076114,0,1,3,0,0.65,0
ORD0000080954,330.92,0,0.05,82.78191446872887,0,2,6,0,0.35,0
ORD0000249165,1402.21,1,0.167,59.83574254337441,0,2,6,1,0.15,0
ORD0000122181,39992.55,0,0.143,69.7556239778737,0,2,7,0,0.85,0
ORD0000107551,824.22,1,0.05,65.04994814296778,0,1,4,1,0.15,0
ORD0000233404,1407.58,0,0.05,84.3967824698349,0,1,4,0,0.35,0
ORD0000214792,44316.8,0,0.05,71.5423583451796,0,2,6,0,0.85,0
ORD0000200054,2979.4,0,0.05,75.53952887494482,0,3,8,0,0.25,0
ORD0000222731,14966.62,1,0.05,62.07969824159754,0,3,8,1,0.85,1
ORD0000144329,557.09,0,0.05,73.5118673088656,0,3,9,0,0.35,0
ORD0000016386,1816.82,0,0.05,72.58667978948839,0,1,3,0,0.15,0
ORD0000099374,1337.29,0,0.125,72.78622477096096,0,3,8,0,0.25,0
ORD0000089250,1703.7,1,0.05,61.02204323380863,1,4,10,1,0.25,1
ORD0000051700,26541.96,0,0.167,67.00036648085799,0,2,6,0,0.3,0
ORD0000056233,11110.06,1,0.05,67.47133785752978,0,2,5,1,0.65,1
ORD0000055707,69652.48,0,0.05,73.46997772932828,0,2,5,0,0.85,0
ORD0000161804,1159.58,0,0.125,81.99876898608122,0,3,8,0,0.35,0
ORD0000177427,1024.38,0,0.3,76.34099420326521,1,4,10,0,0.65,0
ORD0000029589,21723.8,1,0.05,68.26609916773133,0,2,6,1,0.85,1
ORD0000063922,99327.98,0,0.05,78.19378279281207,0,1,4,0,0.85,0
ORD0000105424,680.42,1,0.333,63.863721879213,0,2,6,1,0.35,1
ORD0000026287,31940.04,0,0.1,72.47466385410776,1,4,10,0,0.3,0
ORD0000167643,25760.7,0,0.05,76.44909821493277,0,2,5,0,0.65,0
ORD0000244843,2853.86,1,0.05,54.49781647726792,0,2,7,1,0.65,1
ORD0000160638,26311.2,0,0.05,73.48497801485031,0,3,9,0,0.3,0
ORD0000145905,109533.7,0,0.05,80.31919408932578,0,2,5,0,0.85,0
ORD0000217134,15748.4,0,0.4,87.43961436052855,0,2,5,0,0.85,0
ORD0000138625,2797.71,0,0.182,70.11772421814918,1,4,11,0,0.5,0
ORD0000052208,1447.83,0,0.133,85.40307961516744,1,6,15,0,0.15,0
ORD0000060235,12426.42,0,0.05,77.85744031999255,0,2,5,0,0.85,0
ORD0000000042,10004.22,0,0.067,66.12460550753156,0,3,8,0,0.65,0
ORD0000117355,12221.34,1,0.05,60.14906953928688,0,2,7,1,0.65,1
ORD0000203916,1049.16,1,0.05,68.24012587794753,0,2,7,1,0.3,0
ORD0000017745,778.5,1,0.05,69.17801061402572,0,2,5,1,0.15,0
ORD0000094002,14142.26,0,0.05,81.79832976881536,0,2,6,0,0.65,0
ORD0000229081,41562.51,0,0.05,67.40819905670818,0,2,6,0,0.85,0
ORD0000036101,25510.43,1,0.05,68.6272282033027,0,2,7,1,0.3,1
ORD0000192583,26631.6,1,0.05,64.34476470164324,0,3,9,1,0.3,1
ORD0000202967,694.22,0,0.05,79.98473438854752,0,2,5,0,0.15,0
ORD0000002918,68081.06,0,0.167,69.20334519814895,0,2,6,0,0.85,0
ORD0000022695,6777.0,1,0.05,59.36343761761934,0,1,4,1,0.65,1
ORD0000017214,90061.5,0,0.5,76.20779012585466,0,1,4,0,0.5,0
ORD0000169050,2990.28,0,0.05,75.55710396771828,1,4,10,0,0.15,0
ORD0000027913,69803.12,0,0.05,75.92435002208613,0,1,4,0,0.85,0
ORD0000111876,47224.5,1,0.231,58.86033797499112,1,5,13,1,0.3,1
ORD0000142408,4782.93,0,0.05,77.75955049873565,0,2,6,0,0.65,0
ORD0000191199,1537.02,0,0.05,80.02284509101324,0,2,7,0,0.35,0
ORD0000090958,78340.77,1,0.111,67.8788825816443,0,3,9,1,0.85,1
ORD0000085531,41737.51,0,0.05,71.42576131017734,0,2,5,0,0.85,0
ORD0000082500,27174.33,0,0.333,71.73943995536396,0,3,9,0,0.65,0
ORD0000126584,10395.43,0,0.3,73.36539010162825,1,4,10,0,0.3,0
ORD0000115389,10516.6,0,0.143,77.899692795247,0,2,7,0,0.85,0
ORD0000184170,3603.36,0,0.05,66.8283056795794,0,2,5,0,0.25,0
ORD0000167942,3234.36,1,0.05,66.4758507907878,0,2,7,1,0.3,1
ORD0000152593,3350.57,1,0.333,61.040328049028254,0,1,3,0,0.65,0
ORD0000157143,115682.02,0,0.143,72.14826352903133,0,2,7,0,0.85,0
ORD0000208382,121925.56,0,0.05,78.89344609544645,0,2,7,0,0.85,0
ORD0000001191,1170.75,0,0.05,74.54941968091767,0,2,7,0,0.35,0
ORD0000191105,5552.7,0,0.333,71.41758213107632,0,2,6,0,0.65,0
ORD0000031950,1831.6,1,0.062,70.44074390874609,1,6,16,1,0.15,1
ORD0000130264,22224.53,0,0.125,74.37598378143566,0,3,8,0,0.5,0
ORD0000081673,8586.9,1,0.125,68.71754625293363,0,3,8,1,0.65,1
ORD0000097908,2000.42,0,0.05,68.18599320364129,0,2,7,0,0.15,0
ORD0000194458,1477.49,1,0.143,59.03499457143147,0,2,7,1,0.25,0
ORD0000104399,5137.79,1,0.25,66.12784292578107,0,1,4,1,0.3,1
ORD0000185934,30012.32,1,0.143,67.17412084565491,0,2,7,1,0.3,1
ORD0000066616,1043.88,1,0.05,63.99875990669892,0,2,7,1,0.15,0
ORD0000131576,9181.67,0,0.05,78.61120004298873,0,2,5,0,0.85,0
ORD0000146552,1444.65,0,0.05,78.74231180658619,0,3,9,0,0.15,0
ORD0000140418,12402.59,1,0.05,67.8867081095682,0,0,2,0,0.3,0
ORD0000013850,14340.27,0,0.05,73.04299018042127,0,1,3,0,0.5,0
ORD0000027365,39774.01,1,0.125,71.61793460307074,0,3,8,1,0.3,1
ORD0000121313,14921.0,0,0.167,69.09967983500479,0,2,6,0,0.3,0
ORD0000030732,830.79,0,0.111,66.92128369371383,0,3,9,0,0.15,0
ORD0000166321,12670.06,0,0.25,77.71018686617742,0,1,4,0,0.65,0
ORD0000196419,16962.68,0,0.286,78.21565170020506,0,2,7,0,0.3,0
ORD0000119965,10133.95,0,0.125,68.26461604284788,0,3,8,0,0.3,0
ORD0000089720,873.3,0,0.133,84.8278355172149,0,2,5,0,0.15,0
ORD0000011358,1254.76,1,0.05,52.167920229244885,0,2,6,1,0.25,0
ORD0000170098,5056.55,0,0.125,76.35350222551698,0,3,8,0,0.85,0
ORD0000226933,56865.78,0,0.143,78.88817115803663,0,2,7,0,0.85,0
ORD0000089902,3300.59,1,0.286,63.90508861560893,0,2,7,1,0.65,1
ORD0000037253,1149.44,1,0.091,73.05048884917821,1,4,11,1,0.15,0
ORD0000083025,11532.89,0,0.286,75.6180418631912,0,2,7,0,0.3,0
ORD0000209131,2946.35,1,0.05,59.31762125159496,0,3,8,1,0.15,1
ORD0000182227,80352.44,0,0.05,75.88763948655546,0,1,3,0,0.85,0
ORD0000082502,28667.94,1,0.25,61.02896923893455,0,1,4,1,0.3,1
ORD0000045457,20464.44,0,0.25,73.04026739969605,0,3,8,0,0.5,0
ORD0000042904,16226.76,0,0.25,75.35059912889069,0,1,4,0,0.85,0
ORD0000048650,30020.44,1,0.05,65.16691947605528,0,3,8,1,0.3,1
ORD0000225038,8670.54,0,0.05,76.67153244138059,0,3,9,0,0.85,0
ORD0000234741,54936.62,0,0.25,70.38411488339484,0,3,8,0,0.85,0
ORD0000064818,91561.43,1,0.05,66.72802259526128,0,3,8,1,0.85,1
ORD0000035941,327.82,1,0.5,63.17123026886398,0,2,6,1,0.15,1
ORD0000116296,12109.01,0,0.05,81.33014751985588,0,2,7,0,0.65,0
ORD0000241033,9739.06,0,0.167,68.41674994450898,0,2,6,0,0.65,0
ORD0000060144,817.2,1,0.077,71.45700885459657,1,5,13,1,0.35,0
ORD0000071093,800.83,1,0.333,54.27291301228016,0,1,3,0,0.65,0
ORD0000201978,19570.98,0,0.05,79.76219603698924,0,2,7,0,0.65,0
ORD0000029580,6870.82,0,0.429,79.90678207292272,0,2,7,0,0.65,0
ORD0000097536,59671.7,0,0.5,74.82873635846302,0,1,4,0,0.85,0
ORD0000233134,6627.24,1,0.05,67.1790017674698,0,2,5,1,0.25,1
ORD0000246749,48254.24,0,0.143,69.3019261815082,0,2,7,0,0.3,0
ORD0000111418,52400.22,1,0.2,65.04965990933586,0,2,5,1,0.3,1
ORD0000224353,13572.44,0,0.2,74.32761928380084,0,2,5,0,0.65,0
ORD0000093858,73359.5,1,0.05,64.58738614456041,0,1,4,1,0.85,1
ORD0000004792,49802.78,1,0.25,63.7363124530719,0,3,8,1,0.85,1
ORD0000126622,25326.09,0,0.091,77.86187048147701,1,4,11,0,0.3,0
ORD0000088180,56360.73,0,0.333,69.487535631046,0,1,3,0,0.85,0
ORD0000042945,3103.33,0,0.143,74.52569002152536,0,2,7,0,0.25,0
ORD0000210868,517.72,0,0.154,75.20961964058853,1,5,13,0,0.35,0
ORD0000155583,1364.32,0,0.167,66.63035269061807,0,2,6,0,0.15,0
ORD0000013842,25025.44,0,0.333,77.56885112439879,0,2,5,0,0.3,0
ORD0000070439,3352.12,0,0.25,83.01878356460364,0,1,4,0,0.65,0
ORD0000202725,1673.61,0,0.05,66.57326166509867,0,3,8,0,0.15,0
ORD0000179132,67319.63,0,0.05,76.53314912080636,0,3,8,0,0.85,0
ORD0000053090,4843.27,1,0.091,63.246919246735146,1,4,11,1,0.65,1
ORD0000161438,1753.9,1,0.222,71.36047427322956,0,3,9,1,0.15,1
ORD0000243066,1337.2,0,0.05,75.36743701885942,0,1,3,0,0.65,0
ORD0000047984,7461.77,1,0.05,69.42469954618521,0,1,4,1,0.65,1
ORD0000069566,3356.01,0,0.05,71.08526774159132,0,2,6,0,0.65,0
ORD0000103511,21213.11,0,0.25,76.22098062913355,0,1,4,0,0.3,0
ORD0000228381,806.3,0,0.143,71.32619177353327,0,2,7,0,0.25,0
ORD0000196972,27158.4,1,0.143,62.33687464849099,1,5,14,1,0.85,1
ORD0000011000,231.75,0,0.167,71.62623738374012,0,2,6,0,0.15,0
ORD0000248045,32580.94,1,0.05,65.33551016713176,0,1,4,1,0.3,1
ORD0000170835,3028.66,1,0.2,67.04545297223875,0,2,5,1,0.5,1
ORD0000070482,416.01,0,0.25,78.72024491205129,0,1,4,0,0.15,0
ORD0000012176,81108.74,0,0.2,81.18042317411243,1,4,10,0,0.85,0
ORD0000172617,18143.9,0,0.167,73.7270725203894,0,2,6,0,0.85,0
ORD0000103104,2016.0,0,0.111,77.4018570236683,0,3,9,0,0.25,0
ORD0000232174,106418.2,1,0.05,68.12901640632123,0,1,4,1,0.85,1
ORD0000026706,1396.74,1,0.05,63.59917567080508,0,2,5,1,0.35,0
ORD0000073889,7966.78,1,0.05,60.692689547183434,0,3,8,1,0.5,1
ORD0000212260,1341.18,1,0.125,69.07975317115138,0,3,8,1,0.25,0
ORD0000139943,99456.65,1,0.05,62.73106910626331,0,2,5,1,0.85,1
ORD0000097718,43954.92,0,0.071,73.54967127766746,0,2,6,0,0.5,0
ORD0000248635,1687.95,1,0.25,65.64954479948175,0,3,8,1,0.15,1
ORD0000173334,23826.7,0,0.05,68.83675553250875,0,3,8,0,0.85,0
ORD0000138129,2622.46,0,0.05,75.76882189747373,1,4,10,0,0.85,0
ORD0000212324,731.82,0,0.167,64.14987990467407,0,2,6,0,0.35,0
ORD0000087483,5552.7,1,0.111,65.8428795565161,0,3,9,1,0.65,1
ORD0000004717,150092.04,0,0.05,78.93455151035121,0,2,6,0,0.85,0
ORD0000231665,22096.67,0,0.1,67.67841238512781,1,4,10,0,0.3,0
ORD0000035500,22244.06,1,0.05,69.35142481197023,0,0,2,0,0.65,0
ORD0000106668,313.9,0,0.143,76.2375675506329,0,2,7,0,0.35,0
ORD0000247490,7046.81,0,0.375,79.8427356242271,0,3,8,0,0.5,0
ORD0000102786,260.44,0,0.143,73.38017106914472,0,2,7,0,0.15,0
ORD0000051817,74199.37,1,0.05,73.02608676713552,0,2,6,1,0.85,1
ORD0000109152,24775.77,1,0.05,67.32063149419716,0,3,9,1,0.85,1
ORD0000154017,572.99,1,0.05,69.95773499135407,0,1,4,1,0.15,0
ORD0000081849,15198.44,1,0.05,67.49872085837823,0,2,7,1,0.5,1
ORD0000151910,66794.13,0,0.05,61.28067409196068,0,0,1,0,0.85,0
ORD0000006291,90503.38,0,0.2,73.6696984864812,1,4,10,0,0.85,0
ORD0000074308,1411.27,0,0.2,76.82890926188126,0,2,5,0,0.15,0
ORD0000036731,1474.02,0,0.05,81.4902364891749,0,0,2,0,0.25,0
ORD0000012987,297.55,0,0.05,77.0499733109401,0,2,6,0,0.15,0
ORD0000095210,3733.92,1,0.2,62.46443540781856,0,2,5,1,0.5,1
ORD0000149158,117238.01,0,0.05,73.92149251769202,1,4,12,0,0.85,0
ORD0000173380,660.14,1,0.05,70.62558918355539,0,1,3,0,0.35,0
ORD0000224061,24184.11,0,0.1,74.03877243186149,1,4,10,0,0.3,0
ORD0000139925,301.34,1,0.05,59.97444193534572,0,3,8,1,0.15,0
ORD0000041233,16088.17,1,0.1,59.23332134276172,1,4,10,1,0.85,1
ORD0000193200,4971.22,1,0.333,57.12532019058824,0,2,6,1,0.25,1
ORD0000234993,4592.04,1,0.2,68.89737614917007,0,2,5,1,0.65,1
ORD0000060825,16119.42,0,0.05,81.67812630178979,0,2,5,0,0.3,0
ORD0000191868,11640.41,0,0.05,82.17523118458763,0,2,5,0,0.3,0
ORD0000070806,61480.17,0,0.25,84.08441099780664,0,3,8,0,0.85,0
ORD0000148459,11122.03,1,0.25,62.83444291123838,1,4,12,1,0.65,1
ORD0000022601,1230.42,0,0.4,74.1774163218663,0,2,5,0,0.35,0
ORD0000021211,117238.01,0,0.05,80.36242032378073,0,3,8,0,0.85,0
ORD0000048711,1533.16,0,0.25,70.51983090790463,0,3,8,0,0.5,0
ORD0000000347,17686.67,1,0.125,57.547072156831504,0,3,8,1,0.3,1
ORD0000011737,19764.55,1,0.25,62.8173501941807,0,1,4,1,0.85,1
ORD0000015889,10264.76,1,0.05,58.830206901608705,0,1,3,0,0.65,0
ORD0000101826,438.82,0,0.05,66.96088000973677,0,2,6,0,0.15,0
ORD0000043131,17820.43,0,0.05,80.53724787281683,0,2,5,0,0.5,0
ORD0000125824,586.87,0,0.05,76.64998169002324,0,1,4,0,0.15,0
ORD0000022923,473.77,1,0.05,72.5618204278289,0,3,9,1,0.35,0
ORD0000016349,32040.04,1,0.05,61.45437743123781,0,2,5,1,0.3,1
ORD0000235175,5259.6,0,0.111,67.58691423751252,0,3,9,0,0.25,0
ORD0000210797,8500.46,1,0.05,67.17176510750915,0,2,7,1,0.5,1
ORD0000211526,9843.99,0,0.143,66.79551991119496,0,2,7,0,0.85,0
ORD0000129177,1217.3,1,0.05,60.12807385271083,0,3,9,1,0.35,0
ORD0000034836,234476.02,0,0.143,72.52869615611571,0,2,7,0,0.85,0
ORD0000118014,244359.13,0,0.167,70.96661362067853,0,2,6,0,0.85,0
ORD0000167225,610.65,1,0.167,72.27963152258829,0,2,6,1,0.15,0
ORD0000061454,24775.77,0,0.1,64.76489493651981,1,4,10,0,0.85,0
ORD0000023490,711.25,1,0.05,74.75681721160166,0,3,8,1,0.25,0
ORD0000242141,97547.18,0,0.05,72.52006985861884,0,3,8,0,0.85,0
ORD0000032451,854.09,0,0.05,73.44245399916143,0,1,3,0,0.35,0
ORD0000056062,517.0,0,0.143,81.6956896423622,0,2,7,0,0.15,0
ORD0000200594,16630.75,1,0.125,56.878224647888196,0,3,8,1,0.3,1
ORD0000163118,227.31,1,0.125,61.42030901673927,0,3,8,1,0.15,0
ORD0000053574,942.4,0,0.05,77.47574545582121,0,2,7,0,0.15,0
ORD0000226939,2242.76,1,0.375,60.2795496362741,0,3,8,1,0.3,1
ORD0000091653,117238.01,0,0.05,72.37917116693313,0,2,6,0,0.85,0
ORD0000124656,26113.59,1,0.05,59.24429784886802,0,2,6,1,0.85,1
ORD0000119710,18779.0,1,0.111,61.32885940664752,0,3,9,1,0.5,1
ORD0000075044,2301.51,1,0.286,52.10648941829632,0,2,7,1,0.65,1
ORD0000082472,6826.22,0,0.143,78.7727893104242,0,2,7,0,0.65,0
ORD0000199223,67670.27,0,0.05,69.33943198189367,0,0,2,0,0.85,0
ORD0000085354,11916.38,1,0.167,74.8077694274901,0,2,6,1,0.5,1
ORD0000115903,3291.47,1,0.05,66.07886426375838,0,1,3,0,0.3,0
ORD0000229049,1725.38,1,0.05,65.48873233722247,0,2,6,1,0.15,1
ORD0000225814,7847.77,0,0.143,78.00482961681323,0,2,7,0,0.5,0
ORD0000186045,28555.48,1,0.05,60.165298262296616,0,3,8,1,0.3,1
ORD0000161673,139.16,1,0.111,71.35867760338186,0,3,9,1,0.15,0
ORD0000195085,5029.36,0,0.05,74.61345448667736,0,1,4,0,0.65,0
ORD0000005556,30594.19,0,0.05,83.07262551754685,0,2,7,0,0.5,0
ORD0000247636,5555.03,0,0.05,73.8423622466786,0,2,5,0,0.65,0
ORD0000107057,30208.59,0,0.05,73.71450423988472,0,3,9,0,0.85,0
ORD0000080094,10190.89,0,0.143,72.00238190493485,0,2,7,0,0.5,0
ORD0000206212,2475.93,0,0.308,78.9788922612372,1,5,13,0,0.35,0
ORD0000081532,2316.95,0,0.2,81.1176304052953,0,2,5,0,0.15,0
ORD0000227231,25426.3,1,0.111,66.34055319103582,0,3,9,1,0.3,1
ORD0000082611,85423.62,1,0.25,64.20167273031021,0,1,4,1,0.85,1
ORD0000070234,25666.76,1,0.167,63.22429024727328,0,3,8,1,0.3,1
ORD0000076636,19983.62,1,0.125,57.99222336962055,0,3,8,1,0.65,1
ORD0000202964,1713.51,0,0.1,76.37200345355394,1,4,10,0,0.65,0
ORD0000012745,4900.08,0,0.143,75.069291875454,0,2,7,0,0.65,0
ORD0000235641,509.46,1,0.125,70.58112411346605,0,3,8,1,0.35,0
ORD0000205550,181.38,0,0.286,73.09990486199324,0,2,7,0,0.15,0
ORD0000018286,22613.96,0,0.05,70.94093674721985,0,2,5,0,0.3,0
ORD0000039744,504.38,1,0.05,61.4907243806336,0,3,9,1,0.15,0
ORD0000183822,1181.84,1,0.2,60.99649211190882,0,2,5,1,0.15,0
ORD0000171431,19122.35,1,0.05,64.55614745364807,0,1,4,1,0.3,1
ORD0000162149,22385.27,1,0.2,54.620921704515716,0,2,5,1,0.3,1
ORD0000230560,9843.99,0,0.091,70.56557726158636,1,4,11,0,0.85,0
ORD0000030146,423.98,0,0.222,77.9589228212066,0,3,9,0,0.15,0
ORD0000120917,161358.44,0,0.05,71.34631955402277,0,2,5,0,0.85,0
ORD0000220787,2568.62,0,0.091,81.99416369460545,0,2,6,0,0.5,0
ORD0000033318,85606.2,0,0.091,67.33390532015018,1,4,11,0,0.85,0
ORD0000248691,24050.8,0,0.05,67.79002812601215,1,5,13,0,0.3,0
ORD0000237670,8331.77,1,0.25,63.91234694188942,0,3,8,1,0.3,1
ORD0000129134,74233.89,0,0.167,81.72142605739818,0,2,6,0,0.85,0
ORD0000188600,812.57,0,0.05,75.87718865654094,0,3,8,0,0.15,0
ORD0000066834,32618.16,0,0.05,73.21760599718642,0,0,2,0,0.3,0
ORD0000059917,32040.04,0,0.333,79.22811534917722,0,2,6,0,0.3,0
ORD0000248657,48395.81,1,0.05,59.000359621802104,0,1,3,0,0.85,0
ORD0000066844,3469.8,0,0.375,73.14487446100452,0,3,8,0,0.65,0
ORD0000165209,11614.34,0,0.05,79.11810729591052,0,1,3,0,0.5,0
ORD0000215932,33259.16,1,0.2,70.476232182432,0,2,5,1,0.85,1
ORD0000026819,3400.71,1,0.25,60.56301181849742,0,1,4,1,0.65,1
ORD0000054922,554.73,1,0.05,64.87928617619649,0,2,6,1,0.15,0
ORD0000125525,410.34,0,0.2,70.61849809851282,0,2,5,0,0.3,0
ORD0000235982,529.5,1,0.2,64.38838080362576,0,2,5,1,0.15,1
ORD0000001837,1661.8,0,0.111,66.00503425312533,0,3,9,0,0.25,0
ORD0000074070,1167.05,0,0.143,83.49412269072083,0,2,7,0,0.15,0
ORD0000190394,9787.23,1,0.2,76.96468040891882,0,2,5,1,0.3,1
ORD0000200534,812.92,0,0.167,73.48756405643651,0,2,6,0,0.35,0
ORD0000187885,1577.21,0,0.2,72.17727548116943,0,2,5,0,0.35,0
ORD0000033375,3781.59,1,0.167,64.40670047830923,0,2,6,1,0.65,1
ORD0000047155,25411.41,0,0.2,80.22546917448236,0,2,5,0,0.3,0
ORD0000031500,67319.63,1,0.091,60.16266944652253,1,4,11,1,0.85,1
ORD0000078562,5325.78,0,0.05,73.82636796415974,0,1,4,0,0.85,0
ORD0000169606,116362.32,0,0.05,79.96204837659862,0,2,6,0,0.85,0
ORD0000151185,24190.17,0,0.077,63.207227098399315,1,5,13,0,0.85,0
ORD0000241485,55675.43,0,0.273,77.59983414230187,1,4,11,0,0.85,0
ORD0000173822,1021.74,0,0.143,71.6000193314581,0,2,7,0,0.25,0
ORD0000127142,75046.02,0,0.05,77.22061518043428,0,1,4,0,0.85,0
ORD0000072258,681.67,1,0.05,68.80982905723174,0,2,7,1,0.65,1
ORD0000142913,28344.92,1,0.05,63.88320675024308,0,0,2,0,0.3,0
ORD0000179900,1495.14,0,0.333,77.32826099652775,0,3,9,0,0.15,0
ORD0000025771,23524.31,1,0.167,56.00015614740115,0,2,6,1,0.3,1
ORD0000249322,27229.72,0,0.05,75.29144298387409,0,2,5,0,0.85,0
ORD0000000131,4640.89,0,0.1,82.4223416553196,1,4,10,0,0.85,0
ORD0000049882,757.74,0,0.25,71.82812015461016,0,1,4,0,0.15,0
ORD0000096196,3321.74,0,0.286,78.77562729417694,0,2,7,0,0.65,0
ORD0000207243,16881.99,0,0.05,85.38648779119197,0,2,6,0,0.5,0
ORD0000209831,16684.34,0,0.05,75.58014787768678,0,3,8,0,0.3,0
ORD0000015047,721.42,1,0.333,63.58296576562504,0,2,6,1,0.15,1
ORD0000238998,14087.74,1,0.286,72.73615666082004,0,2,7,1,0.65,1
ORD0000175991,26182.63,0,0.05,76.58152410412126,0,2,6,0,0.3,0
ORD0000078284,1483.57,0,0.05,65.7624170755455,0,1,4,0,0.15,0
ORD0000183498,18854.43,1,0.85,60.5241022514473,0,0,1,0,0.3,1
ORD0000026600,53209.1,1,0.05,70.66558493049696,0,1,4,1,0.85,1
ORD0000184499,40795.33,0,0.091,72.99417675899967,1,4,11,0,0.85,0
ORD0000076491,9930.55,0,0.071,74.04639191501,0,2,6,0,0.5,0
ORD0000088693,1922.04,0,0.125,75.72179094062312,0,3,8,0,0.25,0
ORD0000122803,3753.78,1,0.125,73.0328219210462,0,3,8,1,0.65,1
ORD0000069436,2601.05,1,0.05,70.69536039102101,0,3,8,1,0.65,1
ORD0000195796,1292.85,1,0.05,72.89246515480707,0,3,8,1,0.65,0
ORD0000171835,841.24,1,0.2,67.55121969868479,0,2,5,1,0.35,0
ORD0000165271,9429.07,0,0.2,67.94631836625885,1,4,10,0,0.85,0
ORD0000100318,53209.1,0,0.05,80.42345571700635,0,2,5,0,0.85,0
ORD0000186307,28717.94,0,0.05,69.2305163474003,0,1,3,0,0.3,0
ORD0000027503,551.85,0,0.125,80.7494434594812,0,3,8,0,0.35,0
ORD0000178857,14042.26,0,0.05,81.61059739153622,0,2,5,0,0.65,0
ORD0000165795,5074.86,1,0.2,62.05070014750125,0,2,5,1,0.65,1
ORD0000111444,854.42,0,0.167,77.2608220052572,0,2,6,0,0.65,0
ORD0000044078,142790.98,1,0.05,66.68612030851507,0,2,7,1,0.85,1
ORD0000150727,492.95,0,0.05,72.4946856024583,0,1,4,0,0.35,0
ORD0000210553,102355.29,1,0.286,71.27283650199892,0,2,7,1,0.85,1
ORD0000126743,3682.86,0,0.143,73.72135839768806,0,2,7,0,0.65,0
ORD0000217997,2000.42,1,0.333,60.403760040348146,0,3,9,1,0.15,1
ORD0000102276,1696.5,0,0.1,69.27478027866358,1,4,10,0,0.25,0
ORD0000163109,99366.06,1,0.167,63.50780116904453,0,2,6,1,0.85,1
ORD0000081974,552.12,0,0.111,74.79484038875012,0,3,9,0,0.15,0
ORD0000041602,5513.83,0,0.25,70.01837486647887,0,1,4,0,0.5,0
ORD0000090782,2469.61,0,0.167,79.10436989580023,0,2,6,0,0.65,0
ORD0000068712,248.64,0,0.25,67.78855198087535,0,3,8,0,0.25,0
ORD0000193510,10538.13,0,0.05,67.78487133536089,0,2,6,0,0.65,0
ORD0000223374,3829.42,0,0.05,66.40503616699733,0,1,4,0,0.15,0
ORD0000022360,673.26,0,0.05,77.75742603280679,0,2,7,0,0.15,0
ORD0000020242,23141.92,0,0.176,70.54780302006871,1,4,10,0,0.5,0
ORD0000074639,4073.78,0,0.111,82.41361007760909,0,3,9,0,0.65,0
ORD0000137058,12426.42,1,0.05,68.17133125365163,0,2,6,1,0.85,1
ORD0000062703,20282.69,0,0.25,72.06136490591182,0,1,4,0,0.5,0
ORD0000199063,21189.72,1,0.05,51.97497356876948,0,1,4,1,0.5,1
ORD0000226764,53209.1,1,0.05,63.48955183378405,0,0,1,0,0.85,0
ORD0000147026,1979.93,0,0.1,89.24018741239395,1,4,10,0,0.65,0
ORD0000171491,10434.18,0,0.167,81.14708400926853,0,2,6,0,0.65,0
ORD0000183327,32201.24,1,0.05,65.28939841908307,0,2,6,1,0.85,1
ORD0000129404,134639.26,0,0.05,72.82198309728952,0,2,5,0,0.85,0
ORD0000014968,107536.62,0,0.25,72.49719441339035,0,3,8,0,0.85,0
ORD0000220646,1947.06,1,0.05,67.19307817425711,0,2,7,1,0.85,1
ORD0000185130,6697.39,0,0.182,79.07680163116332,1,4,11,0,0.65,0
ORD0000033951,8331.77,0,0.2,79.30740645121116,0,2,5,0,0.3,0
ORD0000213485,146001.02,0,0.05,84.15711512600245,0,3,9,0,0.85,0
ORD0000171383,765.7,0,0.167,69.0835830130651,0,2,6,0,0.25,0
ORD0000107537,36456.62,0,0.286,62.7796238864016,0,2,7,0,0.85,0
ORD0000021929,80679.22,0,0.091,74.33162414638558,1,4,11,0,0.85,0
ORD0000026907,4397.83,1,0.111,67.64553524002326,0,3,9,1,0.3,1
ORD0000177984,28624.12,1,0.25,71.3891482847909,0,1,4,1,0.5,1
ORD0000242860,6813.9,1,0.05,68.78856650485378,0,3,9,1,0.65,1
ORD0000171644,6422.17,0,0.05,78.6713287359057,0,2,6,0,0.65,0
ORD0000127382,23215.96,1,0.111,65.90733518311845,0,3,9,1,0.3,1
ORD0000061546,88430.46,0,0.05,81.28046661492262,0,1,3,0,0.85,0
ORD0000028647,3768.73,0,0.167,65.80392888466486,0,2,6,0,0.65,0
ORD0000085735,110427.78,0,0.111,75.09208527908233,0,3,9,0,0.85,0
ORD0000030096,43542.31,0,0.222,75.55976222925959,0,3,9,0,0.85,0
ORD0000231121,40795.33,0,0.111,79.05515851178872,0,3,9,0,0.85,0
ORD0000017216,21666.13,0,0.05,77.5346895187026,0,2,5,0,0.85,0
ORD0000049470,1529.47,0,0.05,72.1587848917121,0,3,8,0,0.15,0
ORD0000116954,1228.32,0,0.05,81.58445640889713,0,2,5,0,0.35,0
ORD0000179841,15496.65,1,0.05,59.039844475398276,0,3,8,1,0.85,1
ORD0000129769,18674.21,1,0.333,65.03696676236612,0,2,6,1,0.3,1
ORD0000116873,37219.92,1,0.05,57.88054778387613,0,1,4,1,0.85,1
ORD0000089652,248.52,0,0.2,73.45890003821009,0,2,5,0,0.35,0
ORD0000049878,44050.5,0,0.143,68.32312383906661,0,2,7,0,0.3,0
ORD0000037693,50558.35,1,0.25,70.71121757199745,0,1,4,1,0.85,1
ORD0000173569,5677.71,0,0.333,81.72261915980762,0,1,3,0,0.5,0
ORD0000176037,12620.06,1,0.05,63.49040284570579,0,2,7,1,0.65,1
ORD0000198124,60850.77,0,0.2,71.78607096479035,0,2,5,0,0.3,0
ORD0000196265,81541.86,0,0.05,68.03999466268378,0,2,6,0,0.85,0
ORD0000071814,4895.77,1,0.111,74.59907210255936,0,3,9,1,0.65,1
ORD0000031622,188.56,1,0.05,68.85731668243713,0,2,7,1,0.15,0
ORD0000037324,7658.64,0,0.125,66.82588154803588,1,4,11,0,0.65,0
ORD0000167508,691.08,0,0.25,78.64247383300504,1,4,12,0,0.25,0
ORD0000151151,16020.3,0,0.05,77.17496846749617,0,3,8,0,0.85,0
ORD0000189761,1560.3,1,0.05,75.05638377968438,0,1,4,1,0.35,0
ORD0000140719,47547.6,1,0.2,60.8227762144588,0,2,5,1,0.85,1
ORD0000204188,24190.17,1,0.05,68.82234502298574,0,2,6,1,0.85,1
ORD0000095071,4883.9,0,0.125,68.401450910565,0,3,8,0,0.65,0
ORD0000057309,16065.2,1,0.05,69.26135276253561,0,1,3,0,0.3,0
ORD0000114006,10313.1,0,0.05,75.72579615415998,0,2,5,0,0.85,0
ORD0000195126,3028.66,0,0.05,77.67032093936251,0,2,5,0,0.5,0
ORD0000185357,862.35,0,0.111,74.26848166636105,0,3,9,0,0.15,0
ORD0000183402,106011.51,1,0.071,62.18849234699643,1,5,14,1,0.85,1
ORD0000077047,12378.32,1,0.05,67.71490727711547,0,2,5,1,0.85,1
ORD0000233996,2452.21,0,0.286,73.65536692734376,0,2,7,0,0.65,0
ORD0000189326,11208.42,0,0.1,65.67130428327553,1,4,10,0,0.65,0
ORD0000127742,4140.87,0,0.25,80.33337427729646,0,1,4,0,0.5,0
ORD0000079955,7174.43,0,0.05,77.76138908069095,0,2,6,0,0.65,0
ORD0000034357,300.05,1,0.05,67.20370952413417,0,3,8,1,0.15,0
ORD0000150025,136973.33,0,0.222,73.10630935782703,0,3,9,0,0.85,0
ORD0000091345,22445.58,0,0.05,72.62774878776456,0,0,2,0,0.85,0
ORD0000002231,3401.29,0,0.286,73.35216811234618,0,2,7,0,0.3,0
ORD0000153982,17910.47,0,0.05,76.32618696950942,0,1,3,0,0.3,0
ORD0000187256,1872.04,0,0.05,75.07043463037029,0,2,7,0,0.25,0
ORD0000214659,103615.91,0,0.05,67.99172473085707,0,2,6,0,0.85,0
ORD0000176286,15401.38,0,0.25,79.11257898246268,0,3,8,0,0.85,0
ORD0000040694,7246.39,1,0.286,65.64875255239394,0,2,7,1,0.25,1
ORD0000005722,50323.53,0,0.05,82.24562351087192,0,2,6,0,0.85,0
ORD0000146068,9048.67,0,0.05,76.97049949737345,0,1,4,0,0.3,0
ORD0000049958,11531.72,1,0.05,57.56994546437236,0,3,9,1,0.65,1
ORD0000115660,9535.16,0,0.167,78.30834386347588,0,2,6,0,0.3,0
ORD0000212586,63611.4,0,0.231,70.27738016312334,0,2,7,0,0.85,0
ORD0000113384,111.23,0,0.05,66.46603112267589,0,2,6,0,0.15,0
ORD0000115459,16996.77,0,0.05,79.88577525291124,0,2,7,0,0.5,0
ORD0000169778,2776.04,0,0.05,66.92997116549404,0,2,6,0,0.25,0
ORD0000158629,23497.55,0,0.333,70.48587629608319,0,2,6,0,0.3,0
ORD0000214878,2079.38,1,0.167,69.60305628699173,0,2,6,1,0.35,1
ORD0000056383,521.77,1,0.167,76.19104528242322,0,2,6,1,0.35,0
ORD0000028463,1466.02,1,0.083,63.57132820239532,1,4,12,1,0.15,0
ORD0000111823,46060.88,0,0.429,84.62349637291199,0,2,7,0,0.85,0
ORD0000059985,2314.22,0,0.05,68.83561909865504,0,2,5,0,0.65,0
ORD0000140027,2543.38,1,0.05,60.02292099258545,0,2,5,1,0.25,1
ORD0000038974,6523.66,1,0.2,67.29857421249865,0,2,5,1,0.65,1
ORD0000189168,712.56,0,0.2,75.32519335634501,0,2,5,0,0.15,0
ORD0000117187,7816.59,0,0.05,65.71247385113595,0,2,6,0,0.5,0
ORD0000127771,109533.7,1,0.1,75.19516725588906,1,4,10,1,0.85,1
ORD0000197199,26921.96,1,0.125,61.357187252158035,0,3,8,1,0.5,1
ORD0000144591,13091.82,0,0.05,76.85016033935773,0,2,5,0,0.85,0
ORD0000192622,1280.38,1,0.167,55.44429360926421,0,2,6,1,0.15,0
ORD0000220723,66420.78,1,0.111,63.16203978639985,0,3,9,1,0.85,1
ORD0000093432,6911.29,0,0.2,69.1931047527621,0,2,5,0,0.5,0
ORD0000024726,686.2,0,0.143,69.8130671824592,0,2,7,0,0.35,0
ORD0000192207,1353.45,1,0.05,66.4286280697027,0,3,9,1,0.15,0
ORD0000034553,549.38,1,0.167,68.02362951286855,0,2,6,1,0.15,0
ORD0000219926,24190.17,0,0.05,80.2992038494188,0,2,6,0,0.85,0
ORD0000242170,119541.39,0,0.1,79.47224717266482,1,4,10,0,0.85,0
ORD0000180732,1011.36,0,0.2,79.4669450906578,1,4,10,0,0.15,0
ORD0000179117,733.09,0,0.05,73.68601549525417,0,1,4,0,0.15,0
ORD0000060574,10905.85,0,0.143,70.8966605621019,0,2,7,0,0.5,0
ORD0000193590,48887.98,0,0.05,75.18565813929973,0,2,5,0,0.3,0
ORD0000084649,58181.16,0,0.05,76.73876707547069,0,2,7,0,0.85,0
ORD0000050825,13493.41,1,0.05,60.13322936254647,0,1,3,0,0.5,0
ORD0000122711,58421.04,0,0.2,81.22888593199416,0,2,5,0,0.85,0
ORD0000158497,12426.42,1,0.125,58.83737918904701,0,3,8,1,0.85,1
ORD0000090483,110427.78,0,0.05,74.65465053650748,0,2,7,0,0.85,0
ORD0000058324,1203.48,1,0.05,70.21126213081341,0,2,6,1,0.65,0
ORD0000066416,867.2,0,0.125,72.2726656792389,0,3,8,0,0.35,0
ORD0000169259,1023.81,1,0.125,67.75892353882263,0,3,8,1,0.35,0
ORD0000200154,4735.0,0,0.05,79.10773542380633,0,1,4,0,0.65,0
ORD0000204715,2363.34,0,0.111,72.91589242064748,0,3,9,0,0.3,0
ORD0000125240,107536.62,0,0.05,76.00531485994898,0,1,4,0,0.85,0
ORD0000208274,11373.81,0,0.05,73.87799514044374,0,2,7,0,0.3,0
ORD0000128526,11476.41,1,0.111,69.4889512779447,0,3,9,1,0.5,1
ORD0000151985,929.73,1,0.05,67.47785390086082,0,2,7,1,0.25,0
ORD0000129433,11826.1,0,0.5,77.68749796081535,0,0,2,0,0.65,0
ORD0000138865,1174.65,0,0.333,76.44327043780693,0,1,3,0,0.15,0
ORD0000157760,779.03,0,0.05,75.13879587796043,0,1,4,0,0.15,0
ORD0000118053,2913.72,0,0.05,69.87924974010025,0,3,8,0,0.5,0
ORD0000116227,2146.8,0,0.158,78.62419944191902,1,4,10,0,0.15,0
ORD0000072079,3246.17,0,0.25,74.56213925405204,0,1,4,0,0.65,0
ORD0000238853,4073.78,0,0.167,69.41273150986747,0,2,6,0,0.65,0
ORD0000216725,5415.5,0,0.143,76.62343079483432,0,2,7,0,0.65,0
ORD0000139748,25029.85,0,0.05,83.27903858633063,0,2,6,0,0.85,0
ORD0000187766,1435.08,0,0.429,69.26356247455061,0,2,7,0,0.35,0
ORD0000193925,73602.19,0,0.111,72.27028139447002,0,3,9,0,0.85,0
ORD0000010859,57841.01,0,0.1,73.97776570015964,1,4,10,0,0.85,0
ORD0000183115,27179.72,1,0.25,64.53010138530287,0,1,4,1,0.85,1
ORD0000009204,2348.14,0,0.05,83.22587261585956,0,2,5,0,0.25,0
ORD0000226798,118121.46,0,0.05,80.48970599462415,0,2,7,0,0.85,0
ORD0000033544,4592.86,1,0.143,69.07064999986774,0,2,7,1,0.5,1
ORD0000059215,2042.42,1,0.05,67.69919993637622,0,2,5,1,0.25,0
ORD0000164652,37126.44,0,0.125,77.0828620181131,0,3,8,0,0.85,0
ORD0000112761,57027.1,0,0.167,70.52226204275705,0,2,6,0,0.85,0
ORD0000094031,271.76,0,0.2,70.77514645583324,1,4,10,0,0.35,0
ORD0000199338,1514.41,0,0.05,71.07442108656731,0,0,2,0,0.65,0
ORD0000222330,168.41,1,0.25,71.70529099253764,0,1,4,1,0.15,0
ORD0000222096,1209.57,1,0.25,61.55694621076286,0,3,8,1,0.5,1
ORD0000197172,14846.24,0,0.05,77.17627887651823,0,3,9,0,0.3,0
ORD0000013902,118221.42,0,0.05,67.99836674722637,0,1,3,0,0.3,0
ORD0000168439,1605.46,0,0.25,65.5489068203759,0,3,8,0,0.15,0
ORD0000019593,30294.8,1,0.05,64.74935566255904,0,2,7,1,0.3,1
ORD0000028581,8331.77,1,0.143,64.39841110078085,0,2,7,1,0.3,1
ORD0000196452,44457.02,0,0.167,79.33575965255633,0,2,6,0,0.85,0
ORD0000225130,24391.56,0,0.2,70.3362801492213,1,4,10,0,0.65,0
ORD0000133221,171081.3,0,0.125,72.67760911157234,0,3,8,0,0.85,0
ORD0000201242,102355.29,1,0.125,69.56535789988853,0,3,8,1,0.85,1
ORD0000078207,27138.7,0,0.2,74.05770824377062,1,4,10,0,0.65,0
ORD0000098374,931.48,0,0.25,78.50502980901061,0,1,4,0,0.65,0
ORD0000154056,613.88,0,0.2,72.29913333617257,0,2,5,0,0.35,0
ORD0000165061,1037.65,0,0.111,79.00253426359534,0,3,9,0,0.15,0
ORD0000247492,181006.76,0,0.05,68.63543157756581,0,3,9,0,0.85,0
ORD0000139358,52666.81,1,0.167,62.83617392360921,0,2,6,1,0.85,1
ORD0000235517,88925.64,0,0.4,75.69544471074921,1,4,10,0,0.85,0
ORD0000144573,1544.65,0,0.111,85.00906869132895,0,3,9,0,0.15,0
ORD0000099491,730.98,0,0.05,77.6139769556512,0,2,5,0,0.15,0
ORD0000019399,80352.44,0,0.167,75.19724206195876,0,2,6,0,0.85,0
ORD0000136496,35431.03,1,0.167,64.15892132801253,1,4,12,1,0.85,1
ORD0000156655,682.62,1,0.05,65.20279280341273,0,1,4,1,0.15,0
ORD0000044570,15266.41,0,0.125,79.45434418355072,0,3,8,0,0.3,0
ORD0000247476,80352.62,0,0.167,81.02296193482655,0,2,6,0,0.85,0
ORD0000234954,15906.18,1,0.333,70.44939229519753,0,3,9,1,0.3,1
ORD0000090773,8653.27,0,0.111,82.77456471183906,0,3,9,0,0.5,0
ORD0000138894,4227.67,0,0.05,79.4298324117211,0,2,5,0,0.65,0
ORD0000122185,75462.59,0,0.25,82.81905517289763,0,1,4,0,0.85,0
ORD0000054357,6697.39,0,0.25,64.31876510663456,0,3,8,0,0.65,0
ORD0000163274,628.95,0,0.333,74.48716999428028,0,2,6,0,0.15,0
ORD0000190276,344.91,1,0.05,66.82159879317634,0,1,3,0,0.35,0
ORD0000101878,613.88,1,0.167,75.96790690898163,0,2,6,1,0.35,0
ORD0000006621,30277.56,0,0.4,77.87627542339958,0,2,5,0,0.5,0
ORD0000161636,4939.22,0,0.111,74.47247223149182,0,3,9,0,0.65,0
ORD0000087092,42520.68,1,0.05,55.36488661936816,0,3,8,1,0.3,1
ORD0000123165,815.63,0,0.05,78.80755761489034,0,1,4,0,0.35,0
ORD0000086287,42897.48,0,0.05,80.85854483670676,0,3,8,0,0.3,0
ORD0000132574,236279.82,1,0.167,60.89836883689457,0,2,6,1,0.85,1
ORD0000022838,30020.5,1,0.05,58.44974030647678,0,1,4,1,0.5,1
ORD0000241398,5525.13,0,0.05,75.939911167794,0,2,5,0,0.65,0
ORD0000074863,51352.73,0,0.167,74.6504659908374,0,2,6,0,0.85,0
ORD0000231978,529.91,1,0.05,60.66169289972156,0,2,6,1,0.35,1
ORD0000059182,14124.92,1,0.05,56.44220271921908,0,2,6,1,0.65,1
ORD0000059543,3948.58,0,0.167,79.2237535328933,0,2,6,0,0.65,0
ORD0000110965,977.13,0,0.25,66.84065303856849,0,1,4,0,0.25,0
ORD0000194080,155313.45,0,0.125,67.12115516253007,0,3,8,0,0.85,0
ORD0000138673,14695.4,1,0.143,56.37808703060196,0,2,7,1,0.85,1
ORD0000155919,21910.32,0,0.2,80.04751753429983,0,2,5,0,0.3,0
ORD0000145480,7395.35,0,0.05,75.94091191901613,0,0,2,0,0.3,0
ORD0000119151,117238.01,1,0.05,51.67013978315501,0,2,5,1,0.85,1
ORD0000101904,10075.56,0,0.5,71.77448065269373,1,4,10,0,0.65,0
ORD0000192648,11472.92,0,0.083,76.03087442511598,1,4,12,0,0.3,0
ORD0000203089,14477.73,0,0.167,80.1635645804497,0,2,6,0,0.85,0
ORD0000125511,15565.08,0,0.5,72.02663837443593,0,1,4,0,0.3,0
ORD0000082366,142965.64,1,0.05,66.50594250011612,1,4,12,1,0.85,1
ORD0000226057,58181.16,1,0.25,65.11341970524084,0,3,8,1,0.85,1
ORD0000217430,11486.1,1,0.111,63.72025843104664,0,3,9,1,0.65,1
ORD0000098789,1030.42,1,0.05,66.39126778663058,0,1,4,1,0.25,0
ORD0000122388,4556.39,0,0.143,74.03971822806854,0,2,7,0,0.65,0
ORD0000197707,1271.35,0,0.2,75.31797004740866,0,2,5,0,0.65,0
ORD0000084306,90503.38,0,0.05,72.56475228974841,0,3,8,0,0.85,0
ORD0000087222,35186.38,0,0.05,74.21454877186726,0,2,5,0,0.3,0
ORD0000090359,1490.2,0,0.143,62.93963689998914,0,2,7,0,0.25,0
ORD0000212532,21223.76,1,0.167,70.79782722997261,0,2,6,1,0.65,1
ORD0000217964,3862.54,0,0.05,71.38352141163287,0,2,5,0,0.65,0
ORD0000151191,1620.9,1,0.091,70.4902638714706,1,4,11,1,0.25,1
ORD0000102798,30020.44,1,0.429,59.55339312802887,0,2,7,1,0.3,1
ORD0000074394,28786.97,0,0.05,71.60652415802933,0,2,6,0,0.5,0
ORD0000249190,1505.62,1,0.05,70.01786458423585,0,2,6,1,0.65,1
ORD0000124782,1018.4,0,0.333,78.9185849659216,0,2,6,0,0.35,0
ORD0000230801,245215.8,0,0.05,83.11927618124125,0,1,4,0,0.85,0
ORD0000032068,2619.75,1,0.05,64.66302001188726,0,2,7,1,0.25,1
ORD0000092139,16065.2,0,0.05,68.07785592646137,0,2,6,0,0.3,0
ORD0000163071,60962.78,1,0.333,59.644506884924695,0,2,6,1,0.85,1
ORD0000066356,8009.55,0,0.333,77.81593869793949,0,2,6,0,0.65,0
ORD0000218593,23194.38,0,0.05,79.69630906437682,0,2,7,0,0.85,0
ORD0000111191,9872.2,0,0.05,84.90546032234731,0,2,5,0,0.5,0
ORD0000217763,31131.97,0,0.05,76.44567239790817,0,2,7,0,0.3,0
ORD0000127889,3352.12,0,0.286,68.91245580571314,0,2,7,0,0.65,0
ORD0000168011,1961.31,1,0.05,65.58534798193105,0,3,8,1,0.65,1
ORD0000124246,532.4,0,0.286,70.31547644961695,0,2,7,0,0.15,0
ORD0000209124,17597.35,0,0.05,70.20158274655824,1,4,10,0,0.3,0
ORD0000016535,61389.65,0,0.2,83.5822899539745,0,2,5,0,0.85,0
ORD0000006230,11815.76,1,0.05,58.40462215956438,1,4,11,1,0.65,1
ORD0000119269,51257.54,0,0.333,77.90977124233721,0,1,3,0,0.3,0
ORD0000239508,8434.23,0,0.125,74.13554650405233,0,3,8,0,0.65,0
ORD0000128776,63611.4,1,0.05,61.73821592564561,0,2,6,1,0.85,1
ORD0000100766,4040.86,0,0.167,72.74078655447403,0,2,6,0,0.65,0
ORD0000232098,2314.22,0,0.167,83.25940670100478,1,4,12,0,0.65,0
ORD0000041144,3017.16,1,0.05,67.6026599879434,0,3,8,1,0.25,1
ORD0000081764,9794.9,0,0.25,72.76150666022765,0,3,8,0,0.5,0
ORD0000202535,19755.86,0,0.05,80.03148686699326,0,2,5,0,0.5,0
ORD0000108418,1254.96,0,0.05,74.82697819866164,0,2,5,0,0.35,0
ORD0000119133,715.6,1,0.167,63.07450464230259,0,2,6,1,0.15,0
ORD0000216774,264.38,0,0.05,81.61888048738493,0,2,5,0,0.15,0
ORD0000125202,13225.86,1,0.5,63.31651503395784,0,3,8,1,0.85,1
ORD0000174327,44462.82,0,0.154,75.40016496882707,0,2,6,0,0.85,0
ORD0000060392,3682.86,0,0.05,79.66153250037729,0,3,8,0,0.65,0
ORD0000129414,1021.74,0,0.083,72.77699927354101,1,4,12,0,0.25,0
ORD0000183684,1635.14,0,0.05,81.68541114886723,0,3,8,0,0.15,0
ORD0000115454,6894.98,0,0.25,79.60796605291304,0,3,8,0,0.3,0
ORD0000232311,10372.33,0,0.05,78.51879926050634,0,1,3,0,0.65,0
ORD0000162071,14669.48,0,0.05,78.08442819617063,1,4,10,0,0.85,0
ORD0000088676,77337.51,1,0.2,66.15581272073958,0,2,5,1,0.85,1
ORD0000168018,1200.19,0,0.1,78.87444767745131,1,4,10,0,0.15,0
ORD0000247970,117238.01,0,0.25,71.46551949489493,1,4,12,0,0.85,0
ORD0000028379,11998.34,1,0.05,66.41554126661711,0,2,5,1,0.65,1
ORD0000122458,20597.34,0,0.05,70.51606395072018,0,0,2,0,0.3,0
ORD0000034487,7909.55,1,0.05,58.019914828745584,0,2,7,1,0.65,1
ORD0000137291,5381.59,0,0.05,81.65560170334166,0,2,6,0,0.3,0
ORD0000029004,2113.54,0,0.05,80.26557270326855,0,1,3,0,0.15,0
ORD0000070169,2167.42,0,0.333,65.884148323338,0,1,3,0,0.25,0
ORD0000086236,126682.89,1,0.05,61.62516853861968,0,3,8,1,0.85,1
ORD0000029466,58977.1,0,0.375,79.31673307475488,0,3,8,0,0.3,0
ORD0000182408,85765.84,1,0.05,69.67572757035708,0,2,5,1,0.85,1
ORD0000183017,5553.19,1,0.111,62.339317936129916,0,3,9,1,0.65,1
ORD0000144919,23092.54,0,0.05,75.51111502877869,0,3,9,0,0.5,0
ORD0000221360,26200.11,1,0.05,70.29979832920117,0,1,3,0,0.3,0
ORD0000131100,198913.3,0,0.05,74.3757126937802,0,2,7,0,0.85,0
ORD0000037672,55091.1,0,0.143,75.4237318468769,0,2,7,0,0.85,0
ORD0000184695,1407.58,0,0.05,77.04435278461098,0,3,8,0,0.35,0
ORD0000210204,8112.18,0,0.125,71.10374279180128,0,3,8,0,0.65,0
ORD0000108005,28285.25,0,0.167,74.65131890998902,0,2,6,0,0.5,0
ORD0000245313,589.57,0,0.091,75.37283686265094,1,4,11,0,0.65,0
ORD0000110888,7070.31,0,0.6,80.89038698864752,0,2,5,0,0.5,0
ORD0000001246,4443.83,0,0.05,78.60865792461165,0,2,7,0,0.65,0
ORD0000082244,8881.26,0,0.05,74.46295893647007,0,3,8,0,0.65,0
ORD0000012728,7114.12,1,0.167,64.44870373422651,0,2,6,1,0.65,1
ORD0000210288,707.91,0,0.167,68.10655084960487,0,2,6,0,0.5,0
ORD0000164538,175.02,1,0.05,67.81550346326978,0,2,6,1,0.35,0
ORD0000142902,16638.51,0,0.2,74.01255025374772,0,2,5,0,0.5,0
ORD0000177831,33653.2,0,0.05,80.98072403022647,0,2,5,0,0.85,0
ORD0000034273,106011.51,0,0.333,77.9782175569072,0,1,3,0,0.85,0
ORD0000081151,60500.25,0,0.05,80.22893824549394,0,1,4,0,0.85,0
ORD0000048418,9268.8,0,0.05,72.78714175645646,0,3,8,0,0.3,0
ORD0000153050,607.12,0,0.1,82.6281615865187,1,4,10,0,0.65,0
ORD0000013252,19618.94,0,0.091,78.14552661850611,1,4,11,0,0.5,0
ORD0000052610,26459.94,0,0.05,78.61504931996073,0,2,5,0,0.3,0
ORD0000045870,2512.31,0,0.05,74.7751914748551,0,1,4,0,0.65,0
ORD0000147636,50658.35,0,0.1,73.93042385404104,1,4,10,0,0.85,0
ORD0000113115,415.96,0,0.05,71.21498720049645,0,2,7,0,0.15,0
ORD0000095634,20065.81,0,0.05,61.33119421560823,0,2,6,0,0.5,0
ORD0000238428,125509.74,0,0.286,74.152353075109,0,2,7,0,0.85,0
ORD0000205334,18005.7,1,0.05,63.22849546228075,1,4,10,1,0.65,1
ORD0000152911,2314.96,1,0.133,64.34389238602064,1,4,12,1,0.15,1
ORD0000089235,107049.38,0,0.1,72.25869605515018,1,4,10,0,0.85,0
ORD0000154740,6695.01,1,0.2,61.39460062776132,0,2,5,1,0.65,1
ORD0000245475,4343.32,0,0.05,76.10248502185576,0,1,4,0,0.85,0
ORD0000124243,10609.5,0,0.05,80.97245835827,0,2,6,0,0.85,0
ORD0000019856,107536.62,1,0.15,72.54558164950554,1,4,12,1,0.85,1
ORD0000158930,77337.51,0,0.167,77.86448397350159,0,2,6,0,0.85,0
ORD0000229983,74199.37,1,0.05,62.80122192786005,0,2,6,1,0.85,1
ORD0000152037,1929.09,1,0.05,67.1491007362191,0,2,6,1,0.65,1
ORD0000085468,47547.6,1,0.05,71.98379086518288,0,2,5,1,0.85,1
ORD0000168689,3490.05,0,0.05,73.69299201923717,0,1,4,0,0.25,0
ORD0000225417,82135.67,0,0.167,77.83409101834168,0,2,6,0,0.85,0
ORD0000017080,2416.27,0,0.2,73.01577874664162,0,2,5,0,0.5,0
ORD0000053815,2336.58,1,0.05,64.2484517386,0,2,6,1,0.5,1
ORD0000200814,21448.74,0,0.05,66.77102665773535,0,2,5,0,0.3,0
ORD0000119705,15552.66,0,0.167,76.67248304340768,0,2,6,0,0.85,0
ORD0000233071,203405.64,0,0.333,72.3025011811765,0,1,3,0,0.85,0
ORD0000154651,1056.02,1,0.143,64.18081469082321,0,2,7,1,0.65,0
ORD0000013988,29842.0,1,0.25,64.07130309615069,0,3,8,1,0.3,1
ORD0000152293,9575.44,1,0.4,73.89181571385367,0,2,5,1,0.65,1
ORD0000001744,8396.32,0,0.05,80.05955732887406,0,3,9,0,0.65,0
ORD0000099098,70059.18,0,0.25,75.89782324044349,0,3,8,0,0.85,0
ORD0000102901,765.23,0,0.167,73.67929569430832,0,2,6,0,0.25,0
ORD0000010890,40507.83,0,0.333,80.01932435530972,0,2,6,0,0.85,0
ORD0000013929,2100.43,0,0.05,71.52938185675634,0,1,4,0,0.65,0
ORD0000098401,35254.38,0,0.25,78.24669202358004,0,1,4,0,0.3,0
ORD0000213963,3735.36,0,0.083,79.59809648811093,0,1,3,0,0.5,0
ORD0000009948,2874.72,1,0.25,54.703937575642215,0,3,8,1,0.35,1
ORD0000056918,6980.1,1,0.05,52.72970422854942,0,2,6,1,0.25,1
ORD0000230005,4363.94,0,0.25,75.1932100154111,0,1,4,0,0.85,0
ORD0000181975,2187.02,0,0.05,76.58386541401701,0,2,7,0,0.25,0
ORD0000232786,23015.2,1,0.167,64.98628271902447,0,2,6,1,0.3,1
ORD0000153419,9827.93,1,0.05,61.07719328407404,1,4,11,1,0.5,1
ORD0000093054,101981.38,0,0.2,72.08136523836141,0,2,5,0,0.85,0
ORD0000030526,99316.06,0,0.143,75.16790260814055,0,3,9,0,0.85,0
ORD0000219502,29484.21,0,0.2,75.71353845296504,1,4,10,0,0.85,0
ORD0000133523,25358.9,0,0.222,70.0599106769276,0,3,9,0,0.3,0
ORD0000209163,2607.24,0,0.286,71.91116937248508,0,2,7,0,0.65,0
ORD0000015345,70059.18,1,0.05,58.91148519114391,0,2,6,1,0.85,1
ORD0000237001,11158.56,1,0.05,64.97758563413066,0,2,5,1,0.3,1
ORD0000213182,1058.07,1,0.333,67.39929489762999,0,2,6,1,0.35,1
ORD0000055758,3241.08,1,0.333,64.94561122845845,0,1,3,0,0.25,0
ORD0000096461,8051.34,1,0.05,57.166849394977675,0,2,5,1,0.25,1
ORD0000032358,12122.58,0,0.05,77.11936440381096,0,2,5,0,0.65,0
ORD0000220159,1779.35,1,0.05,65.00674686740733,0,3,9,1,0.15,1
ORD0000184071,53773.12,0,0.05,63.311799960769186,0,1,4,0,0.85,0
ORD0000157188,1088.25,1,0.05,62.65488429642226,0,0,2,0,0.35,0
ORD0000171310,10285.7,1,0.05,69.63320495538964,0,3,8,1,0.85,1
ORD0000185260,58537.61,1,0.143,62.267414265443904,0,2,7,1,0.85,1
ORD0000184739,9429.07,0,0.25,73.65220672157753,0,3,8,0,0.85,0
ORD0000188729,6402.71,1,0.05,63.65783359897918,0,2,5,1,0.65,1
ORD0000104515,194.52,1,0.05,62.46571459756751,0,2,6,1,0.25,1
ORD0000113980,41003.83,0,0.05,79.86181063796727,0,2,7,0,0.5,0
ORD0000158723,855.28,0,0.333,68.6899283782696,0,1,3,0,0.15,0
ORD0000124776,7046.81,0,0.05,76.4075798400746,0,2,6,0,0.5,0
ORD0000040288,25637.37,0,0.05,75.82542460279004,0,1,3,0,0.3,0
ORD0000245720,680.42,1,0.05,68.71455362105816,0,3,8,1,0.35,1
ORD0000228470,1435.08,0,0.222,73.37901178056467,0,1,4,0,0.35,0
ORD0000222760,10516.6,0,0.05,80.56994488146958,0,3,9,0,0.85,0
ORD0000040502,707.91,0,0.05,68.45233336141243,0,2,6,0,0.5,0
ORD0000110198,70059.18,0,0.143,75.7002722380859,0,2,7,0,0.85,0
ORD0000231631,23208.19,0,0.111,75.29363540972068,0,3,9,0,0.85,0
ORD0000036690,20321.93,0,0.05,75.9279512995676,0,1,3,0,0.3,0
ORD0000230602,2523.44,1,0.05,61.34167808560406,0,1,3,0,0.5,0
ORD0000165932,133.17,1,0.143,68.23919290076431,0,2,7,1,0.35,0
ORD0000083211,8135.86,1,0.429,62.69024218770609,0,2,7,1,0.5,1
ORD0000187681,12426.42,0,0.05,80.72991251121454,0,2,6,0,0.85,0
ORD0000043100,53723.12,0,0.286,84.90224337854309,1,5,14,0,0.85,0
ORD0000044680,17167.33,0,0.5,67.29877142604165,0,1,4,0,0.3,0
ORD0000143239,84855.75,0,0.2,79.11984622042536,0,2,5,0,0.5,0
ORD0000071586,11531.72,0,0.05,72.3763020239243,0,0,2,0,0.65,0
ORD0000157063,1789.82,1,0.2,65.51996059812468,0,2,5,1,0.15,1
ORD0000246059,1292.38,1,0.25,58.938546978854205,0,3,8,1,0.15,0
ORD0000167443,7612.76,0,0.05,78.86909477223595,0,3,8,0,0.3,0
ORD0000196986,9313.22,0,0.05,64.65245396431496,0,0,2,0,0.5,0
ORD0000224603,4706.87,0,0.05,72.74186441104588,0,1,3,0,0.65,0
ORD0000127920,5020.83,1,0.111,63.990673279621305,0,3,9,1,0.15,1
ORD0000184176,49086.6,0,0.2,85.30383190120104,0,2,5,0,0.5,0
ORD0000184658,90258.0,1,0.05,65.1313783481015,0,2,5,1,0.85,1
ORD0000111618,3208.15,1,0.05,67.83679088984059,0,2,5,1,0.25,1
ORD0000004743,1544.32,0,0.05,78.04354335206948,0,2,6,0,0.65,0
ORD0000154945,15343.74,0,0.05,79.05413522727434,0,3,9,0,0.5,0
ORD0000004185,41499.79,0,0.05,74.86481965285597,0,2,7,0,0.85,0
ORD0000227362,11597.19,0,0.05,81.79506205899405,0,2,5,0,0.85,0
ORD0000131565,5677.71,0,0.2,76.06957866959797,0,2,5,0,0.5,0
ORD0000112465,10615.62,1,0.05,68.09387361801423,0,1,3,0,0.3,0
ORD0000161026,11930.14,0,0.05,80.9563359534743,0,3,8,0,0.85,0
ORD0000086111,29178.76,0,0.05,72.52543462937408,0,2,5,0,0.3,0
ORD0000060627,1733.68,1,0.091,70.257266315512,1,4,11,1,0.25,1
ORD0000027399,70668.33,1,0.05,60.02528653513708,1,4,11,1,0.85,1
ORD0000048740,1947.15,1,0.111,61.93703005680399,0,3,9,1,0.25,1
ORD0000135255,865.0,1,0.05,65.05950368804427,0,2,6,1,0.15,0
ORD0000243639,7196.38,0,0.125,77.25611313188085,0,3,8,0,0.65,0
ORD0000086550,8053.32,0,0.05,80.00575262559495,0,2,6,0,0.65,0
ORD0000221668,6054.01,1,0.05,69.49990940460589,0,1,4,1,0.3,1
ORD0000040535,39992.55,1,0.062,62.92921698620399,1,4,10,1,0.85,1
ORD0000209047,1604.59,0,0.25,74.75434411844982,0,3,8,0,0.65,0
ORD0000060567,11477.71,1,0.05,65.16817236625255,0,2,6,1,0.5,1
ORD0000207003,35584.2,0,0.05,74.60168925034235,0,3,8,0,0.85,0
ORD0000108817,1163.57,0,0.167,66.3963240423441,0,2,6,0,0.65,0
ORD0000064039,10054.22,0,0.05,78.8755798592759,1,4,11,0,0.65,0
ORD0000230917,8815.41,0,0.167,72.59996596722533,0,2,6,0,0.5,0
ORD0000020938,25860.58,0,0.5,65.88250462567288,0,3,8,0,0.5,1
ORD0000040794,2622.46,0,0.083,75.53209099282837,1,4,12,0,0.85,0
ORD0000211912,30309.16,0,0.2,76.23886161596761,0,2,5,0,0.5,0
ORD0000051713,245.79,0,0.05,70.31359276599187,1,4,11,0,0.35,0
ORD0000182459,34081.56,0,0.25,77.7954767740623,0,3,8,0,0.85,0
ORD0000214858,118943.76,0,0.05,64.87504561634555,0,2,6,0,0.85,0
ORD0000015678,9386.46,0,0.05,77.7816080196085,0,1,4,0,0.65,0
ORD0000015576,543.39,1,0.05,68.96060234947151,0,2,5,1,0.15,0
ORD0000208912,6911.29,1,0.143,59.69195863737302,0,2,7,1,0.5,1
ORD0000236246,72998.84,1,0.2,64.33648683039318,0,2,5,1,0.85,1
ORD0000193082,61819.67,0,0.05,72.66788163078373,0,2,7,0,0.85,0
ORD0000030808,79733.48,0,0.222,81.68521766260363,0,3,9,0,0.85,0
ORD0000162837,1407.58,0,0.05,76.05806244932313,0,2,6,0,0.35,0
ORD0000234027,57070.18,0,0.05,79.2835956841578,1,4,11,0,0.85,0
ORD0000037973,4825.91,0,0.4,73.49918101936623,0,2,5,0,0.85,0
ORD0000144636,42169.88,0,0.25,78.7700777169671,0,1,4,0,0.85,0
ORD0000110322,10046.55,1,0.2,59.548774605987774,0,2,5,1,0.5,1
ORD0000185489,8881.26,0,0.25,77.07694062151286,0,1,4,0,0.65,0
ORD0000242119,11395.38,0,0.125,67.38397380826878,0,3,8,0,0.3,0
ORD0000193047,1616.44,0,0.05,83.27068986125819,0,2,7,0,0.3,0
ORD0000234573,28818.53,0,0.05,82.43830943657458,0,2,5,0,0.65,0
ORD0000173583,26486.98,0,0.05,84.37003348004392,0,1,4,0,0.3,0
ORD0000051010,2369.75,0,0.2,78.87865898427403,0,2,5,0,0.15,0
ORD0000204405,23849.76,0,0.05,70.20012037263427,0,2,7,0,0.3,0
ORD0000194028,182.72,0,0.05,79.74254902769351,0,2,6,0,0.3,0
ORD0000051818,19035.3,0,0.286,69.8195333726494,0,2,7,0,0.3,0
ORD0000213383,38774.9,0,0.05,77.54577508964395,0,2,6,0,0.85,0
ORD0000202262,14772.9,0,0.05,76.03198397851233,0,3,8,0,0.85,0
ORD0000054556,1257.56,1,0.05,66.38575507245889,0,2,6,1,0.15,0
ORD0000153496,8112.18,1,0.05,64.36278920657587,0,2,5,1,0.65,1
ORD0000242153,692.46,1,0.05,66.77853154260222,1,4,10,1,0.15,0
ORD0000042295,34017.19,0,0.05,80.26847630218279,0,3,8,0,0.3,0
ORD0000200002,372.07,0,0.25,76.56583449097484,0,1,4,0,0.15,0
ORD0000018477,1295.65,0,0.182,76.00884599070103,0,3,8,0,0.65,0
ORD0000223156,5561.23,1,0.059,64.97605452767375,1,4,11,1,0.3,1
ORD0000232544,1287.56,0,0.4,77.36238109438963,0,2,5,0,0.35,0
ORD0000027013,82757.67,0,0.05,74.44192265472688,0,2,7,0,0.5,0
ORD0000116723,74659.02,0,0.05,84.29813491767752,0,2,6,0,0.85,0
ORD0000135729,1167.05,0,0.125,72.80051004055386,0,3,8,0,0.15,0
ORD0000184171,25029.85,1,0.111,58.798430536935015,0,3,9,1,0.85,1
ORD0000115986,50717.8,1,0.05,61.43453238412372,0,3,9,1,0.3,1
ORD0000217634,86231.99,0,0.071,74.94188751889503,1,5,14,0,0.85,0
ORD0000222461,1823.9,1,0.125,68.6946084776859,0,3,8,1,0.15,1
ORD0000056143,531.81,0,0.05,74.96524340294799,0,3,9,0,0.35,0
ORD0000161163,2026.56,0,0.125,76.32266764329826,0,3,8,0,0.15,0
ORD0000121504,10966.85,1,0.167,61.57120939266584,0,2,6,1,0.65,1
ORD0000071040,23556.11,0,0.125,85.03462301394595,0,3,8,0,0.85,0
ORD0000197462,29359.13,0,0.05,75.50418845699842,0,1,4,0,0.5,0
ORD0000043694,5137.79,0,0.05,78.15227878014304,0,2,7,0,0.3,0
ORD0000190319,10087.48,0,0.125,72.03574634157921,0,3,8,0,0.65,0
ORD0000075187,3393.0,0,0.05,76.46337564502603,0,3,8,0,0.25,0
ORD0000072910,917.52,0,0.2,81.23656472823686,0,2,5,0,0.15,0
ORD0000014246,19736.52,1,0.05,64.90344348811739,0,2,6,1,0.5,1
ORD0000103139,40457.83,0,0.25,76.37411443014724,0,3,8,0,0.85,0
ORD0000222064,49575.7,0,0.05,68.24008905802813,0,2,7,0,0.3,0
ORD0000044213,85102.55,0,0.25,75.83043144204936,0,1,4,0,0.85,0
ORD0000066873,2206.99,0,0.333,69.46372083363283,0,2,6,0,0.65,0
ORD0000200275,14559.32,0,0.125,81.07756074449321,0,3,8,0,0.5,0
ORD0000120763,675.51,1,0.143,61.70224805792761,0,2,7,1,0.25,1
ORD0000052825,1206.64,0,0.167,78.65826819956472,0,2,6,0,0.35,0
ORD0000029080,2521.06,0,0.05,70.06843674013622,0,2,6,0,0.65,0
ORD0000104916,92500.36,0,0.167,82.41213751028657,0,2,6,0,0.85,0
ORD0000081726,2615.4,0,0.05,71.86935751482413,0,2,7,0,0.65,0
ORD0000095140,122779.3,0,0.333,70.94980438131822,0,2,6,0,0.85,0
ORD0000199843,16046.38,1,0.05,72.71044510610626,0,1,4,1,0.3,0
ORD0000018408,123160.34,0,0.214,66.6600182793953,0,3,9,0,0.85,0
ORD0000042333,14933.28,1,0.125,60.120664498220634,0,3,8,1,0.85,1
ORD0000109175,37374.91,0,0.05,69.59933657654884,0,1,4,0,0.85,0
ORD0000133406,6777.07,0,0.05,77.81750855120659,0,1,4,0,0.5,0
ORD0000162060,531.22,1,0.05,64.77145534654717,0,2,6,1,0.15,0
ORD0000118333,122.99,0,0.4,74.61137903618337,0,2,5,0,0.15,0
ORD0000006730,32040.2,0,0.05,75.41138518302336,0,2,6,0,0.5,0
ORD0000153042,330.63,0,0.2,75.07692094597391,0,2,5,0,0.35,0
ORD0000133207,2590.46,1,0.05,64.42109921654678,0,2,5,1,0.5,1
ORD0000130933,10516.6,0,0.111,82.41843305744449,0,3,9,0,0.85,0
ORD0000135769,7725.08,0,0.286,83.3436378581808,0,2,7,0,0.65,0
ORD0000010812,22096.67,1,0.167,60.33313772367779,0,2,6,1,0.3,1
ORD0000090364,57813.34,1,0.05,56.90171778732876,0,2,5,1,0.85,1
ORD0000193299,1147.79,0,0.05,73.33608310565012,0,1,3,0,0.35,0
ORD0000230939,103615.91,0,0.143,73.9023779387224,0,2,7,0,0.85,0
ORD0000160399,77337.51,0,0.05,71.32048092442172,0,3,8,0,0.85,0
ORD0000195540,3026.04,0,0.3,66.02586087182156,1,4,10,0,0.25,0
ORD0000024899,21666.13,0,0.167,80.7405409881292,0,2,6,0,0.85,0
ORD0000045832,90503.38,1,0.05,72.5347214160873,0,3,9,1,0.85,1
ORD0000171354,30396.88,1,0.05,62.47043395320834,0,3,8,1,0.5,1
ORD0000142263,10378.55,1,0.333,76.08048075235571,0,2,6,1,0.65,1
ORD0000248408,16258.85,0,0.05,76.89641899543567,0,2,5,0,0.5,0
ORD0000025210,123.01,1,0.2,71.37933285479146,0,2,5,1,0.15,0
ORD0000111178,2730.32,0,0.05,82.9252000842572,0,0,2,0,0.65,0
ORD0000048037,1013.46,0,0.25,79.63498756388157,0,3,8,0,0.65,0
ORD0000122770,58537.61,0,0.05,72.59404154448868,0,3,8,0,0.85,0
ORD0000029434,2180.65,0,0.167,83.94859249379961,0,2,6,0,0.65,0
ORD0000060994,16313.65,0,0.083,74.73512797937835,1,4,12,0,0.85,0
ORD0000075392,55213.89,0,0.05,80.459013094094,0,2,5,0,0.85,0
ORD0000103372,504.73,0,0.118,72.15427466375729,1,4,10,0,0.35,0
ORD0000210638,2742.67,0,0.429,72.44161948336081,0,2,7,0,0.15,0
ORD0000170866,1405.74,1,0.05,68.836286859012,0,2,5,1,0.15,0
ORD0000004351,17104.22,0,0.05,72.09345355699307,0,2,6,0,0.3,0
ORD0000115501,2512.31,0,0.143,73.30560925069655,0,2,7,0,0.65,0
ORD0000147751,518.77,0,0.111,80.11133341636426,0,3,9,0,0.35,0
ORD0000172342,1005.78,0,0.05,67.01622677360508,0,2,5,0,0.15,0
ORD0000204621,68163.12,0,0.05,74.88352962256766,0,1,4,0,0.85,0
ORD0000086312,11972.79,0,0.05,78.8976009320551,0,1,3,0,0.5,0
ORD0000028031,20926.98,1,0.286,65.3841457880602,0,2,7,1,0.5,1
ORD0000169333,10587.23,1,0.05,61.38516917214845,0,1,4,1,0.3,1
ORD0000155215,439.85,1,0.333,71.73334896733019,0,1,3,0,0.15,0
ORD0000196248,1635.7,0,0.25,80.25869379291353,0,3,8,0,0.5,0
ORD0000117023,73459.5,1,0.222,65.30663418907561,0,3,9,1,0.85,1
ORD0000231183,58537.61,0,0.167,72.90693810984976,0,2,6,0,0.85,0
ORD0000154950,463.23,0,0.05,76.46625425599953,0,1,4,0,0.35,0
ORD0000038626,19971.76,0,0.125,75.53663756414437,0,3,8,0,0.5,0
ORD0000208982,109533.7,0,0.05,72.7246842935991,0,2,7,0,0.85,0
ORD0000094739,262.19,1,0.05,58.9636328803828,0,3,9,1,0.35,0
ORD0000056191,42929.57,0,0.125,71.49559268878504,0,3,8,0,0.3,0
ORD0000224146,7703.56,0,0.05,74.227167040583,0,3,9,0,0.85,0
ORD0000169806,1337.29,0,0.143,76.67114295246861,0,2,7,0,0.25,0
ORD0000157535,2322.77,1,0.05,59.338349968885254,0,2,5,1,0.25,1
ORD0000128031,90071.96,0,0.286,78.8852291844371,0,2,7,0,0.85,0
ORD0000117912,4653.71,0,0.05,75.35016589736117,1,4,11,0,0.65,0
ORD0000179065,529.28,0,0.111,74.60926025669467,0,3,9,0,0.15,0
ORD0000066639,1825.89,0,0.05,66.87836310841284,0,1,4,0,0.5,0
ORD0000017137,51565.53,1,0.05,63.91921125559696,0,2,6,1,0.5,1
ORD0000132428,3722.4,0,0.05,69.5341389015895,0,1,3,0,0.25,0
ORD0000085845,958.02,0,0.05,85.93076337873288,0,2,6,0,0.15,0
ORD0000202070,21261.58,1,0.05,64.38730281230343,0,2,5,1,0.3,1
ORD0000109288,10966.85,0,0.286,74.1934399436697,0,2,7,0,0.65,0
ORD0000236002,496.64,0,0.05,73.69973750004051,0,2,7,0,0.25,0
ORD0000193454,696.31,0,0.05,71.21978424817006,0,2,7,0,0.35,0
ORD0000028637,1083.12,1,0.083,61.534830037024435,0,2,6,1,0.15,0
ORD0000153017,8336.46,0,0.05,82.46639709074351,0,2,5,0,0.65,0
ORD0000121803,19604.16,1,0.125,66.5357556385581,0,3,8,1,0.5,1
ORD0000164435,39407.14,1,0.273,71.11018258726169,0,2,5,1,0.3,1
ORD0000059366,6472.17,0,0.05,81.86188497487169,0,1,3,0,0.65,0
ORD0000195756,18437.12,1,0.05,60.90144604702692,0,2,6,1,0.5,1
ORD0000188779,35196.84,0,0.05,61.41778007132711,0,2,7,0,0.3,0
ORD0000129225,665.31,0,0.05,84.14324752640587,0,2,6,0,0.35,0
ORD0000161096,23597.55,1,0.05,71.20350191572322,0,1,3,0,0.3,0
ORD0000196648,1088.25,0,0.2,78.79944170524244,0,2,5,0,0.35,0
ORD0000245199,1337.2,0,0.05,77.5740907425445,0,2,6,0,0.65,0
ORD0000201678,97384.85,0,0.333,65.72075588107246,0,2,6,0,0.85,0
ORD0000134512,70869.81,1,0.25,61.47613643310376,0,3,8,1,0.85,1
ORD0000071844,57496.87,1,0.05,65.09855443010322,0,2,6,1,0.85,1
ORD0000027634,2104.33,0,0.25,77.94111137242002,0,3,8,0,0.15,0
ORD0000037558,44656.36,1,0.05,75.51283941066575,0,2,5,1,0.5,1
ORD0000075492,57677.78,0,0.05,77.93114279374228,0,2,6,0,0.3,0
ORD0000045393,4351.8,1,0.05,67.56450322944946,0,2,5,1,0.65,1
ORD0000114793,5977.71,0,0.143,78.08831520735384,0,2,7,0,0.65,0
ORD0000179454,954.3,1,0.333,63.85165745484529,0,2,6,1,0.15,1
ORD0000039237,66420.78,0,0.05,74.5564304528726,0,1,4,0,0.85,0
ORD0000006918,1114.04,1,0.05,61.333313471430785,0,3,9,1,0.25,0
ORD0000047488,26631.6,0,0.176,75.85952150028737,1,4,11,0,0.3,0
ORD0000054274,7024.41,0,0.25,68.5980297395942,0,1,4,0,0.65,0
ORD0000228422,39055.67,1,0.05,61.65391493424093,0,2,5,1,0.3,1
ORD0000120871,1467.11,0,0.05,73.15391675680866,0,3,9,0,0.15,0
ORD0000212609,17100.81,1,0.143,72.50412874708312,0,2,7,1,0.85,1
ORD0000147426,1083.12,0,0.25,71.58108630035457,0,1,4,0,0.15,0
ORD0000169538,51257.54,1,0.125,55.325313040994544,0,3,8,1,0.3,1
ORD0000184932,3246.17,1,0.05,65.43517486693727,0,2,6,1,0.65,1
ORD0000099684,1348.95,0,0.111,80.6050984622957,0,3,9,0,0.35,0
ORD0000218295,4844.04,1,0.143,64.01935396609676,0,2,7,1,0.65,1
ORD0000123141,1448.86,0,0.25,71.13173241171907,0,1,4,0,0.15,0
ORD0000190664,7062.99,0,0.05,80.39409371907401,1,4,10,0,0.5,0
ORD0000084504,118739.66,0,0.2,68.63700547133524,1,4,10,0,0.85,0
ORD0000099064,2774.42,1,0.167,72.80841891131632,0,2,6,1,0.25,1
ORD0000213327,42426.78,1,0.333,53.43886041792608,0,1,3,0,0.65,0
ORD0000207825,112390.73,1,0.05,71.80599349092998,0,3,8,1,0.85,1
ORD0000131411,3413.6,0,0.05,75.22523296420837,0,2,7,0,0.15,0
ORD0000214195,30802.76,0,0.05,72.4828968643921,0,3,9,0,0.85,0
ORD0000039773,1396.69,1,0.05,60.08095382982324,0,2,7,1,0.25,0
ORD0000074657,37125.12,1,0.5,71.62952013166348,0,1,4,1,0.3,1
ORD0000172147,610.65,1,0.05,68.42147959437088,0,2,6,1,0.15,0
ORD0000147632,35236.38,0,0.05,71.82206039920199,0,2,5,0,0.3,0
ORD0000125796,5408.53,0,0.333,69.92318081829363,0,2,6,0,0.5,0
ORD0000014038,7162.07,0,0.143,71.61546339985364,0,2,7,0,0.5,0
ORD0000131490,8407.85,1,0.05,68.35194113907797,0,2,6,1,0.3,1
ORD0000084857,215073.24,0,0.05,73.58384306204711,0,2,6,0,0.85,0
ORD0000113957,19070.32,0,0.05,73.79661700006808,0,3,8,0,0.3,0
ORD0000015927,57027.1,0,0.286,72.3966586524355,0,2,7,0,0.85,0
ORD0000034366,66420.78,1,0.333,70.68606143099024,0,2,6,1,0.85,1
ORD0000183549,26631.6,0,0.05,69.42661826490824,0,1,4,0,0.3,0
ORD0000122837,26791.49,0,0.05,79.58795474245173,0,3,8,0,0.5,0
ORD0000240006,23663.49,1,0.5,59.811800685274264,0,2,6,1,0.5,1
ORD0000025815,1362.84,0,0.05,81.19719229609116,0,2,6,0,0.65,0
ORD0000056893,89518.27,0,0.05,75.96171596371708,0,2,5,0,0.85,0
ORD0000089844,2930.7,0,0.05,70.58085413146338,0,2,7,0,0.65,0
ORD0000093281,10864.62,1,0.05,73.65906135928199,0,2,5,1,0.85,1
ORD0000060379,366.6,0,0.05,84.0668270489375,0,1,4,0,0.15,0
ORD0000053361,3884.18,0,0.143,77.08395731239428,0,2,7,0,0.65,0
ORD0000079218,5214.67,0,0.143,75.8932709713918,0,2,7,0,0.85,0
ORD0000222538,10688.2,0,0.143,83.0673848626214,0,2,7,0,0.5,0
ORD0000132938,26113.59,0,0.05,74.6292807514883,0,2,7,0,0.85,0
ORD0000240283,1287.56,0,0.05,73.55106107512287,0,3,8,0,0.35,0
ORD0000171317,2601.05,1,0.05,67.68137648213704,0,3,8,1,0.65,1
ORD0000195879,1875.96,0,0.333,80.9276354996511,0,2,6,0,0.3,0
ORD0000245022,18600.54,0,0.3,76.15643545103539,1,4,10,0,0.3,0
ORD0000145572,35584.2,1,0.05,70.44003125829354,0,1,4,1,0.85,1
ORD0000060154,8478.22,1,0.05,62.48784394864442,1,4,10,1,0.3,1
ORD0000114423,2452.21,0,0.231,76.42106740337056,1,5,13,0,0.65,0
ORD0000003673,4439.01,0,0.143,61.782726529049384,0,2,7,0,0.5,0
ORD0000075574,30226.68,0,0.222,67.9085419479273,0,3,9,0,0.65,0
ORD0000138760,192941.9,0,0.222,75.64955769613064,0,3,9,0,0.85,0
ORD0000050381,4731.63,0,0.05,62.576543662223344,0,3,8,0,0.35,0
ORD0000166621,1174.65,1,0.05,68.45794465659783,0,1,3,0,0.15,0
ORD0000123887,27229.72,0,0.05,74.65396666926068,0,1,4,0,0.85,0
ORD0000218062,1270.9,0,0.05,78.5321554104326,0,2,5,0,0.15,0
ORD0000075512,16177.02,0,0.1,69.89953941394279,1,4,10,0,0.5,0
ORD0000057949,8653.27,1,0.05,67.60481783489911,0,3,8,1,0.5,1
ORD0000119926,1221.3,1,0.286,67.48704655210999,0,2,7,1,0.15,1
ORD0000210250,80352.62,1,0.05,65.1244328339912,0,2,7,1,0.85,1
ORD0000078754,287.44,1,0.05,70.1447848731368,0,1,4,1,0.15,0
ORD0000015441,62598.0,1,0.167,63.48372036152615,0,2,6,1,0.85,1
ORD0000113351,4735.0,0,0.05,73.74508280635875,0,3,8,0,0.65,0
ORD0000100101,292.2,1,0.05,71.64374519829255,0,2,7,1,0.15,0
ORD0000014173,65103.74,0,0.167,76.99209164790535,0,2,6,0,0.85,0
ORD0000202756,1734.4,0,0.25,69.99176794001842,0,3,8,0,0.35,0
ORD0000127310,18294.93,0,0.1,81.13344645015812,1,4,10,0,0.5,0
ORD0000220804,1260.45,0,0.05,72.34192508968945,0,2,6,0,0.3,0
ORD0000139746,42882.92,0,0.05,78.0613921621569,0,3,8,0,0.85,0
ORD0000029693,2325.94,0,0.125,73.79108394373115,0,3,8,0,0.15,0
ORD0000126842,4386.81,0,0.4,77.61549127622213,0,2,5,0,0.5,0
ORD0000045765,18679.0,0,0.2,80.6366465484549,1,4,10,0,0.5,0
ORD0000089901,28689.7,0,0.091,79.71165754815331,1,4,11,0,0.5,0
ORD0000003846,23280.82,0,0.091,68.86709447958364,1,4,11,0,0.3,0
ORD0000067352,49663.99,1,0.05,64.08862968632926,0,2,5,1,0.85,1
ORD0000161345,482.48,0,0.2,75.4564423087107,1,4,10,0,0.25,0
ORD0000095453,36853.24,0,0.3,71.80144750352952,1,4,10,0,0.3,0
ORD0000098596,36749.32,0,0.05,67.60835518715065,0,2,5,0,0.3,0
ORD0000008169,9781.0,0,0.2,74.59205379293695,0,2,5,0,0.85,0
ORD0000138184,35466.43,0,0.05,78.4743160575272,0,3,9,0,0.3,0
ORD0000133250,33637.42,0,0.176,76.1873658290856,1,4,10,0,0.85,0
ORD0000042760,15053.04,0,0.05,78.52053381073789,0,1,4,0,0.5,0
ORD0000145070,40722.99,0,0.062,70.58652784563989,1,6,16,0,0.85,0
ORD0000182076,13624.9,1,0.05,68.22090037049269,0,3,8,1,0.5,1
ORD0000097230,27144.88,0,0.05,74.76579693701731,0,2,5,0,0.65,0
ORD0000170236,730.38,0,0.077,70.63007181467866,0,3,9,0,0.35,0
ORD0000054174,185.26,0,0.5,77.10783122086957,0,1,4,0,0.15,0
ORD0000096011,38170.52,0,0.333,74.28323911269673,0,1,3,0,0.3,0
ORD0000213828,28780.82,0,0.05,76.34793142147198,0,1,4,0,0.85,0
ORD0000205841,35013.34,1,0.4,70.0521312188415,0,2,5,1,0.5,1
ORD0000177143,16362.2,1,0.1,61.605471546282516,1,4,10,1,0.5,1
ORD0000175317,1087.95,0,0.05,81.56322306784165,0,2,5,0,0.25,0
ORD0000205920,18704.01,0,0.05,73.89098694287999,0,1,4,0,0.85,0
ORD0000143367,928.5,1,0.286,70.9807949943641,0,2,7,1,0.15,1
ORD0000049613,1914.71,1,0.05,64.62141673854549,0,2,5,1,0.15,1
ORD0000185139,6001.26,0,0.05,72.58261353105436,0,2,6,0,0.15,0
ORD0000151606,32465.59,0,0.231,74.32281177911459,0,2,6,0,0.3,0
ORD0000240146,22815.0,0,0.125,79.13365966429888,0,3,8,0,0.85,0
ORD0000124879,10305.78,1,0.05,55.236026763227116,0,2,6,1,0.65,1
ORD0000021768,111661.94,0,0.05,82.15317546148371,0,3,8,0,0.85,0
ORD0000221597,1218.82,0,0.25,73.36213781848464,0,1,4,0,0.35,0
ORD0000221972,6867.99,0,0.1,76.23067125666314,1,4,10,0,0.85,0
ORD0000205922,2212.17,0,0.05,67.54947860933149,0,2,7,0,0.25,0
ORD0000026631,16996.77,1,0.05,63.21229626572331,0,2,7,1,0.5,1
ORD0000120939,18454.82,0,0.143,74.74703907130774,0,2,7,0,0.5,0
ORD0000114956,1803.9,0,0.05,72.09842768027339,0,2,5,0,0.15,0
ORD0000043460,146.68,0,0.1,72.78323452960389,1,4,10,0,0.15,0
ORD0000150650,88914.04,0,0.05,76.93093458291972,0,1,3,0,0.85,0
ORD0000205724,582.62,1,0.05,61.22298829069229,0,2,5,1,0.15,0
ORD0000242592,64378.95,0,0.05,71.5589127307108,0,3,9,0,0.5,0
ORD0000088136,79788.91,0,0.1,69.93502925566638,1,4,10,0,0.85,0
ORD0000230510,18116.22,1,0.05,67.06348920715715,0,2,6,1,0.65,1
ORD0000243418,9218.56,0,0.05,69.80900985105038,0,2,5,0,0.5,0
ORD0000051709,15240.63,0,0.05,70.97861332601963,0,2,5,0,0.5,0
ORD0000181929,17167.33,1,0.143,66.51510024459365,0,2,7,1,0.3,1
ORD0000121775,1971.14,0,0.05,76.59013912585895,0,1,3,0,0.35,0
ORD0000133990,3352.12,0,0.167,75.30042656436504,0,2,6,0,0.65,0
ORD0000078353,8712.06,0,0.143,70.10575189783152,0,2,7,0,0.5,0
ORD0000241131,2622.46,0,0.05,77.6401811722344,0,3,9,0,0.85,0
ORD0000129821,70887.52,1,0.05,65.9617898245789,0,2,7,1,0.85,1
ORD0000020349,42169.88,0,0.2,71.53081114080491,0,2,5,0,0.85,0
ORD0000119698,1147.54,1,0.125,60.67877270769692,0,3,8,1,0.35,0
ORD0000166540,29488.55,0,0.091,75.95052207371329,1,4,11,0,0.3,0
ORD0000086699,530.61,1,0.05,60.95736242392814,0,2,7,1,0.65,0
ORD0000129663,1739.37,1,0.429,67.20419353200612,0,2,7,1,0.35,1
ORD0000101721,33653.2,0,0.167,74.63786602938893,0,2,6,0,0.85,0
ORD0000066135,176860.92,0,0.05,80.98324240991263,0,2,6,0,0.85,0
ORD0000165642,916.65,0,0.1,76.60111370936258,1,4,10,0,0.15,0
ORD0000203773,625.9,0,0.05,66.86026587847002,0,2,5,0,0.35,0
ORD0000053656,11122.03,0,0.05,65.72858791360109,0,2,7,0,0.65,0
ORD0000178842,8691.34,0,0.05,73.25196307603126,0,1,3,0,0.65,0
ORD0000099691,8832.62,1,0.05,64.11119581173207,0,2,7,1,0.5,1
ORD0000014839,14772.9,1,0.25,60.97494003921862,1,4,12,1,0.85,1
ORD0000170736,2523.63,0,0.05,79.17071604114176,0,1,4,0,0.35,0
ORD0000110155,1191.37,0,0.05,73.37397938895089,0,2,6,0,0.25,0
ORD0000110603,19785.55,0,0.05,76.16148539736538,0,3,9,0,0.5,0
ORD0000237206,145.61,0,0.143,78.42729146079719,0,2,7,0,0.15,0
ORD0000089455,3171.48,0,0.2,62.684226976782824,0,2,5,0,0.3,0
ORD0000160862,22244.06,0,0.05,77.17881044405343,0,3,8,0,0.65,0
ORD0000110654,484.65,0,0.05,72.57127714886587,0,2,6,0,0.35,0
ORD0000093196,2026.84,0,0.05,74.61937951903987,0,3,8,0,0.25,0
ORD0000034639,1498.73,0,0.333,79.28025337081337,0,3,9,0,0.25,0
ORD0000054334,57496.87,0,0.111,67.85941579519579,0,3,9,0,0.85,0
ORD0000156957,11472.92,1,0.167,67.78376486831417,0,2,6,1,0.3,1
ORD0000038074,6360.76,0,0.05,78.3334507595105,0,3,9,0,0.65,0
ORD0000210422,24050.8,0,0.05,71.28586102696686,0,2,7,0,0.3,0
ORD0000014853,3319.83,0,0.2,85.55590237987423,0,2,5,0,0.25,0
ORD0000201152,3209.18,0,0.25,76.83496131028042,0,1,4,0,0.65,0
ORD0000105714,10075.56,1,0.125,64.11640102437875,0,3,8,1,0.65,1
ORD0000110895,23015.2,0,0.167,78.64151145376337,0,2,6,0,0.3,0
ORD0000029967,268.37,0,0.4,79.11787684176953,0,2,5,0,0.35,0
ORD0000221907,90503.38,0,0.05,80.2192460013556,0,2,6,0,0.85,0
ORD0000006439,122779.3,0,0.286,77.84238623007099,0,2,7,0,0.85,0
ORD0000217465,2110.33,0,0.05,81.92525062767935,1,4,11,0,0.65,0
ORD0000211847,147442.44,1,0.05,68.93328563320244,0,2,5,1,0.85,1
ORD0000078317,15977.34,0,0.2,69.13843153816322,1,4,10,0,0.85,0
ORD0000019525,81120.63,0,0.091,76.05898441024567,0,2,6,0,0.5,0
ORD0000126723,17022.52,0,0.4,80.11814392990112,1,4,10,0,0.5,0
ORD0000198962,15293.74,1,0.167,68.43002505890601,0,2,6,1,0.5,1
ORD0000171021,649.55,0,0.2,69.83052297687958,0,2,5,0,0.3,0
ORD0000024504,10611.88,0,0.333,72.5770779725369,0,2,6,0,0.65,0
ORD0000203845,132841.56,1,0.05,60.10966166584433,0,2,5,1,0.85,1
ORD0000163702,20603.97,1,0.05,61.897202129064915,0,1,3,0,0.85,0
ORD0000244662,68211.03,0,0.05,65.11208831632725,0,1,3,0,0.85,0
ORD0000041377,960.39,1,0.25,55.478426287116406,0,3,8,1,0.35,1
ORD0000092010,44316.8,0,0.05,74.946191155072,0,2,5,0,0.85,0
ORD0000009915,292641.54,0,0.05,70.4933555209184,0,2,7,0,0.85,0
ORD0000045997,29055.9,1,0.05,68.55501307472449,0,1,4,1,0.85,1
ORD0000038728,50658.35,0,0.333,78.5684875239061,0,1,3,0,0.85,0
ORD0000029615,224781.46,0,0.05,78.10203717654399,0,3,8,0,0.85,0
ORD0000008121,6472.17,0,0.286,77.41795068238969,0,2,7,0,0.65,0
ORD0000050970,8586.9,0,0.111,72.11230999459819,0,3,9,0,0.65,0
ORD0000037805,469.92,1,0.167,70.04522972977558,0,2,6,1,0.15,0
ORD0000088095,17618.19,0,0.167,68.26461978203037,1,4,12,0,0.3,0
ORD0000008461,23731.52,1,0.5,72.61045750953618,0,2,6,1,0.65,1
ORD0000165750,1165.09,0,0.05,70.59840376466782,0,3,8,0,0.3,0
ORD0000043212,42882.92,1,0.05,70.82573171572665,0,1,4,1,0.85,1
ORD0000007961,25621.71,0,0.125,70.94536883545682,0,3,8,0,0.3,0
ORD0000162108,6362.95,1,0.333,65.65385968739282,0,2,6,1,0.3,1
ORD0000073842,92119.76,1,0.111,74.57632983787505,0,3,9,1,0.85,1
ORD0000217771,16143.92,0,0.05,72.15138796388482,0,2,7,0,0.85,0
ORD0000109158,5977.71,0,0.05,67.969812346161,0,2,6,0,0.65,0
ORD0000130903,616.37,0,0.05,69.22566890717071,0,2,5,0,0.15,0
ORD0000197423,3851.18,1,0.286,60.55150651950113,0,2,7,1,0.65,1
ORD0000180604,23236.9,1,0.111,59.14922948356974,0,3,9,1,0.3,1
ORD0000045802,333.56,1,0.05,64.04045833841371,0,2,6,1,0.25,0
ORD0000226195,9936.1,1,0.25,62.18453614509637,0,3,8,1,0.3,1
ORD0000152359,100532.23,0,0.429,79.53894643259007,0,2,7,0,0.85,0
ORD0000096626,107446.24,0,0.05,75.4677767525077,0,2,5,0,0.85,0
ORD0000004694,31496.8,1,0.05,65.85384908375485,0,2,7,1,0.85,1
ORD0000129626,44935.98,0,0.333,74.40076986295861,0,1,3,0,0.85,0
ORD0000247632,40795.33,0,0.05,80.93831816884234,0,2,5,0,0.85,0
ORD0000218359,1806.98,0,0.05,82.07413300242457,1,4,12,0,0.25,0
ORD0000219097,35481.03,0,0.05,61.40553601949062,0,3,9,0,0.85,0
ORD0000004757,85803.62,0,0.05,65.63157612500864,0,2,5,0,0.85,0
ORD0000181887,73459.5,0,0.071,79.10934750218465,1,5,14,0,0.85,0
ORD0000047644,127.62,0,0.05,74.58790528802423,1,4,11,0,0.15,0
ORD0000084565,1488.16,0,0.05,76.82820522938732,0,2,6,0,0.65,0
ORD0000018749,465.81,0,0.05,78.93778245815537,0,1,4,0,0.25,0
ORD0000095937,657.88,0,0.167,72.8227902681326,1,4,12,0,0.15,0
ORD0000109775,76213.14,1,0.05,68.0188293451253,0,2,5,1,0.85,1
ORD0000133936,26638.5,1,0.167,68.94170754722558,0,2,6,1,0.3,1
ORD0000248885,10285.7,1,0.273,62.82139005886435,1,4,11,1,0.85,1
ORD0000217996,81738.6,0,0.167,73.59583454800055,0,2,6,0,0.85,0
ORD0000026785,43075.89,0,0.333,64.51974685540831,0,2,6,0,0.85,0
ORD0000129057,11505.81,0,0.05,69.13977546868927,0,1,4,0,0.5,0
ORD0000173436,106015.56,0,0.364,66.65486426409525,0,1,4,0,0.85,0
ORD0000243291,18626.44,0,0.85,70.35162664345017,0,1,3,0,0.5,1
ORD0000219112,67319.63,0,0.2,69.6272038403103,1,4,10,0,0.85,0
ORD0000163521,33460.92,0,0.05,69.08484958605277,1,5,13,0,0.85,0
ORD0000146514,67241.98,0,0.154,75.06321339490104,0,3,8,0,0.3,0
ORD0000218750,16996.77,0,0.05,77.95296729837055,0,2,6,0,0.5,0
ORD0000023437,82958.77,0,0.05,76.25142739544069,0,2,6,0,0.85,0
ORD0000092283,5455.03,0,0.1,68.59327274890019,1,4,10,0,0.65,0
ORD0000046102,3536.5,1,0.111,67.01132510996291,0,3,9,1,0.85,1
ORD0000214255,121225.52,1,0.05,59.92496502544544,0,2,6,1,0.85,1
ORD0000181271,2649.8,1,0.2,60.326314195325054,0,2,5,1,0.25,1
ORD0000154948,10793.08,0,0.05,66.8034480869477,0,1,4,0,0.65,0
ORD0000054674,24872.52,0,0.2,75.78424524693678,1,4,10,0,0.3,0
ORD0000174014,2201.28,1,0.05,72.46437327281878,0,2,5,1,0.35,1
ORD0000024471,3350.57,0,0.25,66.57615568708172,0,1,4,0,0.65,0
ORD0000029470,73098.84,0,0.05,65.05277611812365,0,0,2,0,0.85,0
ORD0000170364,21645.72,0,0.143,79.99522580203364,0,2,7,0,0.3,0
ORD0000191953,3914.36,1,0.2,65.04976527500791,0,2,5,1,0.65,1
ORD0000009782,438.42,0,0.333,74.47151137647843,0,3,9,0,0.15,0
ORD0000135211,20514.44,0,0.05,71.65206832899882,0,2,7,0,0.5,0
ORD0000229593,7045.79,0,0.05,73.84182979642353,0,2,6,0,0.65,0
ORD0000023480,9590.92,0,0.167,71.17027871970357,0,2,6,0,0.65,0
ORD0000096099,58537.61,1,0.222,64.18902555393514,0,3,9,1,0.85,1
ORD0000206080,1649.54,0,0.05,71.09110534674727,0,2,5,0,0.15,0
ORD0000028255,73331.97,1,0.05,62.662286244894965,0,2,7,1,0.3,1
ORD0000190222,573.55,0,0.05,74.87065028215636,1,4,11,0,0.15,0
ORD0000201861,27018.43,1,0.05,60.2432696037849,0,2,7,1,0.5,1
ORD0000189785,3682.86,0,0.167,86.8349965779694,0,2,6,0,0.65,0
ORD0000064127,49581.99,1,0.143,70.52824112951441,0,2,7,1,0.85,1
ORD0000152821,882.29,1,0.05,70.52491403350847,0,2,6,1,0.15,0
ORD0000202314,580.98,1,0.167,57.814556870657704,0,2,6,1,0.15,1
ORD0000164752,2344.11,1,0.25,64.21574554135731,0,3,8,1,0.25,1
ORD0000246026,918.59,0,0.05,77.70147940372814,0,3,9,0,0.35,0
ORD0000036611,2084.4,0,0.5,73.65963429587184,0,2,6,0,0.3,0
ORD0000037589,113.08,1,0.143,65.85868573032069,0,2,7,1,0.15,0
ORD0000165723,170205.1,0,0.05,81.34722740905976,0,2,5,0,0.85,0
ORD0000247034,20147.93,0,0.05,77.45431076543373,0,1,3,0,0.3,0
ORD0000146760,4735.0,1,0.167,72.01220429060415,0,2,6,1,0.65,1
ORD0000059060,90258.0,0,0.05,70.06956352761112,0,2,5,0,0.85,0
ORD0000201222,29055.9,1,0.05,67.42266030568929,0,2,6,1,0.85,1
ORD0000142968,3488.6,0,0.05,72.21990397737065,0,3,9,0,0.5,0
ORD0000195711,3388.5,1,0.05,70.57430388638477,0,2,5,1,0.65,1
ORD0000153554,22673.3,0,0.143,70.92613398378498,0,2,7,0,0.85,0
ORD0000094283,8009.55,0,0.125,72.05324128345342,0,3,8,0,0.65,0
ORD0000100080,385.97,0,0.25,74.8988886162382,0,1,4,0,0.35,0
ORD0000210746,3031.82,1,0.25,73.80219768963867,0,3,8,1,0.15,1
ORD0000022740,955.12,1,0.25,66.12399347472609,0,1,4,1,0.35,1
ORD0000028619,2576.42,1,0.05,63.86679533459302,0,0,1,0,0.25,0
ORD0000018475,18178.31,0,0.167,66.95582701011206,0,2,6,0,0.85,0
ORD0000211381,43945.82,1,0.05,56.5744011834108,0,2,6,1,0.85,1
ORD0000196022,7395.35,1,0.05,63.05455116380214,0,2,6,1,0.3,1
ORD0000092357,68790.92,1,0.071,66.13513851259046,1,5,14,1,0.85,1
ORD0000041542,7658.64,0,0.05,80.21826946916792,0,2,7,0,0.65,0
ORD0000104503,64968.98,0,0.125,67.46587429262301,0,3,8,0,0.3,0
ORD0000093152,1049.16,0,0.05,74.86279757020237,0,1,4,0,0.3,0
ORD0000025871,4787.72,1,0.05,63.23245200389206,0,2,6,1,0.65,1
ORD0000073336,1065.24,1,0.429,73.91375751243207,0,2,7,1,0.15,1
ORD0000036556,15928.73,0,0.1,75.47751611994342,1,4,10,0,0.85,0
ORD0000002995,36498.6,0,0.111,69.95379105588881,0,3,9,0,0.85,0
ORD0000156142,333.77,0,0.05,79.47855808838864,0,0,1,0,0.35,0
ORD0000035386,254.04,0,0.05,75.86658555914411,0,1,3,0,0.35,0
ORD0000039881,756.01,0,0.167,77.85498046564193,0,2,6,0,0.15,0
ORD0000117756,7998.89,0,0.1,78.9146639582419,0,2,6,0,0.65,0
ORD0000065836,7766.59,0,0.05,79.7441695305312,0,1,4,0,0.5,0
ORD0000208347,298.37,0,0.1,70.37191091140915,1,4,10,0,0.15,0
ORD0000003156,1075.89,0,0.05,78.29374530922615,0,1,4,0,0.15,0
ORD0000128505,15928.73,0,0.143,80.84147814096099,0,2,7,0,0.85,0
ORD0000158770,85423.62,1,0.05,70.28130865167354,0,1,3,0,0.85,0
ORD0000230093,2668.18,0,0.05,79.67356202667726,0,1,4,0,0.65,0
ORD0000080901,3995.08,1,0.05,63.21957265079768,0,1,4,1,0.65,1
ORD0000217040,45035.98,0,0.05,81.02749519584088,0,3,8,0,0.85,0
ORD0000090111,16978.9,1,0.2,67.0235946084544,0,2,5,1,0.5,1
ORD0000220653,15688.73,0,0.05,75.48961689403193,0,2,7,0,0.3,0
ORD0000206232,62754.87,1,0.222,64.78937945316885,0,3,9,1,0.85,1
ORD0000194345,325.05,0,0.05,69.9313343785586,0,2,6,0,0.35,0
ORD0000041908,370.7,0,0.05,78.98650623583357,0,1,4,0,0.35,0
ORD0000244622,92500.36,0,0.05,67.40923997032583,0,1,4,0,0.85,0
ORD0000155948,1505.62,0,0.4,77.86358348680301,0,2,5,0,0.65,0
ORD0000075918,43945.82,0,0.222,71.44326181836871,0,2,6,0,0.85,0
ORD0000099850,53662.29,0,0.333,73.73065542016569,0,1,3,0,0.3,0
ORD0000206930,71395.49,1,0.091,58.3862077106792,1,4,11,1,0.85,1
ORD0000103565,244.11,0,0.167,65.55209033985523,0,2,6,0,0.15,0
ORD0000179758,1447.83,0,0.111,76.4954618959228,0,3,9,0,0.15,0
ORD0000069044,16143.92,0,0.333,84.59311953837084,0,1,3,0,0.85,0
ORD0000081718,9272.75,0,0.286,72.44756437906273,0,2,7,0,0.65,0
ORD0000120733,285.88,0,0.05,65.97557351248109,1,4,10,0,0.35,0
ORD0000169083,24431.41,1,0.05,71.10933875575166,0,1,4,1,0.3,0
ORD0000190020,691.08,1,0.05,63.79759874551443,0,3,8,1,0.25,0
ORD0000073164,6341.11,0,0.111,81.49688630233271,0,3,9,0,0.5,0
ORD0000048848,7702.36,1,0.333,59.964569197629146,0,2,6,1,0.65,1
ORD0000140009,31069.04,1,0.05,68.05904891572156,0,1,4,1,0.3,1
ORD0000110214,13471.35,1,0.286,65.39222643426038,0,2,7,1,0.3,1
ORD0000003774,1893.01,0,0.2,73.86655961373914,0,2,5,0,0.15,0
ORD0000156236,80352.62,0,0.05,78.2762230826997,0,2,6,0,0.85,0
ORD0000021550,1448.86,0,0.2,74.51370114108602,0,1,3,0,0.15,0
ORD0000051746,1410.46,0,0.143,69.02122608339829,0,2,7,0,0.15,0
ORD0000105339,384.81,1,0.25,63.42817306000621,0,1,4,1,0.35,0
ORD0000218284,685.67,1,0.05,68.02469345858204,0,2,5,1,0.25,0
ORD0000145764,19689.9,0,0.231,79.00709260188952,1,5,13,0,0.3,0
ORD0000200798,1268.87,1,0.05,64.67190539661291,0,2,7,1,0.15,0
ORD0000149659,4305.18,1,0.05,57.97766915482351,0,3,9,1,0.3,1
ORD0000065257,1268.87,1,0.2,70.76624538318796,1,4,10,1,0.15,0
ORD0000034269,26459.94,1,0.05,65.51288089065218,0,3,8,1,0.3,1
ORD0000181986,5102.27,1,0.05,61.929746091450674,0,1,3,0,0.65,0
ORD0000226522,4443.83,1,0.111,62.83990295144386,0,3,9,1,0.65,1
ORD0000174995,68163.12,0,0.1,71.40977524014885,1,4,10,0,0.85,0
ORD0000233574,133558.87,0,0.05,74.27941598309174,0,2,6,0,0.85,0
ORD0000054249,1416.26,1,0.05,64.18206202268837,0,3,8,1,0.15,0
ORD0000158782,1250.61,1,0.05,62.538227808283246,0,2,5,1,0.35,0
ORD0000077957,1950.01,0,0.167,82.25780771608142,0,2,6,0,0.25,0
ORD0000165614,13484.58,0,0.1,77.22031601442086,1,4,10,0,0.5,0
ORD0000234620,15079.58,1,0.05,69.21783002404575,0,0,2,0,0.3,0
ORD0000007565,11586.69,0,0.25,70.7738650581241,1,4,12,0,0.5,0
ORD0000100322,36737.59,1,0.05,66.96366298334462,0,3,8,1,0.85,1
ORD0000130884,1336.36,0,0.2,70.69779028693685,1,4,10,0,0.3,0
ORD0000083287,176.59,0,0.333,74.7727920128172,0,3,9,0,0.3,0
ORD0000235530,38106.57,1,0.05,67.89489234725092,0,2,5,1,0.85,1
ORD0000149278,43297.32,1,0.2,64.0856913457415,0,2,5,1,0.5,1
ORD0000215513,5052.11,0,0.125,74.55612138014598,0,3,8,0,0.65,0
ORD0000197305,981.95,1,0.05,64.81314005390907,0,0,2,0,0.15,0
ORD0000095108,23917.42,1,0.05,72.70923343342554,0,1,4,1,0.5,1
ORD0000105534,11702.92,0,0.286,73.34995604756384,0,2,7,0,0.65,0
ORD0000016830,5170.79,0,0.05,78.78097220932017,0,1,3,0,0.65,0
ORD0000077997,4335.27,0,0.05,76.00603766659268,0,2,7,0,0.85,0
ORD0000099344,692.46,1,0.143,67.28129290494586,0,2,7,1,0.15,0
ORD0000164688,23945.58,0,0.05,82.35831350951497,0,2,5,0,0.5,0
ORD0000008870,976.92,0,0.05,76.96278945703718,0,2,6,0,0.35,0
ORD0000154381,18097.34,0,0.286,78.79888857735438,0,2,7,0,0.3,0
ORD0000052070,1333.55,0,0.05,84.53461544220949,0,0,2,0,0.35,0
ORD0000138953,92374.0,1,0.05,78.5115730289113,0,1,4,1,0.85,1
ORD0000208031,402.92,1,0.125,56.508756269630545,0,3,8,1,0.35,0
ORD0000116666,27403.11,0,0.111,65.79975538498998,0,3,9,0,0.3,0
ORD0000186670,8354.44,0,0.25,78.56341880843894,0,3,8,0,0.85,0
ORD0000089876,13541.05,1,0.05,72.7775367109688,0,3,8,1,0.5,1
ORD0000114279,647.95,1,0.143,68.68842388187089,0,2,7,1,0.35,0
ORD0000103616,47140.24,1,0.286,70.02183449890147,0,2,7,1,0.3,1
ORD0000176826,911.65,1,0.25,66.63182807313589,0,3,8,1,0.15,0
ORD0000043815,13684.61,0,0.05,73.2493750652427,0,2,6,0,0.5,0
ORD0000201480,92500.36,0,0.273,74.3933483322839,0,2,7,0,0.85,0
ORD0000203028,5661.13,0,0.05,82.0390199386791,0,0,2,0,0.65,0
ORD0000081311,1777.25,1,0.143,62.792792730119714,0,2,7,1,0.65,1
ORD0000213180,316.15,0,0.091,75.76261980167803,1,4,11,0,0.15,0
ORD0000074418,16836.62,1,0.05,58.525155091595565,0,3,9,1,0.5,1
ORD0000151416,12671.52,0,0.05,69.80067972549111,0,2,7,0,0.65,0
ORD0000212162,8500.46,0,0.05,79.63292060375059,0,2,6,0,0.5,0
ORD0000021262,4734.59,1,0.05,69.20276451569048,0,1,4,1,0.65,1
ORD0000076909,14390.27,0,0.2,70.78582730111572,1,4,10,0,0.5,0
ORD0000208512,62754.87,1,0.222,54.23945947339995,0,3,9,1,0.85,1
ORD0000223468,5245.06,0,0.05,75.1452748407922,0,2,7,0,0.65,0
ORD0000128103,11303.14,1,0.143,66.83615953874474,0,2,7,1,0.65,1
ORD0000091936,6775.6,1,0.444,72.00509227339006,0,1,4,1,0.65,1
ORD0000015273,46187.0,0,0.05,82.58697520508208,0,2,6,0,0.85,0
ORD0000009916,6614.86,0,0.05,82.17541786938908,0,2,6,0,0.65,0
ORD0000234837,409.04,0,0.05,77.66583127852351,0,2,6,0,0.15,0
ORD0000029540,11011.98,0,0.05,72.18222391527082,0,3,8,0,0.65,0
ORD0000235775,7045.79,0,0.167,69.71153146371049,0,2,6,0,0.65,0
ORD0000146803,11532.89,0,0.05,77.10438751507182,0,2,6,0,0.3,0
ORD0000037067,170.09,0,0.05,73.44869384064789,0,2,6,0,0.25,0
ORD0000183892,95687.04,1,0.05,60.336437120476646,0,2,6,1,0.85,1
ORD0000007084,1236.53,0,0.05,63.40072478694572,0,1,3,0,0.35,0
ORD0000105086,14479.35,0,0.5,76.56302004004161,0,0,2,0,0.85,0
ORD0000215071,5936.1,0,0.2,81.93090444145408,0,2,5,0,0.5,0
ORD0000029766,60962.78,0,0.05,77.35846873745642,0,2,6,0,0.85,0
ORD0000087506,58181.16,0,0.05,75.85244636203348,0,2,5,0,0.85,0
ORD0000189953,66320.78,0,0.154,76.45365015708097,1,5,13,0,0.85,0
ORD0000164283,2599.3,1,0.2,69.93023527010087,0,2,5,1,0.25,1
ORD0000005234,10429.4,0,0.067,77.60943481577584,0,3,9,0,0.65,0
ORD0000008939,23612.25,1,0.167,71.07139806331298,0,2,6,1,0.3,1
ORD0000032511,1876.89,0,0.05,73.876224873636,1,5,13,0,0.35,0
ORD0000117105,70869.81,0,0.05,80.63934678805111,0,3,8,0,0.85,0
ORD0000023721,7103.09,0,0.05,67.2578853343513,0,3,8,0,0.65,0
ORD0000007207,23503.71,0,0.05,77.71571537991784,0,2,7,0,0.3,0
ORD0000027700,4706.87,1,0.05,62.25160881205495,0,2,6,1,0.65,1
ORD0000144788,14173.56,0,0.167,69.5724828737136,0,2,6,0,0.85,0
ORD0000001274,16100.62,0,0.05,70.49047867772461,0,2,5,0,0.85,0
ORD0000009276,97547.18,0,0.071,69.71855327157127,1,5,14,0,0.85,0
ORD0000209508,419.49,1,0.05,72.60097723228046,1,4,12,1,0.35,0
ORD0000143241,45247.77,1,0.154,72.5999319286991,1,5,13,1,0.85,1
ORD0000186695,8898.46,0,0.05,75.86442461498194,0,2,5,0,0.5,0
ORD0000197302,19036.15,0,0.05,75.3125289843206,0,1,3,0,0.3,0
ORD0000011433,8544.11,0,0.05,71.62516978647575,0,2,6,0,0.65,0
ORD0000071066,6911.29,0,0.143,79.53313258216178,0,0,2,0,0.5,0
ORD0000118496,66113.55,1,0.05,62.321349918471924,0,2,7,1,0.85,1
ORD0000223187,2898.58,0,0.2,80.4464312878962,0,2,5,0,0.25,0
ORD0000123819,1337.2,1,0.05,57.599060044427794,0,2,5,1,0.65,1
ORD0000128703,239.46,1,0.05,64.19963071155426,0,2,7,1,0.35,0
ORD0000075783,403.46,1,0.05,71.33323532680082,0,2,7,1,0.15,0
ORD0000153500,49147.48,0,0.167,75.08243118623825,0,2,6,0,0.85,0
ORD0000167457,4681.51,0,0.167,79.93580650514426,0,2,6,0,0.85,0
ORD0000192137,609.41,0,0.05,69.66161538484937,0,1,4,0,0.35,0
ORD0000166504,33324.09,0,0.333,72.98333617627199,0,2,6,0,0.85,0
ORD0000234401,2141.86,1,0.05,56.16685122378182,0,2,5,1,0.25,1
ORD0000103145,19736.52,1,0.1,65.84522868250463,1,4,10,1,0.5,1
ORD0000245114,16663.54,0,0.05,76.84821773569124,0,1,4,0,0.3,0
ORD0000198584,23769.32,0,0.25,77.95586710229662,0,1,4,0,0.85,0
ORD0000213430,301596.69,1,0.05,55.53996762045429,0,0,1,0,0.85,0
ORD0000221764,402.33,0,0.2,75.08426983106777,0,2,5,0,0.15,0
ORD0000061784,3246.17,1,0.05,72.61071270920675,0,3,9,1,0.65,1
ORD0000059021,683.3,0,0.077,80.08558081513613,0,3,9,0,0.35,0
ORD0000116098,35309.2,0,0.143,80.85580611933202,0,2,7,0,0.3,0
ORD0000082320,28296.47,0,0.05,73.87324997044168,0,3,9,0,0.3,0
ORD0000194420,2406.87,1,0.167,58.76186437036847,0,2,6,1,0.25,1
ORD0000022591,103615.91,0,0.05,75.77130396081266,0,3,8,0,0.85,0
ORD0000087435,28296.47,0,0.05,80.31285927584702,0,2,5,0,0.3,0
ORD0000146749,538.38,0,0.2,74.35652018346087,0,2,5,0,0.15,0
ORD0000175852,25510.43,1,0.4,63.22323540587959,0,2,5,1,0.3,1
ORD0000117271,106011.51,0,0.25,76.93083445736764,1,4,12,0,0.85,0
ORD0000223229,23073.97,0,0.25,74.34189755296921,0,3,8,0,0.85,0
ORD0000189409,9359.88,0,0.05,73.17213371360894,0,2,6,0,0.3,0
ORD0000041359,2212.86,1,0.05,60.124364224446175,0,3,8,1,0.15,1
ORD0000209178,7070.31,0,0.05,68.3780078876109,0,1,3,0,0.5,0
ORD0000210075,1518.66,0,0.05,70.07374651732471,0,2,6,0,0.35,0
ORD0000167818,1346.52,0,0.05,72.65448177729836,1,4,11,0,0.15,0
ORD0000112116,5452.7,0,0.05,78.39254438385765,0,2,6,0,0.65,0
ORD0000005089,2075.89,0,0.05,80.0612457274403,0,2,6,0,0.25,0
ORD0000241259,36737.59,0,0.091,72.58724798870013,1,4,11,0,0.85,0
ORD0000103703,2607.24,0,0.111,70.1773012794696,0,3,9,0,0.65,0
ORD0000190678,97547.18,0,0.05,77.2902465463653,1,4,11,0,0.85,0
ORD0000214879,47315.14,0,0.05,76.30497655323929,0,3,9,0,0.85,0
ORD0000178882,47562.64,0,0.333,78.02876187470775,0,1,3,0,0.85,0
ORD0000051986,5583.9,0,0.143,87.39399985016684,0,2,7,0,0.5,0
ORD0000185728,319.76,1,0.2,65.90095709011742,0,2,5,1,0.35,1
ORD0000002867,203405.64,1,0.143,73.6696381660646,0,2,7,1,0.85,1
ORD0000141772,50385.12,0,0.273,74.69277292110385,1,4,11,0,0.85,0
ORD0000090641,9081.54,1,0.143,61.31304588944904,0,2,7,1,0.65,1
ORD0000027699,42703.1,0,0.083,78.58331308934672,1,4,12,0,0.85,0
ORD0000082759,8478.22,0,0.167,70.79266510580672,0,2,6,0,0.3,0
ORD0000077499,61655.85,0,0.05,69.62390651386804,0,1,4,0,0.85,0
ORD0000204457,3577.57,1,0.05,63.78873413292009,0,1,4,1,0.5,1
ORD0000093671,454.59,0,0.05,77.65341372087657,0,2,6,0,0.35,0
ORD0000023745,7114.12,1,0.05,64.05341161335478,0,1,3,0,0.65,0
ORD0000043812,27011.09,0,0.222,76.32289472510237,0,3,9,0,0.3,0
ORD0000008115,1348.21,1,0.143,67.03139241453577,0,2,7,1,0.35,0
ORD0000150556,20823.96,0,0.05,70.22273713763057,0,1,3,0,0.5,0
ORD0000249334,106015.56,1,0.25,75.99430062272641,0,3,8,1,0.85,1
ORD0000113487,45035.98,0,0.25,73.59356227370499,0,3,8,0,0.85,0
ORD0000136201,21733.66,0,0.133,79.77744623507297,0,2,7,0,0.3,0
ORD0000093501,1098.81,0,0.05,73.63955694856783,0,3,9,0,0.35,0
ORD0000243930,91688.02,0,0.125,64.36019362701832,0,3,8,0,0.85,0
ORD0000190187,1169.19,0,0.143,72.12025127428286,0,2,7,0,0.3,0
ORD0000072813,683.46,0,0.05,72.49334930299135,0,3,9,0,0.35,0
ORD0000232796,2057.84,0,0.1,69.91715120709063,0,2,5,0,0.65,0
ORD0000183811,40557.83,0,0.05,72.23119983573326,1,4,12,0,0.85,0
ORD0000154505,5555.03,0,0.05,65.5708572064322,0,1,4,0,0.65,0
ORD0000044374,2147.69,0,0.2,82.78218580319255,1,4,10,0,0.25,0
ORD0000247370,17509.34,0,0.286,73.75415777809435,0,2,7,0,0.3,0
ORD0000126516,873.25,1,0.125,70.19472896027193,0,3,8,1,0.25,0
ORD0000079374,482.59,1,0.05,62.357006418324346,0,2,6,1,0.35,1
ORD0000107619,1209.57,1,0.333,64.79248755792612,0,2,6,1,0.5,1
ORD0000004436,39992.55,1,0.333,72.83845209928822,0,1,3,0,0.85,0
ORD0000117430,118739.66,0,0.05,75.68665362122555,0,1,3,0,0.85,0
ORD0000227005,20767.42,0,0.05,75.69468359563037,0,2,6,0,0.3,0
ORD0000162457,1929.09,1,0.05,64.50729249671741,1,4,10,1,0.65,1
ORD0000000580,4957.82,0,0.5,72.53695597758373,0,0,2,0,0.5,0
ORD0000244783,7461.77,0,0.05,71.65977228351194,0,1,4,0,0.65,0
ORD0000219607,77145.06,0,0.143,74.92618913026315,0,2,7,0,0.85,0
ORD0000198629,1055.83,0,0.2,71.73029191219908,0,2,5,0,0.35,0
ORD0000230452,79888.91,1,0.25,58.14242273048536,0,3,8,1,0.85,1
ORD0000051117,24226.78,0,0.05,72.0438714645134,0,2,6,0,0.5,0
ORD0000072750,123191.16,1,0.25,62.290548480318044,0,3,8,1,0.85,1
ORD0000196263,61389.93,0,0.05,73.92606951601854,0,2,7,0,0.85,0
ORD0000210757,95275.8,0,0.125,80.67907087540172,0,3,8,0,0.85,0
ORD0000002695,531.89,0,0.05,72.07658485846954,0,2,6,0,0.35,0
ORD0000139993,3381.64,0,0.05,68.31693611079788,0,1,4,0,0.15,0
ORD0000006261,747.71,0,0.05,73.8945173126054,0,1,3,0,0.15,0
ORD0000139419,58718.26,1,0.05,59.53198028172959,0,3,8,1,0.5,1
ORD0000061688,4053.12,0,0.05,78.87735371129662,0,2,5,0,0.15,0
ORD0000094737,8478.22,0,0.118,72.74493993396463,1,4,10,0,0.3,0
ORD0000216600,5743.05,0,0.05,72.67687526641427,0,2,6,0,0.65,0
ORD0000075214,7447.75,0,0.111,77.10621888812928,0,3,9,0,0.65,0
ORD0000209179,560.65,0,0.2,76.94597038167292,0,2,5,0,0.15,0
ORD0000041845,13572.44,0,0.222,66.99272050197801,0,3,9,0,0.65,0
ORD0000011727,1680.89,0,0.05,71.56419866738794,0,3,9,0,0.5,0
ORD0000113912,1409.62,0,0.05,84.11992347494868,0,1,4,0,0.35,0
ORD0000111800,1947.06,0,0.2,72.98504682876641,1,4,10,0,0.85,0
ORD0000171983,7993.13,0,0.05,78.1756611501117,0,2,7,0,0.65,0
ORD0000125630,108205.39,0,0.05,72.37585344460906,0,2,6,0,0.85,0
ORD0000081511,96470.95,1,0.05,58.468918703169166,0,3,9,1,0.85,1
ORD0000190469,16244.95,0,0.25,76.39096873424836,0,1,4,0,0.5,0
ORD0000165249,5936.1,0,0.05,78.08733675513835,1,4,10,0,0.5,0
ORD0000035677,1024.38,0,0.05,66.03533346534282,1,4,10,0,0.65,0
ORD0000093490,80352.44,0,0.083,80.05268263408014,1,4,12,0,0.85,0
ORD0000059142,14779.11,0,0.2,78.68320724821153,1,4,10,0,0.5,0
ORD0000018663,514.02,0,0.5,79.72716083567965,0,2,6,0,0.15,0
ORD0000100843,57070.18,0,0.05,76.84508376737516,0,2,5,0,0.85,0
ORD0000010522,106015.56,1,0.05,70.58440145566924,0,3,8,1,0.85,1
ORD0000094395,600.53,0,0.05,80.57820492750045,0,2,6,0,0.25,0
ORD0000053031,1169.94,0,0.2,74.63235733125339,1,4,10,0,0.15,0
ORD0000082701,36348.36,0,0.2,76.11738789136122,1,4,10,0,0.5,0
ORD0000014200,16215.74,0,0.091,70.2757474847965,1,4,11,0,0.5,0
ORD0000163918,1030.68,0,0.375,79.89397106716915,0,3,8,0,0.15,0
ORD0000025910,37374.91,0,0.05,78.58275637504481,0,2,5,0,0.85,0
ORD0000004452,1420.02,0,0.111,84.79993820384698,0,3,9,0,0.35,0
ORD0000068431,11972.79,0,0.05,74.11153592563402,0,2,5,0,0.5,0
ORD0000022464,62978.45,0,0.05,73.69341402443737,0,2,6,0,0.85,0
ORD0000233003,11227.66,1,0.05,67.74988677469126,0,2,5,1,0.5,1
ORD0000194555,45035.98,0,0.05,77.87045598664608,0,2,5,0,0.85,0
ORD0000016946,11156.19,0,0.125,82.62555896702946,0,3,8,0,0.65,0
ORD0000003572,211.6,1,0.05,72.865682969323,0,1,4,1,0.15,0
ORD0000142950,11472.92,0,0.05,74.7556274477219,0,0,2,0,0.3,0
ORD0000049914,70869.81,1,0.05,69.63277042359219,0,2,5,1,0.85,1
ORD0000049903,14227.45,0,0.05,66.94006428843666,0,2,6,0,0.85,0
ORD0000006348,20767.42,1,0.4,69.48640848476396,0,2,5,1,0.3,1
ORD0000148341,19682.53,1,0.1,58.67345389516234,1,4,10,1,0.5,1
ORD0000030167,9488.75,1,0.05,64.03086825598501,0,2,6,1,0.65,1
ORD0000167804,2980.66,1,0.05,62.26985891254239,0,3,9,1,0.65,1
ORD0000072193,4363.94,1,0.05,65.25223302077414,0,3,8,1,0.85,1
ORD0000230081,32040.04,0,0.05,80.52980301717092,0,1,4,0,0.3,0
ORD0000133909,27118.43,0,0.05,74.98407090141094,0,1,3,0,0.5,0
ORD0000001044,11640.41,0,0.143,68.89735559027636,0,2,7,0,0.3,0
ORD0000192641,3553.36,0,0.05,72.11218714423596,0,2,6,0,0.25,0
ORD0000232954,3798.94,1,0.333,59.931916517126254,0,1,3,0,0.5,0
ORD0000071404,712.08,0,0.05,80.58808551702701,0,2,6,0,0.35,0
ORD0000093491,69045.8,0,0.05,86.25676352214505,0,1,3,0,0.85,0
ORD0000084301,96470.95,0,0.167,79.98589055268609,0,2,6,0,0.85,0
ORD0000126630,2661.14,1,0.05,63.044497549382825,0,2,6,1,0.15,1
ORD0000149853,28454.9,0,0.05,77.43452570144503,0,2,5,0,0.85,0
ORD0000228100,1499.0,0,0.167,73.73837776776693,0,2,6,0,0.15,0
ORD0000014090,710.01,1,0.05,56.173970033285094,0,2,7,1,0.35,1
ORD0000188335,797.13,0,0.167,74.3478647676178,0,2,6,0,0.15,0
ORD0000207263,433.94,1,0.231,66.18072148057661,1,5,13,1,0.15,1
ORD0000171575,1292.38,0,0.05,86.87223675357365,0,2,6,0,0.15,0
ORD0000049919,5583.9,1,0.154,68.25993499138886,1,5,13,1,0.5,1
ORD0000203756,23265.96,0,0.05,74.65132525459892,1,4,10,0,0.3,0
ORD0000212004,2022.0,0,0.167,79.40182076369447,0,2,6,0,0.15,0
ORD0000071394,579.08,0,0.05,83.35067699954847,0,3,9,0,0.15,0
ORD0000048268,1075.89,0,0.05,70.03343548025711,0,3,8,0,0.15,0
ORD0000068121,2692.18,0,0.4,70.6170290117547,0,2,5,0,0.25,0
ORD0000110419,25192.56,0,0.05,77.63270971456423,0,2,7,0,0.85,0
ORD0000221073,5583.9,0,0.222,76.2465324965503,0,3,9,0,0.5,0
ORD0000009779,1676.11,0,0.333,75.0277970264706,0,2,6,0,0.25,0
ORD0000164226,23769.32,1,0.05,72.3309427494936,0,2,7,1,0.85,1
ORD0000220662,3073.14,1,0.429,58.92461069108914,0,2,7,1,0.65,1
ORD0000092673,50724.66,0,0.05,71.19994017917004,0,2,6,0,0.85,0
ORD0000066151,80352.62,1,0.125,62.0768752512535,0,3,8,1,0.85,1
ORD0000212680,81.43,0,0.5,70.38030387223594,0,1,4,0,0.15,0
ORD0000230607,273.46,0,0.2,71.24361826278471,1,4,10,0,0.15,0
ORD0000208697,164809.86,0,0.25,73.74704691352335,0,1,4,0,0.85,0
ORD0000098425,4221.04,1,0.05,62.62612394552458,0,1,3,0,0.5,0
ORD0000228311,3733.92,0,0.167,81.20450012392921,1,4,12,0,0.5,0
ORD0000213856,11222.79,0,0.125,73.78241604750345,0,3,8,0,0.85,0
ORD0000093902,2591.3,1,0.05,59.09626687408476,0,3,8,1,0.65,1
ORD0000008558,28706.11,0,0.05,72.05728001162426,0,2,6,0,0.85,0
ORD0000006047,127597.19,0,0.25,76.21053648030592,1,4,12,0,0.85,0
ORD0000151203,18374.66,0,0.571,77.14198556701432,0,2,7,0,0.3,0
ORD0000112486,19015.66,0,0.167,76.04358449134035,0,2,6,0,0.85,0
ORD0000009130,2758.93,0,0.05,75.06147772145314,0,2,5,0,0.65,0
ORD0000153464,61021.69,0,0.05,77.1603386934484,0,1,4,0,0.85,0
ORD0000113841,1352.81,0,0.286,74.05349449062346,0,2,7,0,0.15,0
ORD0000101936,1877.49,0,0.05,73.28913811132733,0,1,4,0,0.15,0
ORD0000168741,623.21,0,0.05,75.95992613110441,0,1,3,0,0.15,0
ORD0000097791,100752.34,0,0.3,81.31152651387112,1,4,10,0,0.85,0
ORD0000100727,61819.67,1,0.05,58.718170581661305,0,2,6,1,0.85,1
ORD0000030940,67319.63,0,0.286,77.92694819564272,0,2,7,0,0.85,0
ORD0000016035,16978.9,0,0.25,80.46562852077699,0,3,8,0,0.5,0
ORD0000016711,777.02,1,0.05,67.02943868663189,0,2,6,1,0.35,0
ORD0000231983,12810.29,0,0.125,68.66115173553851,0,3,8,0,0.3,0
ORD0000176094,1816.82,0,0.25,78.6317514189011,0,1,4,0,0.15,0
ORD0000058499,418.98,0,0.05,75.34103552284866,1,4,11,0,0.35,0
ORD0000056459,738.15,0,0.235,75.60271580735203,0,2,7,0,0.15,0
ORD0000099295,16224.81,1,0.05,67.2885696741965,0,2,6,1,0.3,1
ORD0000034970,285.45,0,0.111,77.62119442778896,0,3,9,0,0.35,0
ORD0000080609,4227.67,0,0.1,70.59400784910585,1,4,10,0,0.65,0
ORD0000118087,13569.35,1,0.05,61.760899700626524,0,2,7,1,0.65,1
ORD0000217287,220806.57,0,0.167,71.53312976149039,0,2,6,0,0.85,0
ORD0000035834,147442.44,0,0.2,74.02813132816664,0,2,6,0,0.85,0
ORD0000142695,17598.42,0,0.083,81.49649541276769,0,1,3,0,0.3,0
ORD0000032755,294.04,1,0.05,65.9354018475088,0,2,7,1,0.15,0
ORD0000188775,62718.66,0,0.05,74.72610122334014,0,2,5,0,0.85,0
ORD0000002163,724.75,0,0.444,74.0243021950355,0,3,9,0,0.35,0
ORD0000047578,1036.21,1,0.05,76.18677867299552,0,2,5,1,0.15,0
ORD0000236602,1532.17,0,0.05,68.07200818091576,0,1,3,0,0.15,0
ORD0000024236,22456.69,0,0.286,78.66953875546768,0,2,7,0,0.5,0
ORD0000089458,197799.81,0,0.286,76.08134994378781,0,2,7,0,0.85,0
ORD0000103597,28680.54,0,0.05,70.19446265737115,0,2,6,0,0.5,0
ORD0000033579,37348.42,1,0.25,68.46628311065888,0,3,8,1,0.3,1
ORD0000166929,402.44,1,0.111,61.12143116619104,0,3,9,1,0.15,0
ORD0000202480,80352.44,1,0.25,63.875458192310965,0,1,4,1,0.85,1
ORD0000083825,17167.33,0,0.167,77.07781566786936,0,2,6,0,0.3,0
ORD0000157263,2631.33,0,0.083,74.05791924003148,1,4,12,0,0.65,0
ORD0000026973,1343.99,0,0.05,72.81133729330274,0,2,7,0,0.65,0
ORD0000091364,40949.06,0,0.273,78.2058178386872,1,4,11,0,0.3,0
ORD0000026647,62675.34,0,0.05,73.19549827245316,0,3,8,0,0.85,0
ORD0000089333,1232.64,1,0.05,70.21792071449052,0,1,4,1,0.15,0
ORD0000180643,471.26,1,0.2,63.26598933954568,0,2,5,1,0.15,0
ORD0000063924,6777.07,1,0.2,67.72091622815867,0,2,5,1,0.5,1
ORD0000195415,11303.14,0,0.05,70.76813443807856,0,2,5,0,0.65,0
ORD0000119632,5217.09,0,0.25,85.88376189416459,0,3,8,0,0.65,0
ORD0000207505,2093.48,0,0.05,77.58479110182587,0,1,4,0,0.25,0
ORD0000245591,1271.35,0,0.05,77.99211273189,0,3,8,0,0.65,0
ORD0000125541,1466.18,0,0.077,68.48689301934168,1,5,13,0,0.15,0
ORD0000234594,3507.32,0,0.25,80.07890682155195,0,1,4,0,0.25,0
ORD0000045972,78710.5,0,0.2,81.94406200422218,0,2,5,0,0.85,0
ORD0000094625,75046.02,1,0.05,60.73588854220443,0,2,6,1,0.85,1
ORD0000064910,8960.22,0,0.125,71.42475932990703,0,3,8,0,0.3,0
ORD0000184514,1820.77,0,0.222,64.0854197321677,0,3,9,0,0.15,0
ORD0000038785,2071.69,1,0.333,67.54769651241233,0,2,6,1,0.25,1
ORD0000041227,20282.69,0,0.05,82.15687317022397,0,3,8,0,0.5,0
ORD0000070009,35520.78,1,0.333,68.05187876175764,0,2,6,1,0.5,1
ORD0000168693,15878.73,0,0.05,81.74604222346898,0,1,3,0,0.85,0
ORD0000056889,46110.88,0,0.05,83.13643781825834,0,1,4,0,0.85,0
ORD0000067601,60912.78,1,0.05,69.23981561594975,0,2,6,1,0.85,1
ORD0000216382,939.44,0,0.2,70.61538256924595,1,4,10,0,0.35,0
ORD0000049027,867.2,0,0.05,77.09852994849315,0,1,4,0,0.35,0
ORD0000090505,1458.58,0,0.25,75.35620660350907,0,3,8,0,0.25,0
ORD0000208114,1877.49,0,0.222,80.3509465928003,0,3,9,0,0.15,0
ORD0000047082,47547.6,0,0.05,81.21019741256379,0,2,5,0,0.85,0
ORD0000026276,10817.06,1,0.05,61.83569617863708,0,1,3,0,0.5,0
ORD0000101678,637.28,1,0.167,52.99624890502044,0,2,6,1,0.15,1
ORD0000077506,35303.17,1,0.25,59.81577196457039,0,1,4,1,0.85,1
ORD0000108847,843.07,0,0.05,76.32337701837845,0,2,6,0,0.35,0
ORD0000159953,15859.27,0,0.05,80.03852898525308,0,2,6,0,0.5,0
ORD0000188067,22902.75,0,0.05,73.3517698130186,0,2,7,0,0.65,0
ORD0000247393,20002.37,1,0.05,64.39639126737111,0,1,3,0,0.5,0
ORD0000014848,521.32,0,0.1,71.87894140560888,1,4,10,0,0.15,0
ORD0000096642,3324.62,0,0.167,91.248477576769,0,2,6,0,0.65,0
ORD0000241697,1311.44,1,0.05,60.247535851549856,0,2,5,1,0.35,0
ORD0000130286,876.35,0,0.133,75.63558006688378,1,6,15,0,0.15,0
ORD0000018422,4227.67,0,0.167,65.65810002303556,0,2,6,0,0.65,0
ORD0000240468,7356.21,0,0.111,74.31977154654675,0,3,9,0,0.5,0
ORD0000116467,11916.38,0,0.333,77.93276550004167,0,1,3,0,0.5,0
ORD0000109215,315.38,0,0.182,75.18256582776029,1,4,11,0,0.15,0
ORD0000162825,1551.55,0,0.167,69.76026005317516,0,2,6,0,0.65,0
ORD0000217356,19764.55,1,0.143,72.95596040152137,0,2,7,1,0.85,1
ORD0000008686,6775.6,0,0.3,71.9768672485693,1,4,10,0,0.65,0
ORD0000077235,1811.18,0,0.05,74.36052329494159,0,2,6,0,0.25,0
ORD0000174605,4817.32,0,0.167,74.32709522279774,0,2,6,0,0.65,0
ORD0000217425,299.33,0,0.167,76.45373034077029,0,2,6,0,0.15,0
ORD0000084393,2839.3,0,0.333,70.00745798689127,0,2,6,0,0.25,0
ORD0000220857,8881.26,0,0.111,74.064151183025,0,3,9,0,0.65,0
ORD0000053804,22317.12,0,0.05,84.63659933302331,0,3,9,0,0.3,0
ORD0000095761,67670.27,1,0.05,56.18145969050314,0,1,3,0,0.85,0
ORD0000207046,20514.44,0,0.05,80.77267577255566,0,2,7,0,0.5,0
ORD0000209818,55422.15,0,0.25,76.05061457956495,0,3,8,0,0.85,0
ORD0000234584,4533.9,0,0.2,74.37948888581629,0,2,5,0,0.15,0
ORD0000141307,2386.32,1,0.05,65.86012508263957,0,2,5,1,0.25,1
ORD0000169482,702.87,1,0.05,62.60903537924262,0,2,7,1,0.15,0
ORD0000180204,23682.72,0,0.05,82.5910739162335,0,2,7,0,0.3,0
ORD0000190744,11162.33,0,0.05,67.62801035283103,0,3,9,0,0.3,0
ORD0000172174,10693.08,1,0.05,68.38847739257514,0,3,8,1,0.65,1
ORD0000014856,2668.18,0,0.05,74.42446143150833,0,1,3,0,0.65,0
ORD0000092013,3028.82,0,0.05,72.03600435107364,0,3,8,0,0.65,0
ORD0000005142,179.65,0,0.05,77.02386610794451,0,1,4,0,0.3,0
ORD0000232424,15817.37,1,0.2,66.1518087763594,0,2,5,1,0.5,1
ORD0000127162,35309.2,0,0.05,79.71276346988807,0,3,8,0,0.3,0
ORD0000005726,14313.32,0,0.05,74.43594034954734,1,4,10,0,0.5,0
ORD0000121970,526.47,0,0.167,70.89731837835473,0,2,6,0,0.15,0
ORD0000139100,1430.51,0,0.125,66.53175979373125,0,3,8,0,0.15,0
ORD0000164177,4100.75,1,0.143,70.95900537567968,0,2,7,1,0.65,1
ORD0000247718,32687.29,1,0.143,64.12471526069966,0,2,7,1,0.85,1
ORD0000003105,330.26,1,0.167,60.608249606882666,0,2,6,1,0.15,0
ORD0000080396,3313.62,0,0.071,72.51733040613189,0,1,4,0,0.25,0
ORD0000085481,84339.76,0,0.286,71.88029186635404,0,2,7,0,0.85,0
ORD0000235914,40557.83,0,0.05,80.64671072295488,0,2,5,0,0.85,0
ORD0000016783,513.01,1,0.05,62.51206024964597,0,1,4,1,0.15,0
ORD0000142466,757.74,0,0.05,80.98569759086341,0,3,9,0,0.15,0
ORD0000110616,6717.46,0,0.05,62.14807083505279,0,2,7,0,0.65,0
ORD0000090398,867.2,0,0.05,89.09782074729347,0,2,7,0,0.35,0
ORD0000010002,4844.04,1,0.05,62.96852967061028,0,2,7,1,0.65,1
ORD0000049262,23813.95,0,0.05,70.13516686519063,0,3,9,0,0.3,0
ORD0000004334,6150.27,0,0.167,74.45094103541453,0,2,6,0,0.5,0
ORD0000033687,1311.33,0,0.05,72.2024328876811,0,1,3,0,0.25,0
ORD0000052972,4894.71,0,0.05,75.07318030924446,0,2,7,0,0.3,0
ORD0000011437,8803.05,0,0.2,73.1361777391202,0,2,5,0,0.5,0
ORD0000035903,19095.88,1,0.05,74.81817459781755,0,2,6,1,0.3,1
ORD0000027557,428.36,0,0.111,72.10316570442765,0,3,9,0,0.25,0
ORD0000124796,26936.82,0,0.05,71.33647095876401,0,2,7,0,0.5,0
ORD0000053658,2026.84,0,0.75,75.59696335986033,0,1,4,0,0.25,0
ORD0000124427,10965.89,1,0.125,63.45464298288611,0,3,8,1,0.3,1
ORD0000083899,88592.76,0,0.05,78.75408855193848,0,1,4,0,0.85,0
ORD0000203381,19785.55,0,0.05,71.25187436220415,0,2,7,0,0.5,0
ORD0000218141,4363.94,1,0.111,55.705729691587635,0,3,9,1,0.85,1
ORD0000187123,11821.34,1,0.05,62.90236324823013,0,2,5,1,0.3,1
ORD0000042894,3893.39,0,0.222,71.24499704611105,0,3,8,0,0.5,0
ORD0000024833,2174.64,0,0.091,73.68458740094412,1,4,11,0,0.5,0
ORD0000193313,33424.09,1,0.1,61.384650145326184,1,4,10,1,0.85,1
ORD0000183809,6813.9,1,0.143,61.21674096617655,0,2,7,1,0.65,1
ORD0000128332,12893.44,0,0.2,76.79524991629972,0,2,5,0,0.85,0
ORD0000249107,4496.18,0,0.333,78.05212773300808,0,1,3,0,0.15,0
ORD0000030593,80247.86,0,0.286,72.79126794796122,0,2,7,0,0.85,0
ORD0000203768,60352.0,0,0.05,76.43238879499837,0,3,8,0,0.85,0
ORD0000036986,958.51,0,0.05,78.9047660245183,0,2,6,0,0.15,0
ORD0000086329,8486.16,0,0.111,77.95192325938137,0,3,9,0,0.85,0
ORD0000066715,10134.84,0,0.05,67.20356233991843,0,2,5,0,0.65,0
ORD0000214296,1623.61,0,0.05,75.64863429869332,0,1,3,0,0.15,0
ORD0000051349,375.28,0,0.2,81.32714672330884,0,2,5,0,0.15,0
ORD0000144635,10611.88,0,0.05,71.6212689617837,0,2,6,0,0.65,0
ORD0000178159,1167.05,0,0.05,73.89356050659855,1,4,10,0,0.15,0
ORD0000230651,3615.64,1,0.05,65.81964070484803,0,2,5,1,0.65,1
ORD0000197912,6472.17,1,0.111,59.289884795780964,0,3,9,1,0.65,1
ORD0000122392,224781.46,0,0.125,72.52987368944423,0,3,8,0,0.85,0
ORD0000096334,4592.04,0,0.05,80.48163340034657,0,3,9,0,0.65,0
ORD0000097067,381.26,1,0.05,70.934025230281,0,1,4,1,0.35,0
ORD0000038967,37374.91,0,0.05,81.20619265281402,0,2,5,0,0.85,0
ORD0000184635,8898.46,0,0.111,80.33508551141074,0,3,9,0,0.5,0
ORD0000002868,1357.56,0,0.05,76.83228727386302,1,4,10,0,0.15,0
ORD0000096856,19736.52,1,0.333,62.7326090199324,0,1,3,0,0.5,0
ORD0000212883,6614.86,0,0.05,74.2820340214591,0,3,8,0,0.65,0
ORD0000114547,3235.29,0,0.125,70.51772789575749,0,3,8,0,0.15,0
ORD0000022337,11122.03,1,0.05,50.69863953861061,0,2,7,1,0.65,1
ORD0000213986,314.35,0,0.2,81.69164341137869,0,2,5,0,0.15,0
ORD0000226467,57108.45,0,0.05,67.57934049132545,1,4,10,0,0.3,0
ORD0000194839,60587.67,1,0.2,60.547929395637155,0,2,5,1,0.85,1
ORD0000207398,7630.4,0,0.25,66.02376317112333,0,1,4,0,0.3,0
ORD0000080721,150.15,0,0.05,65.2693970361014,0,2,5,0,0.35,0
ORD0000001971,7046.81,0,0.05,73.74474866896112,0,3,8,0,0.5,0
ORD0000215212,2743.38,0,0.05,78.85045652091088,0,0,2,0,0.25,0
ORD0000109943,15717.37,1,0.2,59.30435372699695,1,4,10,1,0.5,1
ORD0000116331,19.63,0,0.286,66.4293670212648,0,2,7,0,0.15,0
ORD0000216426,4756.32,0,0.05,69.93509493892638,0,2,6,0,0.25,0
ORD0000221080,10719.1,1,0.1,69.38045232143715,1,4,10,1,0.65,1
ORD0000058354,2183.49,0,0.05,70.11474025686218,1,4,10,0,0.5,0
ORD0000061405,2153.95,0,0.333,74.24248513194453,0,2,6,0,0.65,0
ORD0000233719,10898.11,0,0.05,69.42566907383498,0,2,7,0,0.65,0
ORD0000049681,17365.21,0,0.143,74.76168090184439,0,2,7,0,0.5,0
ORD0000129420,3893.39,0,0.05,75.64725388752066,0,1,3,0,0.5,0
ORD0000059474,80352.62,0,0.05,70.25707118977562,0,3,8,0,0.85,0
ORD0000173762,28296.47,0,0.3,66.88142644993641,1,4,10,0,0.3,0
ORD0000088034,10204.54,0,0.2,71.03171010217481,0,2,5,0,0.65,0
ORD0000241675,98.09,0,0.05,76.16403472179874,0,2,7,0,0.35,0
ORD0000067011,4351.8,0,0.25,74.5703160278596,0,3,8,0,0.65,0
ORD0000061569,862.35,1,0.5,63.70833228072153,0,0,2,0,0.15,0
ORD0000241998,15320.45,1,0.05,68.27735433732245,0,2,6,1,0.3,1
ORD0000092650,71382.82,0,0.125,73.72401706107358,0,3,8,0,0.85,0
ORD0000165069,4522.16,1,0.143,66.42877479162432,0,2,7,1,0.65,1
ORD0000107334,15462.98,1,0.125,61.76151606529147,0,3,8,1,0.5,1
ORD0000016686,1074.52,1,0.111,69.60050723876246,0,3,9,1,0.25,0
ORD0000096760,4040.86,1,0.05,61.53475607788227,0,3,9,1,0.65,1
ORD0000022125,107536.62,0,0.05,77.32898808453379,0,2,5,0,0.85,0
ORD0000173061,17788.1,0,0.05,74.55012196667147,0,2,5,0,0.85,0
ORD0000039670,876.86,0,0.05,70.30664049684394,0,2,7,0,0.65,0
ORD0000123386,89518.27,0,0.05,70.24136670762044,0,2,6,0,0.85,0
ORD0000118061,40761.35,0,0.167,64.85862451436391,0,2,6,0,0.85,0
ORD0000018476,5401.13,0,0.05,75.63343753867574,0,2,6,0,0.15,0
ORD0000156742,548.65,0,0.111,79.68417183342257,0,3,9,0,0.35,0
ORD0000231733,1418.94,1,0.05,60.70447600044608,0,1,3,0,0.15,0
ORD0000126980,201.09,0,0.333,68.88234630084185,1,4,12,0,0.15,0
ORD0000030269,922.45,1,0.167,62.62759010587597,0,2,6,1,0.25,0
ORD0000197111,26381.86,1,0.125,58.762164088171005,0,3,8,1,0.3,1
ORD0000085158,14339.47,1,0.083,60.81198122517594,1,4,12,1,0.5,1
ORD0000082587,637.56,0,0.143,74.31800421898978,0,2,7,0,0.65,0
ORD0000083483,11640.41,0,0.182,79.26506582751276,1,4,11,0,0.3,0
ORD0000051166,12444.44,0,0.05,78.73160058932086,0,1,3,0,0.65,0
ORD0000112235,1301.14,1,0.05,63.63255872237437,0,1,4,1,0.35,0
ORD0000051343,15091.18,1,0.286,68.8260980163573,0,2,7,1,0.5,1
ORD0000046791,2354.97,1,0.05,66.40218061222801,0,2,5,1,0.3,1
ORD0000040843,1.77,0,0.05,73.68699162270777,0,3,8,0,0.15,0
ORD0000003669,385.63,1,0.125,72.51411629350403,0,3,8,1,0.35,0
ORD0000095931,184.65,0,0.25,77.33245465327963,0,1,4,0,0.35,0
ORD0000142556,17272.95,0,0.125,81.11324508488043,0,3,8,0,0.5,0
ORD0000112680,671.48,1,0.05,67.11780250768209,0,1,4,1,0.35,0
ORD0000117513,7284.24,0,0.2,76.70136943930437,0,2,5,0,0.65,0
ORD0000242623,491.94,0,0.05,76.06263739903677,1,4,10,0,0.35,0
ORD0000069263,14637.31,1,0.125,61.65932610612822,0,3,8,1,0.65,1
ORD0000158153,5555.03,1,0.167,67.78026522481676,1,4,12,1,0.65,1
ORD0000247542,111350.86,0,0.05,77.439512831693,0,0,2,0,0.85,0
ORD0000005037,16290.47,0,0.143,74.81912376464354,0,2,7,0,0.3,0
ORD0000101101,7979.29,0,0.05,80.97945328079376,0,1,3,0,0.65,0
ORD0000031955,1395.14,1,0.143,63.688691495884186,0,2,7,1,0.15,0
ORD0000105162,3334.08,0,0.286,80.36662114601835,0,2,7,0,0.15,0
ORD0000203650,46694.34,1,0.05,61.580315479715885,0,2,6,1,0.3,1
ORD0000190316,79788.91,1,0.167,67.24645906900531,0,2,6,1,0.85,1
ORD0000176168,1707.66,1,0.2,59.6158535593206,1,4,10,1,0.5,1
ORD0000234535,15320.45,0,0.1,74.8467990873099,1,4,10,0,0.3,0
ORD0000197921,841.53,0,0.05,68.80039649865273,0,2,6,0,0.15,0
ORD0000164114,15154.58,0,0.167,74.0241219595928,0,2,6,0,0.5,0
ORD0000246964,2947.35,1,0.05,66.40358098612586,0,2,7,1,0.25,1
ORD0000162697,53691.1,1,0.05,79.06101542073255,0,3,9,1,0.85,1
ORD0000000446,1295.65,0,0.25,74.75404818237088,0,1,4,0,0.65,0
ORD0000217498,61655.85,0,0.05,77.45920684628234,0,1,4,0,0.85,0
ORD0000069978,5823.76,0,0.083,72.24662841214165,1,4,12,0,0.5,0
ORD0000210426,1081.43,0,0.05,66.99203610377509,0,0,2,0,0.5,0
ORD0000196483,1415.54,0,0.125,80.78865426594196,0,3,8,0,0.25,0
ORD0000218354,5029.36,0,0.05,73.88641760106599,0,3,9,0,0.65,0
ORD0000033689,555.84,0,0.05,68.98343177777976,0,1,4,0,0.15,0
ORD0000018125,23063.44,0,0.2,74.16843151231168,0,2,5,0,0.65,0
ORD0000103047,1974.72,1,0.05,66.58716468088934,0,1,4,1,0.65,1
ORD0000229459,99366.06,0,0.05,80.38619435560604,0,2,7,0,0.85,0
ORD0000075453,1417.03,0,0.05,84.28729098678916,0,2,7,0,0.35,0
ORD0000012615,6826.82,0,0.25,77.56196955584018,0,1,4,0,0.65,0
ORD0000068872,3915.78,1,0.111,64.07935584125022,0,3,9,1,0.3,1
ORD0000186130,31069.04,1,0.05,65.17474910915021,0,1,3,0,0.3,0
ORD0000027895,16258.85,1,0.05,63.85939689610452,0,3,9,1,0.5,1
ORD0000031195,1842.76,1,0.091,68.99045808806217,1,4,11,1,0.65,1
ORD0000239436,6794.98,0,0.05,67.2823074152878,0,2,6,0,0.3,0
ORD0000220722,16258.85,0,0.125,73.75737001925204,0,3,8,0,0.5,0
ORD0000036842,8500.46,1,0.143,63.39210265117535,0,2,7,1,0.5,1
ORD0000216483,2394.22,0,0.05,88.69626150229256,0,1,4,0,0.35,0
ORD0000044612,49147.48,0,0.286,81.48095165813265,0,2,7,0,0.85,0
ORD0000226137,89518.27,0,0.25,70.72330727982315,0,1,4,0,0.85,0
ORD0000014290,949.36,0,0.1,69.55470459570374,1,4,10,0,0.65,0
ORD0000032241,28196.47,1,0.143,58.18157631955276,0,2,7,1,0.3,1
ORD0000097207,189922.8,0,0.05,75.98958135461642,0,3,8,0,0.85,0
ORD0000081537,11597.19,0,0.143,80.66135965734951,0,2,7,0,0.85,0
ORD0000226051,10990.07,0,0.286,81.22592586533757,0,2,7,0,0.65,0
ORD0000248084,10075.56,0,0.286,77.30224154764836,0,2,7,0,0.65,0
ORD0000084726,5074.86,0,0.05,75.00628095270706,0,3,8,0,0.65,0
ORD0000231074,1333.55,0,0.333,74.6804048386219,0,2,6,0,0.35,0
ORD0000174184,1430.51,0,0.2,72.75674673874276,0,2,5,0,0.15,0
ORD0000125144,1961.31,0,0.333,62.108205530499866,0,1,3,0,0.65,0
ORD0000056237,7816.59,0,0.05,75.7491293269351,0,3,9,0,0.5,0
ORD0000101518,2008.6,1,0.111,59.98891492160702,0,3,9,1,0.35,1
ORD0000026483,8500.46,0,0.2,76.79717212424822,0,2,5,0,0.5,0
ORD0000115952,60352.0,1,0.05,64.52234639112451,1,4,10,1,0.85,1
ORD0000204159,673.26,1,0.05,70.3577630889716,0,2,7,1,0.15,0
ORD0000058493,3536.5,1,0.167,71.81556225217136,0,2,6,1,0.85,1
ORD0000180762,118121.46,0,0.05,74.46986407833576,0,1,4,0,0.85,0
ORD0000150682,527.32,0,0.286,71.01896703049725,0,2,7,0,0.35,0
ORD0000006985,23543.31,1,0.2,69.76366639041413,0,2,5,1,0.5,1
ORD0000065731,4115.68,0,0.05,70.11993060209072,0,3,9,0,0.65,0
ORD0000016599,1116.18,0,0.167,71.08994793753247,0,2,6,0,0.35,0
ORD0000223302,22508.13,0,0.125,71.42478220270216,0,3,8,0,0.3,0
ORD0000004416,12402.59,1,0.05,59.20015705581201,0,1,4,1,0.3,1
ORD0000066338,41562.51,0,0.05,81.22038109733124,0,1,4,0,0.85,0
ORD0000113618,19659.89,0,0.167,75.63375602709371,0,2,6,0,0.5,0
ORD0000028941,2299.71,0,0.25,84.96333792242842,0,3,8,0,0.25,0
ORD0000077203,37408.02,0,0.125,78.8501944614172,0,3,8,0,0.85,0
ORD0000239826,1337.2,1,0.2,65.42024496371408,0,2,5,1,0.65,0
ORD0000214776,2730.32,0,0.05,86.15670429263366,0,2,7,0,0.65,0
ORD0000102953,2000.42,1,0.05,56.259431661128616,0,2,5,1,0.15,1
ORD0000047849,36715.8,0,0.05,70.99312343151888,1,4,10,0,0.85,0
ORD0000249534,61671.5,1,0.05,63.5306488290611,0,3,8,1,0.85,1
ORD0000169206,4869.53,1,0.2,67.8977895422253,0,2,5,1,0.65,1
ORD0000022576,148398.74,1,0.2,58.49896808709245,1,4,10,1,0.85,1
ORD0000221225,20556.21,0,0.111,72.54829133531665,0,3,9,0,0.3,0
ORD0000190304,71900.02,0,0.05,85.61547418681673,0,2,6,0,0.85,0
ORD0000223848,555.36,1,0.222,67.2977517670988,0,3,9,1,0.15,0
ORD0000128029,12321.42,0,0.05,77.10997182631576,0,2,6,0,0.65,0
ORD0000160054,2862.9,1,0.05,59.07428872214437,0,2,7,1,0.15,1
ORD0000210583,6911.19,1,0.429,63.18193877918064,0,2,7,1,0.3,1
ORD0000028670,5137.79,0,0.05,73.9194591146229,0,2,5,0,0.3,0
ORD0000154801,1792.76,1,0.05,62.63224733307877,0,0,2,0,0.65,0
ORD0000240600,1725.38,1,0.667,61.93396267220216,0,1,3,0,0.15,1
ORD0000041016,119541.39,1,0.6,59.978289013329345,0,2,5,1,0.85,1
ORD0000094397,8942.49,1,0.05,63.00663570919277,0,2,5,1,0.3,1
ORD0000069430,590.74,0,0.05,71.028905737232,0,2,6,0,0.15,0
ORD0000007943,704.05,1,0.05,67.8227595319819,0,2,7,1,0.25,0
ORD0000164662,70887.52,0,0.154,80.21006199794515,1,5,13,0,0.85,0
ORD0000032066,4308.95,0,0.286,80.92149821935443,0,2,7,0,0.65,0
ORD0000223329,710.01,0,0.05,78.803371013201,0,3,8,0,0.35,0
ORD0000107034,17910.47,1,0.05,67.50305033977362,0,2,7,1,0.3,1
ORD0000130177,10516.6,0,0.25,76.76046581375041,0,1,4,0,0.85,0
ORD0000093900,19871.76,1,0.125,62.06022995462064,0,3,8,1,0.5,1
ORD0000139611,1530.4,0,0.05,66.19915526906976,0,1,4,0,0.15,0
ORD0000246958,3142.4,0,0.05,81.35038475154767,0,2,7,0,0.35,0
ORD0000137512,2401.36,0,0.05,80.26326247850501,0,1,3,0,0.65,0
ORD0000125494,23570.12,1,0.05,69.36837000972827,1,4,10,1,0.3,1
ORD0000112763,1389.24,0,0.05,75.057460318235,1,4,12,0,0.15,0
ORD0000197746,18226.13,0,0.05,74.65061357123307,0,3,8,0,0.5,0
ORD0000053375,24483.31,0,0.05,73.69136765637177,0,2,7,0,0.3,0
ORD0000128228,67801.88,0,0.143,79.2179594960274,0,2,7,0,0.85,0
ORD0000196434,8275.12,0,0.05,68.05482293253777,0,2,6,0,0.3,0
ORD0000219437,17896.26,0,0.25,86.51467543883219,0,1,4,0,0.65,0
ORD0000137057,528.18,1,0.125,63.8005294830076,0,3,8,1,0.15,0
ORD0000238591,9002.85,0,0.05,69.38049882993309,0,3,9,0,0.65,0
ORD0000035772,19785.55,0,0.05,70.41608091410026,0,1,3,0,0.5,0
ORD0000171888,69703.12,0,0.05,69.3213442426127,0,1,4,0,0.85,0
ORD0000190764,32484.49,1,0.6,64.89342557605143,0,2,5,1,0.3,1
ORD0000179812,52795.26,0,0.25,82.35959114021756,0,1,4,0,0.3,0
ORD0000195249,3901.32,0,0.05,68.41949765317545,0,3,8,0,0.65,0
ORD0000192159,7392.07,0,0.05,74.21341671627346,0,0,2,0,0.65,0
ORD0000180470,1268.08,0,0.444,77.4318699700054,0,3,9,0,0.25,0
ORD0000209333,11480.36,1,0.05,55.601595918616525,0,3,9,1,0.5,1
ORD0000001092,60352.0,0,0.05,78.1061601652683,1,4,10,0,0.85,0
ORD0000215831,8265.31,0,0.125,72.24789889140364,0,3,8,0,0.5,0
ORD0000243610,57250.26,1,0.125,61.09628891970414,0,3,8,1,0.85,1
ORD0000039940,2056.22,0,0.222,75.55431437380331,0,3,9,0,0.25,0
ORD0000043794,6954.7,1,0.05,70.39145541286608,0,2,5,1,0.3,1
ORD0000240277,125350.68,1,0.1,69.99636509252687,1,4,10,1,0.85,1
ORD0000157847,2725.68,0,0.083,72.91227275250941,1,4,12,0,0.65,0
ORD0000171281,57991.76,1,0.05,66.44452151071495,0,3,8,1,0.85,1
ORD0000088529,423.44,0,0.333,76.87529260458011,0,2,6,0,0.15,0
ORD0000168205,114054.2,0,0.357,79.43281062848291,0,2,5,0,0.85,0
ORD0000036365,331449.93,1,0.05,64.47035699267927,0,2,7,1,0.85,1
ORD0000141032,6594.9,0,0.111,74.33009132522749,0,3,9,0,0.5,0
ORD0000068637,11597.19,0,0.05,76.92137990087534,0,1,4,0,0.85,0
ORD0000203700,5965.07,0,0.429,78.42091926099955,0,2,7,0,0.85,0
ORD0000154960,38128.94,0,0.05,74.75775255319654,1,4,10,0,0.5,0
ORD0000229661,31136.29,1,0.111,70.22885831101642,0,3,9,1,0.3,1
ORD0000169663,62718.66,0,0.25,73.36998138654431,0,3,8,0,0.85,0
ORD0000008835,7466.64,0,0.05,68.66261100066014,0,2,7,0,0.85,0
ORD0000078808,186258.27,0,0.333,72.28965112970904,0,2,6,0,0.85,0
ORD0000024810,480.77,1,0.125,71.33265621658857,0,3,8,1,0.15,0
ORD0000021099,1078.43,1,0.333,64.15784106500041,0,1,3,0,0.15,0
ORD0000015715,3862.54,0,0.143,77.26574280057099,0,2,7,0,0.65,0
ORD0000069613,299.75,0,0.05,66.91069153004938,0,1,4,0,0.15,0
ORD0000130705,28786.97,0,0.05,75.50978437811492,0,3,9,0,0.5,0
ORD0000183506,1056.77,0,0.5,63.980013103400424,0,1,4,0,0.15,0
ORD0000134782,7671.38,0,0.375,75.20036280670435,0,3,8,0,0.5,1
ORD0000226217,3948.33,1,0.05,59.45724858863371,0,2,6,1,0.25,1
ORD0000022007,25521.71,0,0.05,69.25198527791656,0,3,8,0,0.3,0
ORD0000106136,75046.02,1,0.25,73.53006448367103,0,1,4,1,0.85,1
ORD0000209975,3577.57,1,0.05,70.53225918269554,0,2,6,1,0.5,1
ORD0000093184,1275.66,0,0.429,79.61961092396382,0,2,7,0,0.25,0
ORD0000015367,2154.21,0,0.333,66.3766009245574,0,1,3,0,0.15,0
ORD0000059277,4947.01,1,0.05,67.90309576568592,1,4,10,1,0.65,1
ORD0000206186,24821.56,0,0.25,78.33354682580466,0,1,4,0,0.65,0
ORD0000014557,18126.28,0,0.25,80.27572395866959,0,1,4,0,0.85,0
ORD0000164901,27818.25,1,0.143,65.02420333105614,0,2,7,1,0.65,1
ORD0000114147,83225.02,0,0.05,80.70667762869842,0,2,7,0,0.85,0
ORD0000041462,783.61,1,0.333,76.73253132262695,0,2,6,1,0.15,1
ORD0000199773,47058.74,1,0.05,76.19081249164458,0,3,9,1,0.5,1
ORD0000086981,15462.98,0,0.1,70.61484872207267,1,4,10,0,0.5,0
ORD0000090713,8958.11,0,0.375,76.1195995962389,0,3,8,0,0.65,0
ORD0000186582,1065.01,0,0.2,76.22520205449486,0,2,5,0,0.15,0
ORD0000227730,6867.99,0,0.05,74.00698422743011,0,2,6,0,0.85,0
ORD0000191192,40693.81,1,0.05,69.14053426789424,0,1,4,1,0.85,1
ORD0000202572,44050.5,1,0.25,70.33748800685548,0,1,4,1,0.3,1
ORD0000156873,34081.56,1,0.2,59.77560074359193,0,2,5,1,0.85,1
ORD0000114949,4144.0,0,0.05,74.72988336016134,0,1,3,0,0.15,0
ORD0000173152,21316.24,0,0.118,79.72662523960126,1,4,10,0,0.5,0
ORD0000006994,1472.7,0,0.154,72.13950561851108,1,5,13,0,0.35,0
ORD0000028520,176.26,0,0.2,81.52356498800297,0,2,5,0,0.15,0
ORD0000118510,49097.48,0,0.05,66.55829644611721,0,3,8,0,0.85,0
ORD0000116914,25508.81,0,0.167,76.12609707185511,0,2,6,0,0.3,0
ORD0000019579,8948.13,0,0.125,69.42640188079555,0,3,8,0,0.65,0
ORD0000214643,118739.66,0,0.05,87.94873676951849,0,2,6,0,0.85,0
ORD0000068773,56865.78,1,0.05,69.17106596282392,0,1,3,0,0.85,0
ORD0000033057,1218.29,1,0.111,70.24139542528201,0,3,9,1,0.15,0
ORD0000087737,2967.14,1,0.05,63.945309371232135,0,2,7,1,0.15,1
ORD0000086126,6940.42,1,0.05,65.71410015299854,0,0,1,0,0.5,0
ORD0000179752,1571.2,0,0.05,81.54673757864764,0,2,5,0,0.35,0
ORD0000152581,4121.04,0,0.2,66.95025861085803,0,2,5,0,0.5,0
ORD0000179557,8881.26,0,0.167,72.94327310525505,0,2,6,0,0.65,0
ORD0000044916,15821.95,0,0.05,79.44750307569976,0,2,7,0,0.5,0
ORD0000073896,2902.28,1,0.333,62.6676923549808,0,2,6,1,0.15,1
ORD0000051812,21261.58,0,0.05,73.25900376011492,0,0,2,0,0.3,0
ORD0000025405,14365.91,1,0.05,61.183521386091044,0,2,6,1,0.5,1
ORD0000045331,57020.18,0,0.143,70.31258725129055,0,2,7,0,0.85,0
ORD0000037603,393.02,1,0.091,66.23689798993067,1,4,11,1,0.35,0
ORD0000159993,7461.77,1,0.05,66.14738908379147,0,2,6,1,0.65,1
ORD0000127759,74659.02,0,0.05,70.83148702814246,0,1,3,0,0.85,0
ORD0000225977,923.73,0,0.05,68.24501881419548,0,2,7,0,0.15,0
ORD0000042293,3283.86,1,0.333,66.33012184240198,0,1,3,0,0.3,0
ORD0000139913,1415.12,1,0.05,64.36454597599275,0,3,8,1,0.15,0
ORD0000141473,53109.1,0,0.167,80.18955399772743,0,2,6,0,0.85,0
ORD0000242032,170847.24,0,0.091,70.58854767230075,1,4,11,0,0.85,0
ORD0000110939,19848.46,0,0.05,72.2732416143828,0,1,4,0,0.5,0
ORD0000107492,312.59,1,0.05,67.87270329026863,0,2,6,1,0.15,0
ORD0000068862,8948.13,1,0.05,63.61636589671474,0,1,3,0,0.65,0
ORD0000126866,2348.14,1,0.1,60.83084119121132,1,4,10,1,0.25,1
ORD0000186987,85102.55,1,0.05,66.22569498235467,0,3,8,1,0.85,1
ORD0000196323,7835.22,0,0.5,72.9466635522429,0,1,4,0,0.5,0
ORD0000182508,47140.24,0,0.05,83.57518448217627,0,2,6,0,0.3,0
ORD0000128326,1974.72,1,0.111,66.2880981687536,0,3,9,1,0.65,1
ORD0000183622,40998.54,1,0.05,63.7398293458038,0,2,5,1,0.3,1
ORD0000044986,16212.53,0,0.143,72.1048467773818,0,2,7,0,0.3,0
ORD0000011452,27229.72,1,0.05,64.48438427838924,0,2,7,1,0.85,1
ORD0000133163,2670.7,1,0.125,59.27443436480655,0,3,8,1,0.15,1
ORD0000124551,2469.61,0,0.05,76.02428307208983,0,2,6,0,0.65,0
ORD0000198739,24825.36,0,0.4,64.68436798682575,0,2,5,0,0.3,0
ORD0000047817,69021.17,1,0.2,61.16117768944911,0,2,5,1,0.85,1
ORD0000076439,480.78,0,0.05,77.15070459871903,1,4,10,0,0.15,0
ORD0000183127,19095.88,0,0.111,73.67137727577285,0,3,9,0,0.3,0
ORD0000088722,74233.89,0,0.05,81.2152154577449,0,2,6,0,0.85,0
ORD0000004335,2742.67,0,0.125,65.13076623150673,0,3,8,0,0.15,0
ORD0000237366,12109.01,0,0.05,78.186431781107,0,2,5,0,0.65,0
ORD0000111558,1083.12,1,0.5,60.17256407551975,0,3,8,1,0.15,1
ORD0000195580,89518.27,0,0.05,80.47388273768037,0,2,5,0,0.85,0
ORD0000125671,67347.51,0,0.167,77.3209667898046,0,2,6,0,0.85,0
ORD0000184073,8760.36,0,0.111,79.51446360256821,0,3,9,0,0.3,0
ORD0000202454,715.6,0,0.05,79.07631482655697,0,3,8,0,0.15,0
ORD0000047670,13390.02,0,0.05,63.727111208358835,0,2,6,0,0.65,0
ORD0000172631,4894.71,1,0.25,63.56802184105235,0,3,8,1,0.3,1
ORD0000170331,109533.7,0,0.05,68.03647101108083,0,2,6,0,0.85,0
ORD0000200539,33653.2,0,0.05,78.05331965753417,0,1,4,0,0.85,0
ORD0000171489,108155.39,1,0.05,64.85111557347426,1,4,10,1,0.85,1
ORD0000168024,1329.59,1,0.2,56.45555279366538,0,2,5,1,0.35,1
ORD0000104661,95687.04,0,0.25,75.86315319569428,0,1,4,0,0.85,0
ORD0000071903,88592.76,0,0.2,78.04980702987721,0,2,5,0,0.85,0
ORD0000234534,1595.24,0,0.3,70.61710816154138,1,4,10,0,0.65,0
ORD0000015088,93254.32,1,0.167,58.05071678991396,0,2,6,1,0.85,1
ORD0000094640,25621.71,1,0.05,70.18919504495753,0,1,3,0,0.3,0
ORD0000009202,71482.82,0,0.143,73.1840488480038,0,2,7,0,0.85,0
ORD0000223296,67670.27,0,0.05,72.12315667275844,0,2,6,0,0.85,0
ORD0000236677,35531.03,1,0.05,69.03484935856326,0,2,7,1,0.85,1
ORD0000027033,91261.86,0,0.125,71.43346863297234,0,3,8,0,0.85,0
ORD0000194248,47936.2,0,0.111,79.1088083779364,0,3,9,0,0.5,0
ORD0000140575,3488.6,0,0.05,71.51612830378946,0,2,5,0,0.5,0
ORD0000226509,21249.5,0,0.375,71.65857672489328,0,3,8,0,0.3,0
ORD0000142036,5072.26,0,0.05,69.212378702985,0,2,7,0,0.5,0
ORD0000077716,24443.99,0,0.05,77.13411893140713,0,2,5,0,0.3,0
ORD0000079354,1555.6,0,0.05,78.2281690609187,0,2,5,0,0.15,0
ORD0000146596,82202.05,0,0.143,71.20079122614746,0,2,7,0,0.85,0
ORD0000119592,81115.66,0,0.286,84.14881114876559,0,2,7,0,0.85,0
ORD0000206605,439.93,0,0.25,68.1961998053157,0,3,8,0,0.15,0
ORD0000095685,328.13,0,0.05,72.31711441616395,0,3,8,0,0.15,0
ORD0000132184,14695.4,1,0.05,68.19876674961856,0,3,8,1,0.85,1
ORD0000055725,29055.9,0,0.05,75.94729848499183,0,2,7,0,0.85,0
ORD0000158372,13471.35,0,0.286,67.54327709540203,0,2,7,0,0.3,0
ORD0000006510,83136.31,0,0.143,73.66917533679865,0,2,7,0,0.3,0
ORD0000249162,6360.76,1,0.05,68.81392328457176,0,2,6,1,0.65,1
ORD0000035184,26228.68,1,0.05,61.7148652674122,0,2,5,1,0.85,1
ORD0000006732,68163.12,1,0.143,59.01777029469008,0,2,7,1,0.85,1
ORD0000126902,5134.22,0,0.05,67.78343347084531,0,2,5,0,0.85,0
ORD0000225629,1254.76,1,0.05,69.49007854350907,1,4,10,1,0.25,0
ORD0000221650,1094.49,0,0.5,77.20254419129215,0,1,4,0,0.65,0
ORD0000135093,5105.36,0,0.125,75.43076296324418,0,3,8,0,0.65,0
ORD0000193409,8703.6,0,0.2,83.2918853239915,1,4,10,0,0.65,0
ORD0000106960,74853.34,1,0.05,63.66756376791473,0,1,4,1,0.85,1
ORD0000234363,491.08,0,0.143,70.52301148327086,0,2,7,0,0.15,0
ORD0000019157,19085.26,0,0.143,81.3280499638796,0,2,7,0,0.3,0
ORD0000175872,5325.78,0,0.05,80.50172010260849,0,2,6,0,0.85,0
ORD0000178216,108205.39,0,0.083,67.7851350590976,1,4,12,0,0.85,0
ORD0000218544,34826.24,1,0.05,66.71937189967606,0,2,5,1,0.85,1
ORD0000119884,281.44,1,0.05,60.75684919542674,0,1,4,1,0.25,0
ORD0000180280,25456.07,0,0.125,72.07379841679901,0,3,8,0,0.65,0
ORD0000060997,2079.38,1,0.05,59.30877061870173,0,3,9,1,0.35,1
ORD0000138394,823.3,0,0.125,77.43555346787115,0,3,8,0,0.15,0
ORD0000095165,2903.86,0,0.111,80.72411033257822,0,3,9,0,0.65,0
ORD0000024526,876.35,0,0.05,76.46680420127116,0,3,9,0,0.15,0
ORD0000009016,7174.43,0,0.25,77.68444117351204,0,1,4,0,0.65,0
ORD0000138790,20767.42,1,0.05,66.8077813056532,0,2,6,1,0.3,1
ORD0000078710,3028.66,1,0.05,64.39660366961981,0,2,5,1,0.5,1
ORD0000080742,519.97,0,0.05,75.1348028369898,0,2,7,0,0.15,0
ORD0000076352,34081.56,0,0.05,58.326492762838186,0,2,5,0,0.85,0
ORD0000232686,6914.39,1,0.111,70.40731209242773,0,3,9,1,0.3,1
ORD0000023467,7962.59,0,0.05,72.40490325074911,0,2,7,0,0.3,0
ORD0000014951,800.83,0,0.333,76.9817534175392,0,1,3,0,0.65,0
ORD0000053155,383.07,1,0.222,65.09667636822427,0,3,9,1,0.65,0
ORD0000042703,10587.23,0,0.111,72.10095504766046,0,3,9,0,0.3,0
ORD0000089311,476.92,0,0.2,81.92460933774304,0,2,5,0,0.35,0
ORD0000219309,35443.76,0,0.05,78.48479014874975,0,3,8,0,0.85,0
ORD0000111364,57791.01,0,0.111,75.0290621610222,0,2,5,0,0.85,0
ORD0000055552,445.55,1,0.25,69.81320598939541,0,1,4,1,0.25,0
ORD0000152706,17618.19,0,0.1,71.9829698783811,1,4,10,0,0.3,0
ORD0000211729,1901.71,1,0.25,67.19821321647886,0,3,8,1,0.25,1
ORD0000102844,1083.12,1,0.059,62.01971860295857,1,4,12,1,0.15,0
ORD0000104015,387.64,0,0.111,71.12463154493258,0,3,9,0,0.35,0
ORD0000218294,52683.85,0,0.125,66.45197726413129,0,3,8,0,0.85,0
ORD0000087058,536.47,0,0.333,70.34842731947221,0,1,3,0,0.35,0
ORD0000163844,584.97,1,0.2,51.26577467068831,0,2,5,1,0.15,1
ORD0000129366,2557.23,0,0.05,74.05057656482681,0,2,5,0,0.65,0
ORD0000083226,223323.88,0,0.05,77.64114023242676,0,1,4,0,0.85,0
ORD0000188745,80679.22,1,0.167,76.53546219950312,0,2,6,1,0.85,1
ORD0000102225,11865.76,0,0.182,73.26736490293843,0,2,7,0,0.65,0
ORD0000191153,1961.31,1,0.167,61.68814009988708,0,2,6,1,0.65,1
ORD0000077784,60500.25,0,0.05,66.48510608936013,0,2,7,0,0.85,0
ORD0000153262,2667.54,0,0.083,79.31585365403835,0,3,9,0,0.15,0
ORD0000243440,24775.77,0,0.05,68.45256799665279,0,1,3,0,0.85,0
ORD0000224740,17910.47,0,0.05,84.27105604206162,0,3,8,0,0.3,0
ORD0000136788,16153.78,1,0.05,68.69950962907068,0,2,5,1,0.5,1
ORD0000068933,1191.24,1,0.167,66.119709827326,0,2,6,1,0.35,1
ORD0000147613,8354.44,0,0.05,74.87103620484642,0,2,6,0,0.85,0
ORD0000213433,14532.12,0,0.125,72.50546511171262,0,3,8,0,0.65,0
ORD0000015159,2898.58,0,0.05,80.6015547628419,0,3,8,0,0.25,0
ORD0000027804,1353.45,1,0.05,73.77806072813567,0,2,6,1,0.15,0
ORD0000033237,47686.19,0,0.364,74.30790640423706,1,4,11,0,0.85,0
ORD0000233159,534.79,1,0.05,54.32441979447116,0,2,6,1,0.15,0
ORD0000017337,110483.31,0,0.05,79.31111537934717,0,2,5,0,0.85,0
ORD0000176954,66241.97,1,0.05,73.07601856480969,0,2,6,1,0.85,1
ORD0000075019,3651.11,0,0.05,77.35866909752559,0,2,5,0,0.65,0
ORD0000054943,21249.5,1,0.125,65.00683331761999,0,2,6,1,0.3,1
ORD0000184777,16150.62,0,0.111,78.23671271053347,0,3,9,0,0.85,0
ORD0000182832,29178.76,0,0.1,68.61752811936732,1,4,10,0,0.3,0
ORD0000205360,85102.55,1,0.05,63.189378858593656,0,2,5,1,0.85,1
ORD0000151149,13604.42,1,0.6,62.205883624535254,0,2,5,1,0.3,1
ORD0000133414,16226.76,0,0.2,81.0476343029448,0,2,5,0,0.85,0
ORD0000182270,4957.36,0,0.143,81.12588019574137,0,2,7,0,0.65,0
ORD0000134976,5743.05,1,0.444,70.48831864589584,0,3,9,1,0.65,1
ORD0000111381,100532.23,0,0.05,71.96829201564157,0,3,8,0,0.85,0
ORD0000007059,118943.76,1,0.05,66.43930642108802,0,2,5,1,0.85,1
ORD0000117787,74749.82,0,0.25,81.48560507681606,0,1,4,0,0.85,0
ORD0000225223,8342.02,1,0.05,60.49910494060581,0,3,9,1,0.65,1
ORD0000227426,7773.21,0,0.05,76.81707196069233,0,2,7,0,0.3,0
ORD0000097203,985.57,1,0.05,69.94228507856849,0,3,8,1,0.35,0
ORD0000099415,368.42,1,0.05,59.801839384579324,1,6,16,1,0.25,0
ORD0000071115,63667.32,1,0.333,63.24172300806639,0,2,6,1,0.85,1
ORD0000156842,14044.53,0,0.05,76.68298915863352,0,2,6,0,0.85,0
ORD0000032498,11494.01,0,0.067,72.74472258993086,0,2,7,0,0.65,0
ORD0000198664,33925.36,0,0.05,80.34781253621387,0,2,6,0,0.3,0
ORD0000139061,1267.62,1,0.2,67.54171411406992,1,4,10,1,0.15,1
ORD0000111312,59805.55,1,0.091,62.923947189496694,1,4,11,1,0.85,1
ORD0000060642,28534.44,0,0.231,82.46501052145075,1,5,13,0,0.3,0
ORD0000166995,5217.09,0,0.05,81.55844950438585,0,1,4,0,0.65,0
ORD0000201003,1577.21,1,0.125,66.31483336695472,0,3,8,1,0.35,1
ORD0000148045,3534.95,0,0.111,81.05275589362397,0,2,6,0,0.5,0
ORD0000055191,3557.56,0,0.05,77.0152513311782,0,1,4,0,0.15,0
ORD0000132317,25192.56,1,0.167,62.51594561627226,0,2,6,1,0.85,1
ORD0000165656,486.68,1,0.3,59.603908737827425,1,4,10,1,0.15,1
ORD0000188842,6341.11,0,0.167,79.25178123437612,0,2,6,0,0.5,0
ORD0000125561,64394.35,0,0.05,72.07304214351429,0,2,6,0,0.3,0
ORD0000072752,181204.14,0,0.05,76.08209137391422,0,1,4,0,0.85,0
ORD0000143890,10895.81,0,0.25,69.9076609170079,0,3,8,0,0.65,0
ORD0000249754,4424.52,0,0.05,74.13997374693827,0,2,7,0,0.15,0
ORD0000109549,65276.52,1,0.167,68.38576310722902,0,2,6,1,0.85,1
ORD0000018463,83808.84,0,0.167,75.28335126851599,0,2,6,0,0.85,0
ORD0000066302,945.4,0,0.667,71.75513551449342,0,1,3,0,0.35,0
ORD0000068125,57913.34,1,0.05,64.47822860526361,0,1,4,1,0.85,1
ORD0000199970,10041.81,0,0.05,70.51611447510699,0,1,4,0,0.65,0
ORD0000209690,21076.26,0,0.2,66.8125983877641,0,2,5,0,0.65,0
ORD0000219044,1440.2,0,0.167,69.32550227596866,0,2,6,0,0.25,0
ORD0000095732,1174.07,0,0.25,71.99224416895805,0,1,4,0,0.15,0
ORD0000019389,4787.72,0,0.25,74.00997026593747,0,1,4,0,0.65,0
ORD0000027450,19098.93,0,0.091,71.3094945838104,1,4,11,0,0.3,0
ORD0000215951,12755.96,0,0.2,73.74429438679246,1,4,10,0,0.5,0
ORD0000223382,46217.46,0,0.25,75.77434474681942,0,1,4,0,0.85,0
ORD0000170993,119.38,0,0.125,68.30785138632703,0,3,8,0,0.15,0
ORD0000164446,25192.56,0,0.125,70.65829608116655,0,3,8,0,0.85,0
ORD0000056050,7502.58,0,0.2,68.53838042738901,0,2,5,0,0.3,0
ORD0000220716,17665.24,0,0.2,78.81147692472706,0,2,5,0,0.5,0
ORD0000022037,69045.8,0,0.05,76.27689961121683,0,2,5,0,0.85,0
ORD0000068151,17887.43,1,0.05,57.915339985965815,0,1,4,1,0.3,1
ORD0000209620,517.4,0,0.25,75.99877684135402,0,3,8,0,0.35,0
ORD0000198222,4786.79,0,0.25,85.2021258361576,0,3,8,0,0.65,0
ORD0000215390,1616.44,0,0.2,68.87834442752242,0,2,5,0,0.3,0
ORD0000035773,14953.04,0,0.25,71.26934289136939,0,3,8,0,0.5,0
ORD0000094184,32384.59,0,0.143,78.70815338957917,0,2,7,0,0.5,0
ORD0000164168,13690.47,0,0.167,74.83579892051175,0,2,6,0,0.65,0
ORD0000138282,80352.62,0,0.05,77.84284273259809,0,2,7,0,0.85,0
ORD0000211649,141739.62,0,0.05,70.91770613252565,0,2,6,0,0.85,0
ORD0000169717,123091.16,0,0.2,74.29874324519876,0,2,5,0,0.85,0
ORD0000076784,17686.67,1,0.111,63.46031953924778,0,3,9,1,0.3,1
ORD0000016288,9072.05,0,0.05,69.73369509665544,0,1,4,0,0.5,0
ORD0000075185,22335.31,1,0.429,63.91867730495847,0,2,7,1,0.85,1
ORD0000169840,1080.3,0,0.05,79.22395980415232,0,3,8,0,0.35,0
ORD0000197800,67319.63,0,0.05,68.11614565914483,0,2,6,0,0.85,0
ORD0000081775,221.82,0,0.05,65.71510884122509,0,2,7,0,0.35,0
ORD0000186446,12113.39,1,0.05,64.82626376831539,0,2,6,1,0.5,1
ORD0000216900,1879.9,1,0.143,55.4629198709113,0,2,7,1,0.25,1
ORD0000203744,22309.07,1,0.125,67.0659222729058,0,3,8,1,0.3,1
ORD0000075424,265678.28,0,0.05,80.09489546152439,1,4,11,0,0.85,0
ORD0000202445,14085.77,1,0.05,64.53040694791291,0,2,7,1,0.65,1
ORD0000129214,44316.8,0,0.125,69.80504590457332,0,3,8,0,0.85,0
ORD0000207977,51387.15,0,0.286,80.79091271229252,0,2,7,0,0.85,0
ORD0000107901,26338.19,0,0.125,68.20584463298108,0,3,8,0,0.85,0
ORD0000027710,21438.2,0,0.05,72.89970818953607,0,3,9,0,0.65,0
ORD0000234041,46813.85,0,0.05,77.88262616454924,0,0,1,0,0.85,0
ORD0000183285,183072.86,0,0.05,77.89249116661409,0,2,6,0,0.85,0
ORD0000138504,14772.9,0,0.05,69.53879990742908,0,2,6,0,0.85,0
ORD0000234192,2684.26,0,0.05,79.94881742941708,0,1,3,0,0.35,0
ORD0000078439,16716.56,1,0.111,67.6321085525086,0,3,9,1,0.5,1
ORD0000216356,1931.12,0,0.333,85.60999244533578,0,2,6,0,0.15,0
ORD0000019824,23849.76,0,0.167,75.98042231449686,1,4,12,0,0.3,0
ORD0000113750,2295.58,1,0.143,60.65451754377926,0,2,7,1,0.35,1
ORD0000120533,1962.59,1,0.05,70.89804045879477,0,1,3,0,0.25,0
ORD0000187662,148.95,0,0.05,75.68302979198512,0,1,4,0,0.15,0
ORD0000157178,514.04,0,0.143,80.0801078237965,0,2,7,0,0.35,0
ORD0000071257,4640.85,0,0.125,71.52434298540393,0,3,8,0,0.25,0
ORD0000036170,5714.67,1,0.286,67.64732773307004,0,2,7,1,0.15,1
ORD0000099234,2159.52,1,0.3,65.66384677663156,1,4,10,1,0.25,1
ORD0000130192,7020.31,1,0.05,61.104183978963896,0,2,5,1,0.5,1
ORD0000157794,7069.94,1,0.05,63.73243318618989,0,0,2,0,0.3,0
ORD0000103314,301.21,0,0.05,67.19402892469687,1,4,12,0,0.15,0
ORD0000229550,6801.42,1,0.182,65.46108166800565,1,4,11,1,0.65,1
ORD0000063566,59671.7,0,0.05,83.07435840706464,0,2,7,0,0.85,0
ORD0000021321,2575.48,1,0.25,70.52308812410467,0,3,8,1,0.3,1
ORD0000216867,23194.38,0,0.05,73.23899994681281,0,1,4,0,0.85,0
ORD0000210158,62340.66,0,0.05,78.49580144906014,0,2,5,0,0.85,0
ORD0000120449,564.73,1,0.167,58.18521679124427,0,2,6,1,0.35,1
ORD0000138177,14441.92,0,0.167,79.16399051049838,0,2,6,0,0.5,0
ORD0000101344,4579.9,1,0.167,71.4606117449234,0,2,6,1,0.3,1
ORD0000085464,4363.94,0,0.05,83.48491049462022,0,2,7,0,0.85,0
ORD0000169972,82202.05,1,0.111,69.81536595768073,0,3,9,1,0.85,1
ORD0000140266,829.57,1,0.286,71.57688602835069,0,2,7,1,0.35,1
ORD0000120391,6266.52,0,0.25,71.52494534944356,0,3,8,0,0.5,0
ORD0000086015,486.28,0,0.167,77.69148747078746,0,2,6,0,0.35,0
ORD0000027325,14966.62,0,0.143,68.06550301210622,0,2,7,0,0.85,0
ORD0000238824,7863.78,0,0.111,74.73631564691959,0,3,9,0,0.3,0
ORD0000119683,9163.66,0,0.2,76.81038182142281,0,2,5,0,0.65,0
ORD0000062372,12930.29,0,0.2,74.42984277616799,0,2,5,0,0.5,0
ORD0000206756,59805.55,0,0.143,66.8378619847843,0,2,7,0,0.85,0
ORD0000056972,19848.46,1,0.05,56.35543004639119,0,2,7,1,0.5,1
ORD0000198487,2000.42,0,0.143,81.71821757676003,0,2,7,0,0.15,0
ORD0000014433,21444.03,0,0.05,79.21263024031539,0,2,5,0,0.85,0
ORD0000144480,2834.55,0,0.167,83.39441888271905,0,2,6,0,0.25,0
ORD0000217862,1355.06,0,0.333,74.99639191321415,0,2,6,0,0.65,0
ORD0000014709,2031.53,0,0.05,70.9364956921583,0,2,6,0,0.25,0
ORD0000122317,1515.91,1,0.286,65.00862397635638,0,2,7,1,0.15,1
ORD0000124558,540.55,1,0.05,64.7570597830234,0,1,4,1,0.15,0
ORD0000040741,1455.62,0,0.25,68.28693513233364,0,3,8,0,0.65,0
ORD0000208899,2936.88,0,0.286,72.1154465045897,0,2,7,0,0.3,0
ORD0000090011,4073.78,1,0.222,72.22206687044186,0,3,9,1,0.65,1
ORD0000118000,1027.25,0,0.143,71.16739696534415,0,2,7,0,0.35,0
ORD0000093448,15051.26,0,0.167,72.13605390404251,0,2,6,0,0.5,0
ORD0000107263,15596.65,0,0.333,79.81616077332014,0,1,3,0,0.85,0
ORD0000116933,294.41,0,0.1,82.41402461329157,1,4,10,0,0.15,0
ORD0000213234,2660.38,0,0.143,84.43028881502636,0,2,7,0,0.25,0
ORD0000221631,17365.21,0,0.05,78.69175755885179,0,2,6,0,0.5,0
ORD0000144242,413.44,1,0.143,58.318652388659274,0,2,7,1,0.35,1
ORD0000247480,1165.09,0,0.167,76.00571075218159,1,4,12,0,0.3,0
ORD0000186406,52666.81,1,0.125,54.583074957392114,0,3,8,1,0.85,1
ORD0000158870,46010.88,0,0.222,82.3928015901765,0,3,9,0,0.85,0
ORD0000235426,911.98,1,0.05,65.69227335075696,1,4,10,1,0.3,0
ORD0000053958,10592.52,1,0.231,59.542546149379504,1,5,13,1,0.65,1
ORD0000071154,23265.96,1,0.05,63.39877825924546,0,2,6,1,0.3,1
ORD0000212290,10965.89,1,0.167,73.74783334915196,0,2,6,1,0.3,1
ORD0000064033,498.52,0,0.2,81.96835912306986,0,2,5,0,0.35,0
ORD0000234429,14921.0,0,0.05,74.14721207371001,0,2,5,0,0.3,0
ORD0000147023,9657.98,1,0.091,55.26251958868686,1,4,11,1,0.85,1
ORD0000003197,532.18,0,0.05,79.23997854361394,0,1,4,0,0.25,0
ORD0000148003,65226.52,0,0.05,68.6076077099462,0,2,6,0,0.85,0
ORD0000157559,15688.73,0,0.05,68.30235191599446,0,3,8,0,0.3,0
ORD0000066188,22335.31,0,0.077,70.01056393653637,1,5,13,0,0.85,0
ORD0000164778,4706.87,1,0.05,70.30259421437239,0,3,8,1,0.65,1
ORD0000209501,80247.86,0,0.05,69.3512526471257,0,3,8,0,0.85,0
ORD0000164084,9901.8,0,0.333,79.29516000311769,0,3,9,0,0.65,0
ORD0000216179,2478.68,0,0.333,71.50964292364708,0,1,3,0,0.65,0
ORD0000003696,16591.02,0,0.222,72.59077762160244,0,3,9,0,0.65,0
ORD0000146659,58537.61,0,0.5,67.74445977754189,0,1,4,0,0.85,0
ORD0000215453,7438.9,0,0.05,74.73469534532227,0,1,3,0,0.65,0
ORD0000069456,236279.82,0,0.05,78.45533214230385,0,2,7,0,0.85,0
ORD0000077480,7896.26,0,0.05,66.58022263066871,0,3,8,0,0.5,0
ORD0000214297,21316.24,0,0.05,79.06429220858836,0,2,6,0,0.5,0
ORD0000073660,15396.12,1,0.143,70.777267653301,0,2,7,1,0.3,1
ORD0000101017,16362.2,0,0.143,77.1132221309292,0,2,7,0,0.5,0
ORD0000005389,96470.95,0,0.091,72.9691423343473,1,4,11,0,0.85,0
ORD0000038330,116362.32,1,0.05,62.78205283178239,1,4,11,1,0.85,1
ORD0000161916,111661.94,0,0.05,78.19965180275629,0,3,9,0,0.85,0
ORD0000041952,79271.07,0,0.375,72.60876151412035,0,3,8,0,0.85,0
ORD0000153544,4787.72,0,0.05,78.46688773724168,0,1,4,0,0.65,0
ORD0000134248,10214.76,1,0.05,71.0381365326619,0,2,6,1,0.65,1
ORD0000229794,2110.33,0,0.05,76.3792278430802,0,2,6,0,0.65,0
ORD0000180623,8567.09,1,0.111,74.54627492725311,0,3,9,1,0.3,1
ORD0000223669,1037.05,0,0.2,73.95878294005192,0,2,5,0,0.35,0
ORD0000123937,82958.77,0,0.222,69.31494153002146,0,3,9,0,0.85,0
ORD0000050143,12810.29,0,0.05,65.63617865649063,0,2,6,0,0.3,0
ORD0000100373,5314.37,0,0.05,88.8924959601644,0,3,8,0,0.65,0
ORD0000143896,1852.06,0,0.214,78.45183481019372,0,2,5,0,0.65,0
ORD0000169514,26200.11,1,0.2,66.80461578277875,0,2,5,1,0.3,1
ORD0000181906,12328.32,0,0.143,75.3554545628397,0,2,7,0,0.85,0
ORD0000249889,7046.81,0,0.05,70.01678905918962,0,2,7,0,0.5,0
ORD0000077659,5653.19,0,0.25,79.23701869971225,0,3,8,0,0.65,0
ORD0000216950,113900.59,0,0.143,76.47068805452838,0,2,7,0,0.85,0
ORD0000071556,1329.59,0,0.05,80.71787432923048,0,1,3,0,0.35,0
ORD0000179553,7046.81,0,0.05,77.91713864794593,1,5,13,0,0.5,0
ORD0000074643,73050.69,1,0.05,65.64559077052826,0,2,6,1,0.3,1
ORD0000215827,3651.78,0,0.05,64.90572085330483,0,2,7,0,0.5,0
ORD0000155403,9213.22,0,0.125,72.6244407538123,0,3,8,0,0.5,0
ORD0000068438,24827.3,0,0.167,75.79799664000228,0,2,6,0,0.5,0
ORD0000013894,45976.27,0,0.05,78.91100173093054,0,3,8,0,0.85,0
ORD0000143531,80352.62,0,0.125,77.26593888196501,1,4,11,0,0.85,0
ORD0000245829,13690.47,0,0.1,76.13210054944858,1,4,10,0,0.65,0
ORD0000202115,26870.55,0,0.5,76.3669203846964,0,2,6,0,0.85,1
ORD0000018958,6220.16,0,0.05,75.43615423233273,0,0,2,0,0.5,0
ORD0000060085,5462.6,0,0.111,71.93258871053735,0,3,9,0,0.3,0
ORD0000084157,2779.83,1,0.05,72.82621014851313,0,1,3,0,0.65,0
ORD0000025027,33424.09,0,0.125,71.81343636942067,0,3,8,0,0.85,0
ORD0000223316,235.38,1,0.05,61.50718881554572,0,2,5,1,0.15,0
ORD0000192301,1281.42,1,0.05,66.88166843864221,0,2,6,1,0.15,0
ORD0000036089,10684.61,0,0.25,71.89073348075573,0,3,8,0,0.65,0
ORD0000188931,46187.0,0,0.111,69.9846978104501,0,3,9,0,0.85,0
ORD0000234657,20326.8,0,0.167,71.01788792755872,0,2,6,0,0.65,0
ORD0000119341,1167.05,1,0.05,64.9219076850104,0,2,5,1,0.15,0
ORD0000247940,8803.05,1,0.214,63.19928175067038,1,5,14,1,0.5,1
ORD0000084786,54231.63,1,0.05,64.3025467653108,0,2,7,1,0.85,1
ORD0000062956,3594.87,0,0.25,83.6600404319439,0,3,8,0,0.65,0
ORD0000190005,5795.1,0,0.2,69.25726967337536,0,2,5,0,0.65,0
ORD0000109886,1533.32,0,0.05,67.31814437279992,0,2,6,0,0.25,0
ORD0000158493,444.1,1,0.167,57.009560850558145,0,2,6,1,0.25,1
ORD0000076350,136.96,0,0.05,76.52065577205737,0,1,4,0,0.15,0
ORD0000121350,13208.0,1,0.05,63.233760191994485,0,3,8,1,0.65,1
ORD0000213924,29835.85,0,0.167,76.93786369986746,0,2,6,0,0.85,0
ORD0000222723,171.85,1,0.125,65.77800277536282,0,3,8,1,0.15,0
ORD0000239451,2306.55,0,0.05,82.74937780205424,0,2,6,0,0.25,0
ORD0000029473,21011.09,0,0.2,71.93615741279592,0,2,5,0,0.5,0
ORD0000022311,11546.27,0,0.05,77.46154385932157,0,1,4,0,0.5,0
ORD0000189388,2797.83,1,0.333,70.69255066744921,0,1,3,0,0.3,0
ORD0000204024,56407.81,1,0.111,60.63744069577236,0,3,9,1,0.85,1
ORD0000017113,6813.9,0,0.05,73.09657327414006,0,2,5,0,0.65,0
ORD0000080879,16208.85,0,0.25,79.84325314355651,0,1,4,0,0.5,0
ORD0000053877,1261.72,0,0.1,78.03917850896934,1,4,10,0,0.5,0
ORD0000165875,42169.88,0,0.25,75.8530936646905,0,3,8,0,0.85,0
ORD0000186707,58437.61,0,0.143,74.75193503098909,1,5,14,0,0.85,0
ORD0000085925,9031.54,0,0.05,71.37997077922071,0,3,8,0,0.65,0
ORD0000093454,7636.4,0,0.05,79.4041177447738,0,2,6,0,0.65,0
ORD0000236826,52192.58,0,0.05,71.65535481744492,0,2,6,0,0.85,0
ORD0000197523,91688.02,0,0.05,70.86496150728416,0,1,4,0,0.85,0
ORD0000097452,6054.01,0,0.05,73.83012509124067,0,2,5,0,0.3,0
ORD0000091104,6439.0,0,0.167,80.55286663434964,0,2,6,0,0.65,0
ORD0000004972,14589.38,0,0.05,78.40521627432446,1,4,12,0,0.3,0
ORD0000152759,7953.09,0,0.05,65.63689368207454,0,2,7,0,0.3,0
ORD0000207255,934.13,1,0.333,55.8557037573853,0,1,3,0,0.15,0
ORD0000136718,61580.17,0,0.143,85.5447964302971,0,2,7,0,0.85,0
ORD0000165995,245.75,0,0.125,71.23825240886707,0,3,8,0,0.15,0
ORD0000104114,15469.66,0,0.05,73.28846788988322,0,1,3,0,0.5,0
ORD0000191630,5965.07,0,0.05,84.03715357938647,0,3,9,0,0.85,0
ORD0000171707,41562.51,0,0.167,67.12129896167163,0,2,6,0,0.85,0
ORD0000130526,4734.59,1,0.05,73.60169540617308,0,3,8,1,0.65,1
ORD0000159638,1621.47,1,0.143,58.935051258578184,0,2,7,1,0.15,1
ORD0000239589,10304.6,0,0.05,78.86646147808712,0,3,9,0,0.65,0
ORD0000237753,68523.89,0,0.05,77.41617959018402,0,2,6,0,0.85,0
ORD0000072227,11826.1,0,0.125,74.08016144786154,0,3,8,0,0.65,0
ORD0000016764,117138.01,0,0.05,69.94450178105903,0,2,5,0,0.85,0
ORD0000136338,3493.44,0,0.05,71.16102212363687,0,1,4,0,0.3,0
ORD0000041871,60197.43,1,0.05,55.36802244853936,0,3,8,1,0.5,1
ORD0000242064,794.06,0,0.05,75.25991754177926,0,2,6,0,0.15,0
ORD0000098829,8514.08,0,0.05,81.48789537541236,0,1,4,0,0.65,0
ORD0000032541,57435.88,0,0.1,77.87975037972825,1,4,10,0,0.3,0
ORD0000083945,27403.11,0,0.05,77.08475991066999,0,1,4,0,0.3,0
ORD0000224389,471.84,1,0.05,67.87305713860596,0,2,6,1,0.65,0
ORD0000235318,10845.81,0,0.5,79.6802626518206,0,0,2,0,0.65,0
ORD0000094898,51243.42,0,0.6,71.26270626852933,0,2,5,0,0.3,0
ORD0000081056,120950.5,1,0.111,65.87646110674415,0,3,9,1,0.85,1
ORD0000174500,4149.62,0,0.111,71.3507136136564,0,3,9,0,0.5,0
ORD0000218507,25146.75,0,0.167,75.94022318364313,0,2,6,0,0.5,0
ORD0000022488,7103.09,1,0.111,67.925175844562,0,3,9,1,0.65,1
ORD0000206162,3028.66,1,0.05,67.41812107387169,0,2,6,1,0.5,1
ORD0000097787,1666.87,0,0.25,78.59681690221416,0,3,8,0,0.15,0
ORD0000113622,11531.72,1,0.05,65.07988613310897,0,2,5,1,0.65,1
ORD0000145855,705.8,1,0.182,63.27254555673091,1,4,11,1,0.35,1
ORD0000174493,8881.8,0,0.05,73.34366005690687,0,1,4,0,0.65,0
ORD0000098013,1027.25,1,0.2,64.10588781415439,0,2,5,1,0.35,1
ORD0000121672,62598.0,0,0.333,67.85547493619684,0,1,3,0,0.85,0
ORD0000244011,973.66,0,0.286,78.18349360502378,0,2,7,0,0.35,0
ORD0000055128,29484.21,0,0.167,74.75770872416355,0,2,6,0,0.85,0
ORD0000111864,56865.78,1,0.05,62.012996605035404,0,1,4,1,0.85,1
ORD0000081858,112390.73,0,0.05,70.06182613647941,1,4,10,0,0.85,0
ORD0000246856,1274.65,1,0.2,61.87434058625482,0,2,5,1,0.35,0
ORD0000013543,1275.66,0,0.188,66.46819617050684,1,6,16,0,0.25,0
ORD0000160254,2448.97,0,0.05,78.75977757665991,0,1,4,0,0.25,0
ORD0000238304,8667.99,0,0.111,73.72672645079194,0,3,9,0,0.65,0
ORD0000200556,85323.62,1,0.125,60.065723353570995,0,3,8,1,0.85,1
ORD0000197348,136973.33,0,0.05,82.87820168128243,0,1,4,0,0.85,0
ORD0000228627,12670.06,0,0.05,82.62206619474684,0,1,4,0,0.65,0
ORD0000140906,8292.02,1,0.05,61.28734338412343,0,1,3,0,0.65,0
ORD0000169117,932.15,0,0.05,75.07205292426013,0,3,9,0,0.35,0
ORD0000156765,8381.9,0,0.05,77.86945410633868,0,2,6,0,0.5,0
ORD0000095722,1132.64,1,0.05,51.93569833172635,0,1,3,0,0.15,0
ORD0000043783,1629.15,0,0.05,78.2452043291577,0,2,5,0,0.35,0
ORD0000182875,3435.21,0,0.05,73.93248317888673,0,3,8,0,0.65,0
ORD0000162006,2374.88,0,0.05,78.79496546323901,0,2,6,0,0.3,0
ORD0000188219,3893.39,0,0.05,80.03679562594446,0,3,8,0,0.5,0
ORD0000144771,2416.28,0,0.111,81.81473542100754,0,3,9,0,0.15,0
ORD0000205268,1624.33,1,0.05,61.48819140754082,0,3,9,1,0.65,1
ORD0000171805,793.21,0,0.05,78.40790036867061,0,2,6,0,0.35,0
ORD0000177531,35887.32,1,0.05,64.36494055187083,0,1,4,1,0.85,1
ORD0000072436,23826.7,1,0.125,66.76493965336321,0,3,8,1,0.85,1
ORD0000035356,18514.26,0,0.2,81.36551789027881,0,2,5,0,0.85,0
ORD0000071589,22335.31,1,0.222,74.22110627252674,0,3,9,1,0.85,1
ORD0000130792,2248.09,1,0.25,62.63859173148058,0,1,4,1,0.15,1
ORD0000073041,1530.4,1,0.091,63.90816165257754,1,4,11,1,0.15,1
ORD0000036363,44457.02,0,0.1,72.73181380986553,1,4,10,0,0.85,0
ORD0000060450,2512.31,0,0.222,75.60293524516239,0,3,9,0,0.65,0
ORD0000007419,61819.67,0,0.05,70.93905662791484,0,2,5,0,0.85,0
ORD0000120692,5997.51,0,0.05,78.8336126036189,0,3,8,0,0.65,0
ORD0000091169,2836.77,0,0.143,69.05094654318115,0,2,7,0,0.65,0
ORD0000239949,44457.02,0,0.05,70.67918824418021,0,2,6,0,0.85,0
ORD0000195981,10628.74,0,0.05,77.2363086696646,0,2,7,0,0.65,0
ORD0000224378,13569.35,0,0.05,70.28091152675157,0,3,8,0,0.65,0
ORD0000014334,1045.46,1,0.571,73.25752515328517,0,2,7,1,0.35,1
ORD0000198838,923.98,0,0.05,78.09648411027182,0,1,4,0,0.35,0
ORD0000058358,1068.57,0,0.1,73.22371956590413,1,4,10,0,0.35,0
ORD0000035200,988.25,1,0.25,61.31232822600217,0,1,4,1,0.35,0
ORD0000040814,78111.34,0,0.143,78.91582504441841,0,2,7,0,0.3,0
ORD0000185842,11972.79,1,0.05,67.58248029912211,0,2,5,1,0.5,1
ORD0000192382,1049.16,0,0.05,74.79619729077392,0,2,6,0,0.3,0
ORD0000210265,309.94,0,0.167,76.1667340464297,0,2,6,0,0.15,0
ORD0000100120,12402.59,0,0.05,67.68439445895324,1,4,11,0,0.3,0
ORD0000237310,8143.82,0,0.05,79.57935451620381,0,3,9,0,0.65,0
ORD0000060693,7461.77,0,0.05,76.95181835382638,0,2,6,0,0.65,0
ORD0000218263,619.95,1,0.167,66.22995770777464,0,2,6,1,0.25,0
ORD0000144323,4786.79,1,0.125,63.74334451007188,0,3,8,1,0.65,1
ORD0000159503,1315.2,1,0.125,66.87676539510416,0,3,8,1,0.65,0
ORD0000245744,71482.82,0,0.05,70.28836474328864,0,2,7,0,0.85,0
ORD0000219503,708.78,1,0.05,70.36464000964689,0,2,6,1,0.15,0
ORD0000065329,4470.7,0,0.167,62.92705621148106,0,2,6,0,0.65,0
ORD0000017636,183376.04,1,0.05,69.87934886884672,0,2,7,1,0.85,1
ORD0000072340,5200.17,1,0.05,61.237884485500466,0,2,6,1,0.5,1
ORD0000156168,14846.24,0,0.05,77.70616231329844,0,2,6,0,0.3,0
ORD0000006011,24909.86,1,0.05,66.07029169158933,0,2,5,1,0.3,1
ORD0000238368,118943.76,0,0.05,72.61838347016847,0,2,5,0,0.85,0
ORD0000196507,457.66,1,0.05,62.460394905299566,0,2,6,1,0.25,0
ORD0000126154,20915.22,0,0.222,73.54823700964862,0,3,9,0,0.3,0
ORD0000039607,556.94,1,0.05,62.422966122339645,0,2,5,1,0.15,0
ORD0000240759,57913.34,0,0.05,69.98612383901931,0,3,8,0,0.85,0
ORD0000171145,751.56,0,0.167,77.52413636866311,0,2,6,0,0.15,0
ORD0000012249,29933.24,1,0.05,64.96601324250986,0,3,9,1,0.85,1
ORD0000070404,10372.33,0,0.05,69.39906051436984,0,3,9,0,0.65,0
ORD0000120362,169.81,0,0.05,72.59100979169804,0,3,8,0,0.15,0
ORD0000178277,443.42,0,0.05,73.98095259966658,1,4,10,0,0.35,0
ORD0000066130,256.19,0,0.05,75.4173551708988,0,2,6,0,0.35,0
ORD0000198136,23529.37,0,0.05,68.07469997848298,0,2,7,0,0.5,0
ORD0000008975,6111.15,0,0.167,74.22214213616752,0,2,6,0,0.65,0
ORD0000160352,21358.37,1,0.05,61.757896748452396,0,2,5,1,0.65,1
ORD0000188317,1221.8,1,0.05,63.38779704467211,0,2,7,1,0.15,0
ORD0000076480,26631.6,0,0.125,72.1380133030933,0,3,8,0,0.3,0
ORD0000017335,1495.24,1,0.1,65.59714396122004,1,4,10,1,0.65,0
ORD0000090424,23516.56,1,0.4,66.27792957962022,0,2,5,1,0.3,1
ORD0000176098,8396.32,0,0.167,71.60420759920106,0,2,6,0,0.65,0
ORD0000137922,1963.6,0,0.05,77.17319466714258,0,1,3,0,0.15,0
ORD0000207115,15516.13,1,0.333,62.89012250689866,0,2,6,1,0.5,1
ORD0000165426,99.7,0,0.05,79.7323989663891,1,4,10,0,0.15,0
ORD0000202161,1435.08,0,0.05,77.94810950973651,0,2,5,0,0.35,0
ORD0000000812,3768.73,0,0.2,83.82497157995718,0,2,5,0,0.65,0
ORD0000078580,691.08,0,0.05,72.32651872293829,0,2,5,0,0.25,0
ORD0000189694,3427.02,0,0.05,73.99375449173066,0,1,3,0,0.65,0
ORD0000192193,6940.42,0,0.2,78.45204502085625,0,2,5,0,0.5,0
ORD0000035978,19014.47,0,0.25,70.74126423969504,0,1,4,0,0.5,0
ORD0000059616,48254.24,1,0.143,59.44621268524908,0,2,7,1,0.3,1
ORD0000201408,1444.35,1,0.143,67.33590392720312,0,2,7,1,0.65,1
ORD0000052288,1254.76,0,0.286,78.60180145400962,0,2,7,0,0.25,0
ORD0000181998,5965.07,1,0.2,59.0598531080005,0,2,5,1,0.85,1
ORD0000067096,62822.81,1,0.05,65.82606365467959,0,3,8,1,0.85,1
ORD0000104629,59805.55,0,0.05,78.47428643262266,0,1,3,0,0.85,0
ORD0000172326,46187.0,0,0.05,71.8424694619453,0,2,6,0,0.85,0
ORD0000071132,4576.55,1,0.05,61.43060618345449,0,2,5,1,0.65,1
ORD0000080218,4826.88,1,0.05,63.96357122508282,0,2,6,1,0.15,1
ORD0000125164,45614.46,1,0.067,65.35995516693751,1,6,15,1,0.5,1
ORD0000092913,11110.06,0,0.05,73.63658852519666,0,3,8,0,0.65,0
ORD0000178800,676.4,0,0.75,79.42504590082373,0,1,4,0,0.15,0
ORD0000045687,180516.0,1,0.05,68.14700826093942,0,1,3,0,0.85,0
ORD0000175444,94961.4,1,0.05,75.62678564991485,0,2,6,1,0.85,1
ORD0000234982,1421.98,0,0.25,80.62507573895297,0,1,4,0,0.35,0
ORD0000244703,7444.8,0,0.05,70.50803801629793,0,2,6,0,0.25,0
ORD0000249144,2607.24,0,0.05,74.7493886531129,0,2,6,0,0.65,0
ORD0000116182,28838.89,1,0.143,71.2525722641509,0,2,7,1,0.3,1
ORD0000004551,88720.84,0,0.333,68.72604044956825,0,2,6,0,0.85,0
ORD0000197846,61755.31,0,0.05,80.70127624277164,0,2,6,0,0.85,0
ORD0000043053,8847.32,0,0.05,72.31330925811267,0,3,8,0,0.3,0
ORD0000233703,1362.84,1,0.05,58.94872300689375,0,2,7,1,0.65,1
ORD0000047475,68081.06,0,0.05,75.98850144903848,0,2,6,0,0.85,0
ORD0000182802,117075.22,0,0.167,76.13233230954081,0,2,6,0,0.85,0
ORD0000004999,14695.4,0,0.05,75.42304656155919,0,2,6,0,0.85,0
ORD0000027188,5502.73,0,0.143,74.42328169524595,0,2,7,0,0.65,0
ORD0000086438,3651.11,1,0.05,63.608098291632814,1,4,10,1,0.65,1
ORD0000055929,2079.78,0,0.125,82.40058183721807,0,3,8,0,0.65,0
ORD0000055830,9325.27,0,0.05,80.19253877063234,0,3,8,0,0.3,0
ORD0000086829,8467.11,0,0.167,71.79521756164803,0,2,6,0,0.65,0
ORD0000120696,48760.31,1,0.5,67.27037979236479,0,1,4,1,0.85,1
ORD0000150248,64334.54,1,0.25,69.87313498324009,0,1,4,1,0.85,1
ORD0000182624,3344.26,0,0.2,79.54083117417333,0,2,5,0,0.25,0
ORD0000082528,43945.82,0,0.05,74.44468935393154,0,2,7,0,0.85,0
ORD0000118890,16113.59,1,0.05,68.991477334101,0,2,7,1,0.3,1
ORD0000076130,971.91,0,0.05,76.79862586566321,0,2,6,0,0.35,0
ORD0000243614,704.05,1,0.333,75.6596353810817,0,2,6,1,0.25,0
ORD0000178516,1452.21,0,0.05,78.96400595182988,1,4,10,0,0.15,0
ORD0000091668,5650.27,1,0.3,67.63362394626054,1,4,10,1,0.85,1
ORD0000098842,12378.32,1,0.182,64.24233010792807,1,4,11,1,0.85,1
ORD0000192676,534.97,0,0.25,79.42264433267992,0,1,4,0,0.15,0
ORD0000039770,12378.32,0,0.111,76.03850233623781,0,3,9,0,0.85,0
ORD0000219176,1533.16,0,0.05,68.0548180420867,0,2,6,0,0.5,0
ORD0000080880,881.48,0,0.05,79.84609576769239,1,4,12,0,0.65,0
ORD0000233445,17843.66,0,0.05,77.38062564813708,0,2,5,0,0.85,0
ORD0000045237,1320.0,1,0.05,60.32545533827722,0,3,9,1,0.35,0
ORD0000225640,34245.04,0,0.05,87.26318194400012,0,2,6,0,0.5,0
ORD0000128144,10190.89,0,0.05,75.85228455963346,0,1,3,0,0.5,0
ORD0000222590,398.73,1,0.05,66.94280172750427,0,1,4,1,0.35,0
ORD0000222704,1091.24,1,0.05,62.94588252884737,1,4,10,1,0.15,0
ORD0000117090,6704.24,1,0.05,67.79716146291202,0,1,3,0,0.65,0
ORD0000228809,1514.41,1,0.05,62.85992525314065,0,2,6,1,0.65,1
ORD0000158701,2936.88,0,0.182,76.6080185396349,0,1,4,0,0.3,0
ORD0000015344,14127.45,0,0.125,75.22741872440817,0,3,8,0,0.85,0
ORD0000148636,13434.92,0,0.167,72.2356157825828,0,2,6,0,0.65,0
ORD0000168842,4869.53,1,0.05,69.61930845486205,0,2,5,1,0.65,1
ORD0000152217,74439.84,1,0.25,68.46554712870945,0,3,8,1,0.85,1
ORD0000066155,28612.81,0,0.143,79.17988053734904,0,2,7,0,0.85,0
ORD0000029079,5380.09,0,0.05,77.11623906574259,0,0,2,0,0.85,0
ORD0000046891,1381.28,0,0.05,74.28660543717618,0,1,3,0,0.25,0
ORD0000009637,28526.34,0,0.1,75.58390935744971,1,4,10,0,0.5,0
ORD0000065272,49086.6,1,0.05,65.02765583269858,0,3,8,1,0.5,1
ORD0000119822,4764.41,1,0.25,76.26133658271101,0,1,4,1,0.15,1
ORD0000157831,6352.83,0,0.05,71.01201494440096,0,1,4,0,0.15,0
ORD0000080748,2110.33,0,0.05,70.22800877055636,0,3,9,0,0.65,0
ORD0000088906,37125.12,0,0.05,69.32651713697835,0,2,6,0,0.3,0
ORD0000053486,1884.8,1,0.05,72.41371360768163,0,3,8,1,0.15,0
ORD0000184113,19132.5,1,0.2,64.1556946247423,0,2,5,1,0.5,1
ORD0000098041,61755.31,0,0.1,63.16225012598406,1,4,10,0,0.85,0
ORD0000085784,32040.04,0,0.05,64.72973855560582,0,3,8,0,0.3,0
ORD0000192733,5102.27,0,0.05,69.97446087616468,0,1,3,0,0.65,0
ORD0000046339,90602.07,0,0.2,76.23065397712135,0,2,5,0,0.85,0
ORD0000074626,1345.63,1,0.05,60.14123094458167,0,2,7,1,0.15,0
ORD0000095158,56676.6,0,0.2,78.02902264327646,0,2,5,0,0.85,0
ORD0000230893,12786.42,0,0.143,83.75391707204128,0,2,7,0,0.65,0
ORD0000213085,16103.91,0,0.143,83.79684951208826,0,2,7,0,0.5,0
ORD0000037083,135603.76,1,0.167,64.57095339482301,0,2,6,1,0.85,1
ORD0000130940,643.38,0,0.125,72.69268028823076,0,3,8,0,0.15,0
ORD0000030056,10751.87,1,0.125,63.46099401324717,0,3,8,1,0.65,1
ORD0000052539,49663.99,0,0.167,74.0246740490802,0,2,6,0,0.85,0
ORD0000173627,1200.19,1,0.2,58.401284681371244,0,2,5,1,0.15,1
ORD0000088020,1322.47,0,0.25,84.24241718291469,0,1,4,0,0.15,0
ORD0000161037,9511.06,0,0.333,76.3827511827042,0,2,6,0,0.3,0
ORD0000160120,4443.83,0,0.143,76.69412711268363,0,2,7,0,0.65,0
ORD0000042984,175780.1,0,0.2,74.99098589802574,0,2,5,0,0.85,0
ORD0000038363,16065.2,1,0.25,55.53923267937459,0,1,4,1,0.3,1
ORD0000171957,1161.62,0,0.2,72.70752630170558,0,2,5,0,0.35,0
ORD0000164601,16530.62,0,0.143,77.28114996114934,0,2,7,0,0.5,0
ORD0000185005,610.65,1,0.05,68.0834724982296,0,2,5,1,0.15,0
ORD0000244300,1725.38,0,0.05,75.98606448653862,0,3,8,0,0.15,0
ORD0000057311,6523.66,0,0.05,76.4919935351383,0,2,6,0,0.65,0
ORD0000039860,62974.0,1,0.125,56.75350026742699,0,3,8,1,0.85,1
ORD0000055978,1551.4,0,0.167,74.95726619577805,0,2,6,0,0.35,0
ORD0000071387,24433.27,0,0.05,74.21763874270042,0,1,3,0,0.5,0
ORD0000105956,1295.65,0,0.05,70.1280491273764,0,2,6,0,0.65,0
ORD0000011629,22508.13,0,0.05,75.65037508616082,0,2,7,0,0.3,0
ORD0000053418,1410.46,0,0.125,80.90100193978641,0,3,8,0,0.15,0
ORD0000247803,339.55,0,0.05,79.15338013055644,0,1,4,0,0.35,0
ORD0000128140,61755.31,0,0.167,77.45019379794051,0,2,6,0,0.85,0
ORD0000101234,67219.63,1,0.125,61.590064769319554,0,3,8,1,0.85,1
ORD0000157940,161132.89,0,0.111,73.23139993955145,0,3,9,0,0.85,0
ORD0000114475,12733.38,0,0.125,73.99300264070791,0,3,8,0,0.3,0
ORD0000220467,3959.86,1,0.231,62.42115852948685,1,5,13,1,0.65,1
ORD0000113600,1507.56,0,0.5,57.82279986059543,0,1,4,0,0.15,0
ORD0000229226,26870.55,1,0.25,67.25730681445692,0,1,4,1,0.85,1
ORD0000150423,106015.56,0,0.05,79.11150556453178,0,1,3,0,0.85,0
ORD0000145164,4235.27,0,0.05,76.39591147118207,0,2,7,0,0.85,0
ORD0000017229,1679.35,0,0.4,71.37396455666024,0,2,5,0,0.15,0
ORD0000068080,61755.31,0,0.05,73.77978384304447,0,2,6,0,0.85,0
ORD0000010384,80352.44,0,0.333,77.94257208203722,0,2,6,0,0.85,0
ORD0000242495,1963.6,0,0.05,82.81532249917892,0,2,7,0,0.15,0
ORD0000024837,37647.4,0,0.05,77.09037603381182,0,1,4,0,0.3,0
ORD0000150828,75462.59,0,0.05,76.25618710974442,0,1,4,0,0.85,0
ORD0000218460,231962.53,0,0.05,73.97121487290771,0,3,9,0,0.85,0
ORD0000170080,4624.34,0,0.05,66.44199998491983,0,2,6,0,0.25,0
ORD0000195497,2248.09,0,0.05,82.06824148178902,0,3,8,0,0.15,0
ORD0000094360,67670.27,0,0.25,72.60917515868798,0,2,7,0,0.85,0
ORD0000061600,49147.48,1,0.111,72.18703174395877,0,3,9,1,0.85,1
ORD0000000809,166.11,1,0.05,65.26453451000657,0,2,5,1,0.25,0
ORD0000073092,408.47,0,0.111,75.8386104436958,0,3,9,0,0.35,0
ORD0000074393,9868.67,1,0.05,65.18863569257505,0,2,5,1,0.65,1
ORD0000115699,9535.16,1,0.2,68.55057246276058,0,2,5,1,0.3,1
ORD0000159231,931.48,0,0.05,87.2733992223225,1,4,10,0,0.65,0
ORD0000197820,23347.17,0,0.2,73.57114013948666,1,4,10,0,0.3,0
ORD0000078472,348.63,1,0.111,59.29769681837172,0,3,9,1,0.15,0
ORD0000074177,4547.13,0,0.2,75.63526175170803,0,2,5,0,0.15,0
ORD0000127748,21457.91,0,0.05,68.63461727053189,0,1,4,0,0.5,0
ORD0000096075,18027.57,0,0.05,77.30952197406098,0,2,7,0,0.3,0
ORD0000164011,1352.38,1,0.125,60.25932835799034,0,3,8,1,0.15,0
ORD0000176126,42882.92,0,0.05,77.94012988174924,0,1,3,0,0.85,0
ORD0000093345,3029.0,0,0.05,77.16796801774164,0,2,7,0,0.65,0
ORD0000228428,4712.58,0,0.05,80.08638982338134,0,2,7,0,0.65,0
ORD0000172581,1551.4,0,0.05,74.25497898751378,0,3,8,0,0.35,0
ORD0000218708,11865.76,0,0.111,70.42536990854806,0,3,9,0,0.65,0
ORD0000213591,15920.1,1,0.05,56.5502127805312,0,1,4,1,0.5,1
ORD0000010917,4825.91,0,0.05,78.77940508181078,0,2,6,0,0.85,0
ORD0000029152,43075.89,0,0.05,72.83917466793653,0,2,6,0,0.85,0
ORD0000003849,7046.81,1,0.083,65.63780073655367,1,4,12,1,0.5,1
ORD0000094262,34334.66,1,0.333,69.93907105742521,0,2,6,1,0.3,1
ORD0000008117,783.12,1,0.05,66.48181753069856,0,2,7,1,0.35,0
ORD0000117719,91261.86,0,0.091,63.740852656255726,1,4,11,0,0.85,0
ORD0000193484,22715.0,1,0.05,59.278257892682326,0,2,7,1,0.85,1
ORD0000083169,2696.97,1,0.125,58.650622036485004,0,3,8,1,0.65,1
ORD0000083187,712.56,0,0.125,70.95027077423705,0,3,8,0,0.15,0
ORD0000157787,14669.48,1,0.125,58.521888073275534,0,3,8,1,0.85,1
ORD0000122554,16053.78,0,0.143,78.02050948837464,0,2,7,0,0.5,0
ORD0000035226,3058.94,1,0.167,65.80834659099291,0,2,6,1,0.15,1
ORD0000104215,15552.52,0,0.167,73.02015344043508,0,2,6,0,0.5,0
ORD0000103098,115826.68,0,0.05,75.71854414593311,0,2,7,0,0.85,0
ORD0000194581,55843.59,0,0.05,74.84642796438737,0,3,9,0,0.3,0
ORD0000145646,2104.33,1,0.25,65.99714349436955,0,3,8,1,0.15,1
ORD0000108883,252.71,1,0.143,62.094366959941766,0,2,7,1,0.15,0
ORD0000036923,56815.78,0,0.087,80.47493410286174,1,6,15,0,0.85,0
ORD0000038726,5170.79,1,0.111,61.189155777684284,0,3,9,1,0.65,1
ORD0000016339,10236.43,0,0.05,84.11940942476205,0,3,8,0,0.3,0
ORD0000009310,2110.33,0,0.2,83.42701693642755,0,2,5,0,0.65,0
ORD0000244093,1261.72,0,0.2,72.91162134858864,0,2,5,0,0.5,0
ORD0000003422,8265.31,0,0.167,65.3632159148674,0,2,6,0,0.5,0
ORD0000180293,501.9,0,0.167,82.21476498488904,0,2,6,0,0.15,0
ORD0000114643,45035.98,0,0.4,79.18941192366728,0,2,5,0,0.85,0
ORD0000242933,13604.42,1,0.125,65.37488623735774,0,3,8,1,0.3,1
ORD0000115771,26535.79,0,0.05,72.28659832683863,0,2,6,0,0.85,0
ORD0000025577,2106.35,0,0.182,68.07217621692004,1,4,11,0,0.3,0
ORD0000196515,8544.11,0,0.05,66.6742562201695,0,2,6,0,0.65,0
ORD0000050278,80352.62,0,0.167,62.222140119565665,0,2,6,0,0.85,0
ORD0000171933,2543.44,0,0.286,79.22974737451825,0,2,7,0,0.65,0
ORD0000112913,10284.04,0,0.25,73.00951759560984,0,1,4,0,0.3,0
ORD0000056951,876.97,1,0.05,57.03739954790691,0,1,3,0,0.35,0
ORD0000220464,1111.36,0,0.05,82.47333724935525,0,2,6,0,0.15,0
ORD0000243626,46594.03,0,0.05,84.12572690524222,0,1,3,0,0.85,0
ORD0000108292,11532.89,0,0.05,75.13383422521382,0,1,4,0,0.3,0
ORD0000242689,30012.32,1,0.1,62.047403778241204,1,4,10,1,0.3,1
ORD0000232937,451.29,0,0.05,77.41446129570913,0,2,7,0,0.35,0
ORD0000013171,11162.83,0,0.167,71.188954909756,0,2,6,0,0.5,0
ORD0000121859,954.3,0,0.143,71.16037319232255,0,2,7,0,0.15,0
ORD0000115087,34081.56,1,0.6,64.25085884435232,0,2,5,1,0.85,1
ORD0000230215,10284.04,0,0.333,77.34839790729768,0,2,6,0,0.3,0
ORD0000171802,1335.35,0,0.143,67.03987178542249,0,2,7,0,0.15,0
ORD0000100365,3862.54,0,0.222,75.40137807756949,0,3,9,0,0.65,0
ORD0000064267,4001.32,0,0.143,80.00956113118872,0,2,7,0,0.65,0
ORD0000144770,2293.63,1,0.05,59.60059187559782,0,2,5,1,0.25,1
ORD0000238883,889.66,1,0.05,62.926712354085964,0,2,6,1,0.35,0
ORD0000060340,16529.63,1,0.333,55.99948048834748,0,2,6,1,0.3,1
ORD0000054523,27722.48,0,0.111,77.30517283235535,0,3,9,0,0.85,0
ORD0000077933,22027.46,0,0.05,79.83743679021846,0,2,5,0,0.5,0
ORD0000025448,11597.19,0,0.05,75.88802164193754,0,0,2,0,0.85,0
ORD0000122173,55213.89,0,0.083,74.29156505738588,1,4,12,0,0.85,0
ORD0000180986,2195.46,0,0.2,71.96803740307605,0,2,5,0,0.35,0
ORD0000082707,23597.55,1,0.05,67.79529733366329,0,3,8,1,0.3,1
ORD0000220536,11826.1,1,0.05,53.94276581181556,0,1,4,1,0.65,1
ORD0000149145,51246.81,0,0.143,71.61284060869791,0,2,7,0,0.5,0
ORD0000131419,86647.71,0,0.05,65.65887966128189,0,1,3,0,0.85,0
ORD0000096698,18174.18,0,0.8,72.47221770300769,0,2,5,0,0.5,1
ORD0000089026,16063.35,0,0.125,84.60100769407825,0,1,3,0,0.5,0
ORD0000193100,17122.52,0,0.05,72.32338959072281,0,1,4,0,0.5,0
ORD0000022352,2501.85,1,0.333,59.63611219997935,0,2,6,1,0.65,1
ORD0000026129,2692.18,1,0.125,65.17986499918526,0,3,8,1,0.25,1
ORD0000218498,5052.11,1,0.2,66.42148359363725,1,4,10,1,0.65,1
ORD0000120110,675.73,1,0.154,64.98103336952352,1,5,13,1,0.25,0
ORD0000015013,19817.26,1,0.143,58.157794132921794,0,2,7,1,0.5,1
ORD0000117509,456.9,0,0.091,73.06434918933549,1,4,11,0,0.15,0
ORD0000178381,708.78,0,0.333,79.0249860354191,0,1,3,0,0.15,0
ORD0000022404,73449.94,1,0.125,67.24936723015412,0,3,8,1,0.3,1
ORD0000224676,127565.66,1,0.222,59.51470227244027,1,4,11,1,0.85,1
ORD0000036710,6704.24,0,0.133,72.31184722929997,1,6,15,0,0.65,0
ORD0000004788,1572.59,1,0.05,69.56375389728422,0,2,5,1,0.15,0
ORD0000011608,2622.46,0,0.143,73.03154791865148,0,2,7,0,0.85,0
ORD0000216902,27403.11,1,0.222,64.66112334327649,0,3,9,1,0.3,1
ORD0000211643,1585.44,0,0.05,66.55127986016743,0,1,4,0,0.25,0
ORD0000016714,1938.88,1,0.05,61.96146297771809,1,4,10,1,0.15,1
ORD0000167815,15053.04,1,0.111,59.94426199265324,0,3,9,1,0.5,1
ORD0000223871,74233.89,0,0.143,79.28981695354828,0,2,7,0,0.85,0
ORD0000038156,17943.66,0,0.05,78.16752680822036,0,2,7,0,0.85,0
ORD0000112349,113900.59,0,0.4,77.0293674303453,0,2,5,0,0.85,0
ORD0000068788,882.29,0,0.05,80.62396339162903,0,2,6,0,0.15,0
ORD0000225149,1261.72,0,0.05,79.98575633322999,0,1,3,0,0.5,0
ORD0000133206,37374.91,0,0.05,81.3990512301705,0,2,5,0,0.85,0
ORD0000171612,2368.2,0,0.4,68.08384963006705,0,2,5,0,0.65,0
ORD0000093108,916.65,0,0.6,75.35740864701816,0,2,5,0,0.15,0
ORD0000239001,34595.16,1,0.05,61.249380994077086,0,2,5,1,0.65,1
ORD0000111351,16630.75,0,0.167,77.80881645304633,0,2,7,0,0.3,0
ORD0000232008,83425.02,1,0.05,60.53585730719747,0,2,6,1,0.85,1
ORD0000062854,73459.5,1,0.05,64.15528326604057,0,1,3,0,0.85,0
ORD0000199401,8062.18,1,0.2,65.61340269716332,1,4,10,1,0.65,1
ORD0000245577,91461.43,0,0.1,67.63809394942305,1,4,10,0,0.85,0
ORD0000237076,2124.62,1,0.125,65.8079299809547,0,3,8,1,0.25,1
ORD0000001912,2248.09,0,0.3,74.9172398756339,1,4,10,0,0.15,0
ORD0000160059,17104.22,1,0.286,68.76495098393295,0,2,7,1,0.3,1
ORD0000090541,37374.91,0,0.05,75.91194432105135,0,3,9,0,0.85,0
ORD0000157700,62974.0,0,0.125,85.86214845224052,0,3,8,0,0.85,0
ORD0000095349,47637.9,0,0.167,72.77298000642196,0,2,6,0,0.85,0
ORD0000003879,46813.85,1,0.05,68.4562465830598,0,2,5,1,0.85,1
ORD0000171789,1083.12,0,0.333,68.32815209901773,0,1,3,0,0.15,0
ORD0000166451,13311.63,0,0.05,71.41871657139691,0,2,7,0,0.3,0
ORD0000022099,15462.98,1,0.25,70.11428730874468,0,1,4,1,0.5,1
ORD0000228400,18126.28,1,0.333,64.79934504339249,0,2,6,1,0.85,1
ORD0000159201,7114.12,0,0.143,67.97425274009355,0,2,7,0,0.65,0
ORD0000015137,6604.0,1,0.333,69.52674672620952,0,1,3,0,0.65,0
ORD0000148802,2697.84,0,0.05,77.12083784873751,0,1,4,0,0.35,0
ORD0000141879,10719.1,0,0.1,78.01763837236524,1,4,10,0,0.65,0
ORD0000131245,542.5,1,0.05,54.11263199389131,0,2,5,1,0.15,0
ORD0000075862,25029.85,0,0.125,78.45844039978498,0,3,8,0,0.85,0
ORD0000112923,62086.09,1,0.2,55.840944976534004,0,2,5,1,0.85,1
ORD0000155307,2186.83,0,0.083,76.39635442671417,1,4,12,0,0.25,0
ORD0000052579,11306.98,0,0.05,75.23273508532264,0,2,5,0,0.3,0
ORD0000083015,10134.84,1,0.111,74.01004459071613,0,3,9,1,0.65,1
ORD0000053850,883.83,0,0.05,67.17924544559085,0,2,7,0,0.35,0
ORD0000013964,261.44,0,0.25,71.53281329101637,0,3,8,0,0.25,0
ORD0000004734,1741.46,1,0.05,72.99093708079056,0,2,6,1,0.15,1
ORD0000091348,7422.2,0,0.111,71.36604843872301,0,3,9,0,0.5,0
ORD0000198595,101931.38,0,0.2,73.58629075813148,1,4,10,0,0.85,0
ORD0000066334,3011.24,0,0.05,70.84569375116713,0,3,8,0,0.65,0
ORD0000048487,3347.22,1,0.429,65.67226917420886,0,2,7,1,0.15,1
ORD0000015152,80679.22,0,0.05,78.49442069716955,0,2,6,0,0.85,0
ORD0000054396,1153.28,1,0.125,63.88603710209594,0,3,8,1,0.15,0
ORD0000217428,6266.52,0,0.5,74.68330357797747,1,4,10,0,0.5,0
ORD0000043319,26880.66,1,0.083,66.39125483415724,0,2,7,1,0.3,1
ORD0000025351,3504.05,1,0.125,67.02618930627335,0,3,8,1,0.5,1
ORD0000179850,18514.53,0,0.05,77.34585593396226,0,2,6,0,0.3,0
ORD0000199317,205021.06,0,0.05,73.98458249233985,0,2,5,0,0.85,0
ORD0000101392,7863.78,1,0.286,68.90043586525137,0,2,7,1,0.3,1
ORD0000035043,28966.63,0,0.05,71.12391031041606,0,2,5,0,0.5,0
ORD0000105175,18674.21,0,0.1,80.01322366963873,1,4,10,0,0.3,0
ORD0000007359,547.29,0,0.05,71.99868302711623,0,1,4,0,0.15,0
ORD0000062754,2779.83,0,0.05,73.52879675214156,0,1,3,0,0.65,0
ORD0000156171,351.36,1,0.05,66.17158126911912,0,1,4,1,0.65,0
ORD0000094227,1301.67,0,0.05,81.78551101360875,0,3,8,0,0.15,0
ORD0000166827,2334.1,1,0.2,66.47281689635584,0,2,5,1,0.15,1
ORD0000201746,104.62,0,0.05,74.9542082754352,0,1,4,0,0.15,0
ORD0000078717,3062.73,1,0.333,72.28111119488055,0,1,3,0,0.25,0
ORD0000148793,274.0,1,0.05,67.13051220239709,0,2,5,1,0.15,0
ORD0000151480,183376.04,0,0.125,79.20319453393364,0,3,8,0,0.85,0
ORD0000005818,114.93,0,0.125,78.47465029357029,0,3,8,0,0.15,0
ORD0000192631,40761.35,0,0.143,76.57921612099658,0,2,7,0,0.85,0
ORD0000184961,9252.6,0,0.05,87.20177207634742,0,2,6,0,0.65,0
ORD0000097660,346.22,0,0.5,63.966326713488904,0,3,8,0,0.35,0
ORD0000239243,16202.63,0,0.5,76.51938856251533,1,4,10,0,0.5,0
ORD0000017520,841.67,0,0.333,84.13001178840484,0,2,6,0,0.5,0
ORD0000136735,7196.38,0,0.05,74.29116002808229,0,1,4,0,0.65,0
ORD0000187919,544.48,0,0.167,78.84079517044601,0,2,6,0,0.25,0
ORD0000039824,941.27,0,0.167,68.12326982540108,0,2,6,0,0.35,0
ORD0000142833,56360.73,0,0.111,77.0478653687945,0,3,9,0,0.85,0
ORD0000221739,7430.74,1,0.062,67.07855623943736,1,5,13,1,0.65,1
ORD0000213308,27507.22,0,0.278,77.75994906206661,1,4,10,0,0.3,0
ORD0000102440,749.5,1,0.3,58.80467725444392,1,4,10,1,0.65,1
ORD0000052329,733.76,0,0.111,70.52414732484552,0,3,9,0,0.35,0
ORD0000205407,1842.76,0,0.05,75.80342705895163,0,1,3,0,0.65,0
ORD0000168719,657.6,0,0.286,73.79480173190704,0,3,9,0,0.65,0
ORD0000119392,77337.51,0,0.143,73.46296888933956,0,2,7,0,0.85,0
ORD0000221449,2601.05,0,0.05,68.00799072855052,0,0,1,0,0.65,0
ORD0000230664,9029.03,1,0.167,64.0347760285361,0,2,6,1,0.3,1
ORD0000168329,853.83,0,0.05,72.77697392623786,0,0,2,0,0.5,0
ORD0000109560,17893.66,0,0.05,68.97252178042626,0,2,6,0,0.85,0
ORD0000071942,15051.26,0,0.05,73.49850106982682,0,3,8,0,0.5,0
ORD0000104561,1791.41,1,0.333,64.91169513604721,0,1,3,0,0.15,0
ORD0000082219,12833.38,1,0.05,58.329269003309506,0,2,7,1,0.3,1
ORD0000120469,9488.75,0,0.5,73.21433680373293,0,0,2,0,0.65,0
ORD0000143384,18180.62,0,0.2,74.40447701952054,0,2,5,0,0.3,0
ORD0000238396,2075.3,1,0.05,55.569973248289955,0,1,3,0,0.15,0
ORD0000019482,55163.89,1,0.167,60.321182636495465,0,2,6,1,0.85,1
ORD0000010239,1947.06,0,0.222,71.63872205709762,0,3,9,0,0.85,0
ORD0000191135,304.88,1,0.333,66.89612265073222,0,1,3,0,0.35,0
ORD0000201355,1250.61,1,0.05,66.15479834124696,0,1,4,1,0.35,0
ORD0000158016,25146.75,0,0.2,81.33916024479647,0,2,5,0,0.5,0
ORD0000215529,9002.85,0,0.05,70.42922091989081,0,2,7,0,0.65,0
ORD0000122485,355.03,1,0.143,60.671535297550854,0,2,7,1,0.35,0
ORD0000161679,8354.44,1,0.176,61.60799707405155,0,3,9,1,0.85,1
ORD0000189509,8567.09,1,0.05,72.21304895125807,0,1,3,0,0.3,0
ORD0000138666,27118.43,0,0.091,70.41795458038236,1,4,11,0,0.5,0
ORD0000130772,3182.85,0,0.222,69.24214002773897,0,3,9,0,0.85,0
ORD0000056304,1197.11,0,0.111,82.14130833443802,0,3,9,0,0.35,0
ORD0000122762,530.61,0,0.75,74.88829470308158,0,1,4,0,0.65,1
ORD0000025650,9548.55,1,0.05,75.8457323686445,1,4,10,1,0.85,1
ORD0000167868,40425.11,0,0.333,73.23961731048732,0,1,3,0,0.85,0
ORD0000109609,1437.36,0,0.125,70.45657925567227,0,3,8,0,0.35,0
ORD0000193084,28018.77,0,0.077,78.52917066072624,1,5,13,0,0.3,0
ORD0000090617,3488.57,1,0.05,62.575369955198454,0,2,5,1,0.5,1
ORD0000208082,739.27,1,0.2,64.05849815788638,0,2,5,1,0.15,0
ORD0000046172,1535.7,0,0.05,64.99702716104348,0,2,5,0,0.5,0
ORD0000161160,44177.94,0,0.05,69.31879263086657,0,2,5,0,0.5,0
ORD0000012237,9787.23,1,0.1,63.27765961976072,1,4,10,1,0.3,1
ORD0000230570,200.14,1,0.143,60.87364197174667,0,2,7,1,0.35,0
ORD0000095087,19659.89,0,0.2,78.19679158842617,0,2,5,0,0.5,0
ORD0000173392,1622.46,0,0.05,73.10775463161984,0,1,3,0,0.35,0
ORD0000185539,159.44,0,0.05,75.70027553834315,0,1,3,0,0.15,0
ORD0000073971,13471.35,1,0.333,55.76239255166229,0,2,6,1,0.3,1
ORD0000073000,2180.66,1,0.429,71.33231643667165,0,2,7,1,0.25,1
ORD0000037025,1901.71,0,0.25,63.69138868267317,0,3,8,0,0.25,0
ORD0000063033,50409.86,1,0.05,63.160273565488694,0,1,3,0,0.5,0
ORD0000111512,459.97,1,0.05,68.71667855158898,0,1,3,0,0.15,0
ORD0000207198,4735.0,0,0.143,75.50868721107737,0,2,7,0,0.65,0
ORD0000074663,84339.76,0,0.2,73.54414679350242,0,2,5,0,0.85,0
ORD0000146028,800.02,0,0.05,66.2141237283584,1,4,12,0,0.35,0
ORD0000103189,14120.61,0,0.05,82.96141767104956,0,2,5,0,0.65,0
ORD0000103206,1087.05,1,0.143,65.62768140057975,0,2,7,1,0.35,0
ORD0000247966,7787.94,1,0.111,64.85553805708604,0,3,9,1,0.5,1
ORD0000189271,26423.69,0,0.05,64.95991095314679,0,3,9,0,0.85,0
ORD0000116930,18226.13,0,0.25,71.70325845116831,0,1,4,0,0.5,0
ORD0000093476,25621.66,0,0.05,76.270281974063,0,2,5,0,0.5,0
ORD0000194770,2763.98,0,0.167,74.23483624381723,0,2,6,0,0.65,0
ORD0000083487,54231.63,0,0.05,83.31657353459687,1,4,12,0,0.85,0
ORD0000162487,5002.27,1,0.05,66.35394030314254,0,2,7,1,0.65,1
ORD0000000759,1713.51,1,0.333,71.90641431379657,0,1,3,0,0.65,0
ORD0000023369,3890.66,0,0.05,83.83160493199463,0,2,7,0,0.15,0
ORD0000033320,81590.66,0,0.143,73.44537355627254,0,2,7,0,0.85,0
ORD0000220414,61389.65,1,0.05,62.952593932383856,0,2,6,1,0.85,1
ORD0000018851,847.9,0,0.05,84.03676396054206,1,4,10,0,0.35,0
ORD0000110222,123311.7,1,0.143,63.2421697115889,0,2,7,1,0.85,1
ORD0000048905,105333.62,0,0.05,73.69407181474074,0,1,3,0,0.85,0
ORD0000046482,20271.93,1,0.167,64.79368740801476,0,2,6,1,0.3,1
ORD0000065429,18437.12,0,0.2,69.42513898068907,0,2,5,0,0.5,0
ORD0000082390,5214.48,1,0.25,64.61425497382251,0,3,8,1,0.65,1
ORD0000097493,8559.95,1,0.05,68.44630636521212,0,2,5,1,0.3,1
ORD0000017880,600.68,0,0.125,77.78890825770789,0,3,8,0,0.25,0
ORD0000186026,15928.73,0,0.05,70.113938491554,0,1,4,0,0.85,0
ORD0000217159,1401.59,0,0.125,77.68088841590553,0,3,8,0,0.15,0
ORD0000047527,10585.72,0,0.05,68.34839959336772,0,2,5,0,0.3,0
ORD0000040524,4983.32,1,0.05,59.89883229139859,0,3,9,1,0.65,1
ORD0000116979,1444.35,1,0.2,60.02812979586054,0,2,5,1,0.65,1
ORD0000000135,212031.12,0,0.125,80.4625908307952,0,3,8,0,0.85,0
ORD0000154618,229.98,1,0.05,71.25196596177375,0,1,3,0,0.35,0
ORD0000139087,61655.85,1,0.4,72.40207952424699,0,2,5,1,0.85,1
ORD0000014797,2025.3,0,0.05,82.67965969726473,0,1,4,0,0.15,0
ORD0000001239,223894.08,1,0.05,61.80847772946072,0,3,8,1,0.85,1
ORD0000155667,573.57,1,0.05,73.62108858503323,1,4,10,1,0.35,0
ORD0000011684,4335.27,0,0.05,81.7405779409399,0,2,7,0,0.85,0
ORD0000230726,215.66,0,0.05,69.00395197479062,0,2,7,0,0.35,0
ORD0000037257,62340.66,0,0.05,80.79351902906267,0,2,5,0,0.85,0
ORD0000224047,73981.85,0,0.05,68.37479357561939,0,3,8,0,0.85,0
ORD0000169554,19148.93,0,0.05,75.90265774682992,0,2,6,0,0.3,0
ORD0000237287,5807.72,0,0.2,63.34280229302003,0,2,5,0,0.65,0
ORD0000117989,1857.0,0,0.05,72.15170799372194,0,3,8,0,0.15,0
ORD0000141290,19848.46,1,0.143,69.04588499446655,0,2,7,1,0.5,1
ORD0000223189,11586.69,0,0.05,78.43328590479958,0,2,5,0,0.5,0
ORD0000175231,602.23,0,0.143,71.76854150292326,0,2,7,0,0.35,0
ORD0000140460,2314.22,0,0.2,81.62334320039304,0,2,5,0,0.65,0
ORD0000187510,21672.9,1,0.05,65.83951695491695,0,1,4,1,0.3,1
ORD0000150735,73459.5,1,0.05,56.426034362361435,0,1,4,1,0.85,1
ORD0000154432,125.93,1,0.05,70.71498105353898,0,2,7,1,0.35,0
ORD0000166791,4616.0,1,0.125,65.82431898007799,0,3,8,1,0.3,1
ORD0000106544,825.31,0,0.143,76.2203561053636,0,2,7,0,0.35,0
ORD0000003300,11222.79,1,0.182,59.48715530820746,1,4,11,1,0.85,1
ORD0000102975,6523.66,0,0.5,77.27995165628278,0,0,2,0,0.65,0
ORD0000182397,1901.71,0,0.05,67.01566092393284,0,2,7,0,0.35,0
ORD0000166441,4251.81,0,0.167,67.73487418600538,0,2,6,0,0.25,0
ORD0000024836,24775.77,1,0.158,65.15549524080107,1,4,10,1,0.85,1
ORD0000070890,48813.17,0,0.05,93.33251117041168,0,2,7,0,0.5,0
ORD0000018640,5613.83,0,0.05,74.57060857819667,0,3,8,0,0.5,0
ORD0000086940,25637.37,1,0.25,71.35939841927508,0,3,8,1,0.3,1
ORD0000167655,3445.01,0,0.2,79.26602699294513,0,2,5,0,0.3,0
ORD0000106969,155.18,0,0.05,67.71067593737739,0,1,4,0,0.25,0
ORD0000124544,4445.03,0,0.143,71.69589641323934,0,2,7,0,0.65,0
ORD0000229622,19574.46,1,0.05,63.03351547129501,0,2,7,1,0.3,1
ORD0000223504,1411.27,1,0.05,57.68915292828343,0,3,9,1,0.15,0
ORD0000240979,62340.66,1,0.333,72.51966946597663,0,2,6,1,0.85,1
ORD0000106534,78759.94,0,0.05,68.46472112676167,0,0,2,0,0.85,0
ORD0000125133,425.18,0,0.05,80.98914785617701,0,0,2,0,0.15,0
ORD0000129313,34843.02,0,0.05,69.76911800223438,0,2,7,0,0.5,0
ORD0000111819,18027.57,0,0.083,73.17824370667643,0,2,5,0,0.3,0
ORD0000027727,1239.9,1,0.05,57.481094760578046,0,2,7,1,0.25,0
ORD0000204306,524.41,1,0.25,61.72355202902351,0,1,4,1,0.25,0
ORD0000026329,954.3,0,0.125,72.04775957747445,0,3,8,0,0.15,0
ORD0000211583,9337.12,0,0.143,69.1524830648731,0,2,7,0,0.65,0
ORD0000135381,1015.56,0,0.25,77.95858155828647,0,3,8,0,0.15,0
ORD0000004567,681.67,0,0.154,64.16470697867938,0,2,7,0,0.65,0
ORD0000078778,1298.1,1,0.05,53.92864346930581,0,0,2,0,0.5,0
ORD0000097661,57496.87,0,0.05,71.29455078551183,0,1,4,0,0.85,0
ORD0000159578,10592.52,0,0.05,70.97948577017847,0,2,7,0,0.65,0
ORD0000083292,14236.89,0,0.05,81.1701183380444,0,3,8,0,0.3,0
ORD0000168922,1964.93,0,0.05,68.15534058220533,0,2,5,0,0.25,0
ORD0000023959,4140.87,1,0.05,59.205475634004706,0,3,9,1,0.5,1
ORD0000166932,16591.02,0,0.333,86.27826225442983,0,2,6,0,0.65,0
ORD0000144005,12944.34,0,0.05,74.04770235181957,0,3,8,0,0.65,0
ORD0000128035,236.53,1,0.05,66.13053529437482,1,4,11,1,0.35,0
ORD0000111399,53344.51,1,0.167,63.0558351024868,0,2,6,1,0.85,1
ORD0000019879,4748.56,1,0.091,63.526508830821435,1,4,11,1,0.65,1
ORD0000247745,1703.7,1,0.2,77.11153494000155,0,2,5,1,0.25,1
ORD0000031656,66794.13,0,0.167,73.66594856597588,0,2,6,0,0.85,0
ORD0000089800,11546.27,0,0.167,70.8191137161377,0,2,6,0,0.5,0
ORD0000158432,20926.98,0,0.05,75.87117222841155,0,2,7,0,0.5,0
ORD0000089427,3262.26,0,0.4,74.5872966971851,0,2,5,0,0.35,0
ORD0000026104,3884.18,0,0.05,71.92757809130397,0,3,8,0,0.65,0
ORD0000180430,2432.13,0,0.2,81.2225056837554,0,2,5,0,0.25,0
ORD0000120498,1065.95,1,0.143,61.66788809630351,0,2,7,1,0.25,0
ORD0000017563,2880.66,1,0.05,73.93070144594421,0,2,7,1,0.65,1
ORD0000042613,10592.52,1,0.3,63.16835388796569,0,2,5,1,0.65,1
ORD0000029007,1666.87,0,0.2,71.36472481758044,1,4,10,0,0.15,0
ORD0000185494,36637.59,0,0.1,78.75618469833383,1,4,10,0,0.85,0
ORD0000215386,25096.75,0,0.05,70.96311128134208,0,2,6,0,0.5,0
ORD0000085717,14357.6,0,0.05,76.9546522181696,0,1,3,0,0.3,0
ORD0000156002,29359.13,0,0.125,71.93762799025191,0,3,8,0,0.5,0
ORD0000217144,427.68,1,0.133,60.15356306848865,1,6,15,1,0.25,0
ORD0000247536,2249.71,1,0.05,69.25845119164079,0,3,9,1,0.25,1
ORD0000118042,2469.61,1,0.25,59.22870951061841,0,1,4,1,0.65,1
ORD0000205895,25100.88,0,0.05,84.43430060022912,0,1,3,0,0.85,0
ORD0000156251,157.47,0,0.2,76.44265635710232,0,2,5,0,0.25,0
ORD0000008346,4591.48,0,0.3,73.94421978567216,1,4,10,0,0.25,0
ORD0000109901,9910.78,1,0.143,64.10081492543142,0,2,7,1,0.65,1
ORD0000111889,94.92,0,0.2,76.50845125028441,0,2,5,0,0.15,0
ORD0000156754,61389.65,0,0.05,76.29517322153583,0,1,4,0,0.85,0
ORD0000192136,793.47,1,0.333,59.65168746580504,0,2,6,1,0.35,1
ORD0000206866,22807.23,0,0.2,74.39828298480894,0,2,5,0,0.5,0
ORD0000155844,1493.32,0,0.1,74.40427757323444,1,4,10,0,0.65,0
ORD0000124572,2779.83,0,0.167,83.49522755304552,0,2,6,0,0.65,0
ORD0000168248,40016.54,0,0.25,72.65724743500111,0,3,8,0,0.85,0
ORD0000111021,35901.22,0,0.2,68.22617569009009,0,2,5,0,0.3,0
ORD0000085551,4236.18,1,0.25,61.955437054146465,0,1,4,1,0.65,1
ORD0000117416,15351.38,0,0.05,70.88151705167164,0,2,5,0,0.85,0
ORD0000192504,1275.66,1,0.05,63.1020162200201,0,2,7,1,0.25,0
ORD0000125985,461.59,1,0.05,66.4927928777074,1,4,12,1,0.35,0
ORD0000182522,6814.39,1,0.111,61.45486387707759,0,3,9,1,0.3,1
ORD0000011061,65276.52,1,0.05,68.21136576484444,0,3,8,1,0.85,1
ORD0000233507,464.67,0,0.2,68.71832336409473,1,4,10,0,0.35,0
ORD0000143970,1569.72,0,0.333,86.89917623239683,0,2,6,0,0.15,0
ORD0000161346,67319.63,1,0.05,68.53593937089234,0,2,6,1,0.85,1
ORD0000111568,5580.04,1,0.143,74.47734679066447,0,2,7,1,0.5,1
ORD0000043063,39890.25,0,0.333,73.16163399546032,0,2,6,0,0.3,0
ORD0000108502,10275.58,0,0.05,76.09775424344573,0,3,8,0,0.3,0
ORD0000064047,3862.54,0,0.25,72.67164471372689,0,3,8,0,0.65,0
ORD0000219983,1596.86,0,0.333,78.11419914396481,1,4,12,0,0.25,0
ORD0000133791,16212.53,0,0.125,72.92447236717102,0,3,8,0,0.3,0
ORD0000091441,2150.43,0,0.25,65.83992698145835,0,2,7,0,0.65,0
ORD0000126844,535.62,0,0.143,72.38659531364765,0,2,7,0,0.15,0
ORD0000014571,10372.33,0,0.25,82.72686205327213,0,3,8,0,0.65,0
ORD0000113307,5442.56,1,0.125,60.955031726005686,0,3,8,1,0.25,1
ORD0000002024,185.18,1,0.125,57.861733442673284,0,3,8,1,0.15,0
ORD0000233364,3029.0,0,0.286,70.83145450146152,0,2,7,0,0.65,0
ORD0000231883,118739.66,0,0.333,70.6039436041819,0,2,6,0,0.85,0
ORD0000045778,1604.59,1,0.111,68.11792475412832,0,3,9,1,0.65,1
ORD0000159563,18900.97,0,0.111,73.51217262763372,0,3,9,0,0.5,0
ORD0000097759,1373.64,1,0.2,57.44541708654751,0,2,6,1,0.15,0
ORD0000013660,9469.18,1,0.05,69.39121263480703,0,2,6,1,0.65,1
ORD0000028366,1633.29,0,0.143,77.9811997429676,0,2,7,0,0.15,0
ORD0000222778,1089.87,1,0.167,72.88844122514044,0,2,6,1,0.15,0
ORD0000123572,19652.07,0,0.05,78.0268599884557,1,4,10,0,0.5,0
ORD0000039022,48173.3,0,0.05,74.75840886766949,0,1,4,0,0.85,0
ORD0000213779,63611.4,0,0.05,74.03418298139317,0,3,9,0,0.85,0
ORD0000000234,109395.8,0,0.05,79.94742220545145,0,2,5,0,0.85,0
ORD0000199293,13534.58,0,0.25,81.36568213322559,0,3,8,0,0.5,0
ORD0000013605,6911.29,0,0.05,80.1356488222023,0,2,6,0,0.5,0
ORD0000149447,23556.11,0,0.143,74.75914244582255,0,2,7,0,0.85,0
ORD0000030083,9794.9,1,0.5,63.84264073218893,0,0,2,0,0.5,0
ORD0000201383,905.08,0,0.05,86.54046602165629,0,3,8,0,0.35,0
ORD0000011200,430.51,1,0.143,70.9135545791108,0,2,7,1,0.15,0
ORD0000145928,1493.52,1,0.231,66.84242719438534,0,2,6,1,0.35,1
ORD0000080117,1055.83,0,0.143,76.53867162125826,0,2,7,0,0.35,0
ORD0000213791,10651.56,0,0.05,69.97355712622631,0,2,6,0,0.85,0
ORD0000010389,26113.59,0,0.05,77.11716144487447,0,2,6,0,0.85,0
ORD0000002646,10305.78,1,0.111,71.59462022589591,0,3,9,1,0.65,1
ORD0000120331,401.52,1,0.05,69.79828551767052,1,4,10,1,0.15,0
ORD0000233644,13342.63,1,0.05,68.41384545276284,0,3,8,1,0.85,1
ORD0000088837,540.3,1,0.05,81.22547784471286,0,3,9,1,0.25,0
ORD0000016775,1732.62,1,0.167,66.78040698565961,0,2,6,1,0.15,1
ORD0000151311,213.17,0,0.05,78.20504943357604,0,2,6,0,0.25,0
ORD0000186713,106011.51,1,0.05,67.33506801646219,0,1,3,0,0.85,0
ORD0000074135,44916.79,0,0.083,68.09175027568939,0,3,9,0,0.85,0
ORD0000034740,333.47,0,0.05,74.30082174779616,0,3,8,0,0.15,0
ORD0000056018,1364.14,1,0.5,68.72937952574532,0,1,4,1,0.15,1
ORD0000030481,35531.03,1,0.214,61.53552574227474,0,1,4,1,0.85,1
ORD0000215096,11597.19,0,0.3,79.65889909929888,0,2,6,0,0.85,0
ORD0000004450,13612.06,1,0.05,67.21419519436182,0,2,5,1,0.85,1
ORD0000087804,5525.13,0,0.05,78.89029167396932,0,2,7,0,0.65,0
ORD0000215047,80352.62,0,0.05,81.082678950581,0,2,7,0,0.85,0
ORD0000218074,31251.75,1,0.143,61.92538169925859,0,2,7,1,0.3,1
ORD0000128165,1049.16,0,0.286,72.66105938698453,0,2,7,0,0.3,0
ORD0000230739,5997.51,1,0.286,68.96635211865224,0,2,7,1,0.65,1
ORD0000248475,342.62,0,0.05,73.43171728693561,0,2,5,0,0.35,0
ORD0000189585,12352.59,0,0.111,80.67410045236304,0,3,9,0,0.3,0
ORD0000115242,146919.0,0,0.05,75.26075319522513,0,2,6,0,0.85,0
ORD0000083694,24909.86,0,0.05,75.20633515990144,0,3,8,0,0.3,0
ORD0000195035,4301.8,0,0.2,72.13247255449159,0,2,5,0,0.65,0
ORD0000185426,2043.48,1,0.4,67.70852415465893,0,2,5,1,0.25,1
ORD0000104930,3834.53,0,0.25,75.57680797038044,0,1,4,0,0.25,0
ORD0000117361,39942.55,0,0.05,78.00312776404178,0,1,3,0,0.85,0
ORD0000110834,1527.42,1,0.05,59.45484216844603,0,1,4,1,0.35,1
ORD0000068554,25637.74,0,0.05,81.07523685098587,0,2,6,0,0.85,0
ORD0000231446,60500.25,1,0.167,58.10251483016092,0,2,6,1,0.85,1
ORD0000225974,29633.79,0,0.05,76.43465821178874,1,4,11,0,0.5,0
ORD0000074018,652.86,0,0.143,77.40896371766159,0,2,7,0,0.35,0
ORD0000039394,23597.55,1,0.25,62.11678989318478,0,1,4,1,0.3,1
ORD0000218837,1024.38,1,0.25,65.67937839076345,0,1,4,1,0.65,0
ORD0000026803,1179.14,0,0.25,80.38382068608358,0,1,4,0,0.65,0
ORD0000109193,2036.53,1,0.2,65.25639620452276,0,2,5,1,0.25,1
ORD0000118440,10537.64,1,0.05,64.99072446307966,0,0,2,0,0.85,0
ORD0000078107,28801.36,1,0.143,67.05390111278145,0,2,7,1,0.3,1
ORD0000018923,24184.11,0,0.25,81.37755467730193,0,1,4,0,0.3,0
ORD0000010611,541.12,1,0.05,62.91492387993586,0,2,5,1,0.15,0
ORD0000121191,9484.32,0,0.5,78.31015249196695,0,1,4,0,0.65,0
ORD0000139979,10516.6,0,0.05,74.31224977651311,0,2,5,0,0.85,0
ORD0000188324,383.85,1,0.25,60.48327284613592,0,1,4,1,0.35,1
ORD0000105731,10379.6,0,0.222,84.76414662212203,0,3,9,0,0.3,0
ORD0000185298,6066.47,0,0.182,81.93140135476406,1,4,11,0,0.65,0
ORD0000174711,930.35,0,0.05,79.51289146751063,0,1,4,0,0.35,0
ORD0000116547,1005.35,1,0.083,59.794996345126144,1,4,12,1,0.15,0
ORD0000121558,35194.7,0,0.05,75.2732603242718,1,4,10,0,0.3,0
ORD0000025120,80247.86,0,0.167,72.32901089091808,0,2,6,0,0.85,0
ORD0000092652,63190.88,0,0.25,78.56967728848345,0,3,8,0,0.85,0
ORD0000032836,136973.33,0,0.278,85.44435014449324,1,4,10,0,0.85,0
ORD0000022010,942.4,0,0.05,79.74825396705754,0,1,4,0,0.15,0
ORD0000043066,21249.5,1,0.05,61.18043575587054,0,1,4,1,0.3,1
ORD0000043067,1292.85,0,0.05,78.53563163922894,0,2,6,0,0.65,0
ORD0000172889,800.83,0,0.2,68.53052470762547,0,2,5,0,0.65,0
ORD0000099686,7444.8,0,0.125,77.46767859535458,0,3,8,0,0.25,0
ORD0000026391,4489.77,0,0.167,72.48078049078644,0,2,6,0,0.25,0
ORD0000183815,6603.94,0,0.05,57.72611646738116,0,2,5,0,0.65,0
ORD0000030558,66673.59,0,0.071,84.32310794679762,1,5,14,0,0.5,0
ORD0000076991,2416.28,0,0.25,80.73188638753146,0,1,4,0,0.15,0
ORD0000185060,671.5,1,0.05,64.93933872469741,0,0,2,0,0.25,0
ORD0000106095,1384.92,1,0.05,65.43374351838477,0,2,6,1,0.15,0
ORD0000215695,6523.66,1,0.143,62.720242342054334,0,2,7,1,0.65,1
ORD0000242018,785.84,1,0.05,68.57256486424397,0,2,6,1,0.35,0
ORD0000074850,26870.55,1,0.05,60.08968684512064,0,2,7,1,0.85,1
ORD0000184230,384.7,0,0.05,76.1451684895901,0,2,5,0,0.35,0
ORD0000235241,10368.44,1,0.2,69.12549215836857,0,2,5,1,0.85,1
ORD0000200492,4121.91,1,0.05,75.29722739369383,0,1,4,1,0.3,0
ORD0000093861,7395.35,0,0.333,75.4599594238713,0,3,9,0,0.3,0
ORD0000225222,67319.63,0,0.05,71.81488082358251,0,1,4,0,0.85,0
ORD0000119545,1089.87,0,0.05,65.04394408194266,0,2,5,0,0.15,0
ORD0000056448,9787.23,1,0.05,79.21433846636599,0,2,7,1,0.3,1
ORD0000198019,53773.12,0,0.05,81.14906777013722,0,1,4,0,0.85,0
ORD0000203412,28344.92,0,0.05,73.0545941992472,0,3,9,0,0.3,0
ORD0000031346,20083.62,0,0.05,72.18813571123752,0,2,6,0,0.65,0
ORD0000003838,8296.32,0,0.05,78.69451945830164,0,1,4,0,0.65,0
ORD0000202270,6842.66,0,0.1,64.25250185564511,1,4,10,0,0.65,0
ORD0000195392,331.94,1,0.167,55.86846259463988,0,2,6,1,0.35,1
ORD0000090051,138561.0,0,0.05,78.43786267696733,0,2,5,0,0.85,0
ORD0000122992,578.06,0,0.2,79.06715462685682,0,2,5,0,0.15,0
ORD0000011824,4894.71,0,0.091,85.86022535375791,0,2,7,0,0.3,0
ORD0000005278,12402.59,0,0.05,79.42426766285242,0,1,4,0,0.3,0
ORD0000059619,3694.02,0,0.05,70.52914881935537,0,2,5,0,0.65,0
ORD0000244222,3232.92,0,0.333,71.93382353016197,0,1,3,0,0.15,0
ORD0000030126,1213.77,0,0.05,76.38382353314933,0,2,6,0,0.35,0
ORD0000100217,58111.8,0,0.2,75.98785048472415,0,2,5,0,0.85,0
ORD0000140369,1803.85,0,0.05,64.1850352097992,0,1,4,0,0.15,0
ORD0000044523,40295.86,0,0.05,83.96832728459847,0,2,5,0,0.3,0
ORD0000232356,7946.26,1,0.05,59.81739785943975,0,1,4,1,0.3,1
ORD0000245059,4201.7,0,0.05,75.99682613047585,0,1,4,0,0.65,0
ORD0000132550,18463.0,1,0.05,65.18665199833008,0,2,7,1,0.5,1
ORD0000033667,20926.98,1,0.05,60.26892143154234,0,2,6,1,0.5,1
ORD0000085493,1654.88,1,0.05,67.55063129016204,0,2,7,1,0.25,1
ORD0000190541,7062.46,0,0.25,78.00625987931751,0,3,8,0,0.65,0
ORD0000202577,441.12,0,0.125,77.51736635668944,0,3,8,0,0.3,0
ORD0000001582,696.31,0,0.667,72.84922069114472,0,1,3,0,0.35,0
ORD0000012595,2084.4,0,0.05,75.17182934249301,0,1,3,0,0.3,0
ORD0000105413,849.36,0,0.05,81.0430472746681,0,2,6,0,0.65,0
ORD0000067162,8396.32,0,0.05,81.56695413837046,0,0,2,0,0.65,0
ORD0000007126,73050.69,1,0.05,61.576180703451605,1,4,10,1,0.3,1
ORD0000007595,67801.88,1,0.05,57.480292129934725,0,2,5,1,0.85,1
ORD0000032320,11208.42,1,0.05,67.88693820231768,0,2,6,1,0.65,1
ORD0000074150,1707.82,0,0.143,78.7593103679358,0,2,7,0,0.15,0
ORD0000033578,42236.08,1,0.167,65.57599811724104,0,2,6,1,0.3,1
ORD0000217805,1551.55,1,0.111,65.69812992588525,0,3,9,1,0.65,1
ORD0000170095,2861.64,1,0.125,67.64556166343601,0,3,8,1,0.3,1
ORD0000086455,2428.08,1,0.125,72.28284428004005,0,3,8,1,0.65,1
ORD0000172776,2949.68,1,0.143,63.93036932506563,0,2,7,1,0.15,1
ORD0000172592,10300.75,0,0.143,70.84402700371243,0,2,7,0,0.65,0
ORD0000143154,30176.0,0,0.143,79.03051277683625,0,2,7,0,0.85,0
ORD0000055704,3465.58,0,0.05,73.76874277839846,0,1,3,0,0.65,0
ORD0000148987,8009.55,1,0.05,68.01582721352389,0,1,4,1,0.65,1
ORD0000222845,2469.61,0,0.571,75.66791344291964,0,2,7,0,0.65,1
ORD0000095415,21457.91,0,0.05,80.8305583242247,0,2,5,0,0.5,0
ORD0000018345,936.77,1,0.05,70.11557556434742,0,3,9,1,0.25,0
ORD0000177911,6894.98,1,0.143,68.57917794188681,0,2,7,1,0.3,1
ORD0000205948,15320.45,0,0.05,75.88543017355215,0,1,4,0,0.3,0
ORD0000183943,2903.86,1,0.3,64.5494775194605,1,4,10,1,0.65,1
ORD0000136582,15079.58,0,0.05,82.83925635936846,1,4,11,0,0.3,0
ORD0000075661,34295.91,0,0.05,73.48514866339835,0,1,3,0,0.85,0
ORD0000014980,16161.04,1,0.2,64.92424669227138,1,4,10,1,0.65,1
ORD0000102859,1404.81,1,0.111,68.145375421553,0,3,9,1,0.15,0
ORD0000027784,311.97,0,0.05,72.64946750179652,1,4,11,0,0.35,0
ORD0000156199,7371.74,1,0.05,57.8684045042697,0,2,5,1,0.5,1
ORD0000144281,9507.83,0,0.2,79.0640300273781,1,4,10,0,0.85,0
ORD0000132919,91261.86,1,0.05,63.845637778822365,0,2,5,1,0.85,1
ORD0000014086,81108.74,0,0.05,65.53639578546061,0,1,4,0,0.85,0
ORD0000152440,111947.04,1,0.2,73.37851196806268,0,2,5,1,0.85,1
ORD0000051969,11614.34,0,0.05,86.96979949103617,0,2,6,0,0.5,0
ORD0000145717,18374.66,0,0.5,75.48865795520035,0,3,8,0,0.3,0
ORD0000162393,32484.49,0,0.143,63.491753316237144,0,2,7,0,0.3,0
ORD0000142451,14227.45,0,0.095,78.39085473222829,1,5,13,0,0.85,0
ORD0000197152,13572.44,0,0.05,75.79163898903187,0,3,8,0,0.65,0
ORD0000219626,147.85,0,0.05,72.53633274468844,0,3,9,0,0.35,0
ORD0000228559,1250.61,1,0.2,64.63431036235923,0,2,5,1,0.35,1
ORD0000231748,12694.11,0,0.05,71.7475239157209,0,2,7,0,0.3,0
ORD0000018201,19095.88,1,0.143,63.18810930293937,0,2,7,1,0.3,1
ORD0000218784,82958.77,0,0.05,77.73416909502073,0,3,9,0,0.85,0
ORD0000133797,17167.33,0,0.05,68.32167631181478,0,2,5,0,0.3,0
ORD0000125112,49663.99,1,0.25,63.30162211958116,0,1,4,1,0.85,1
ORD0000121868,16393.45,0,0.2,75.5606265829725,0,2,5,0,0.5,0
ORD0000238951,436.62,1,0.05,55.916140109476146,0,2,6,1,0.35,1
ORD0000160305,23597.55,0,0.05,69.44839698622927,0,2,7,0,0.3,0
ORD0000052993,25511.78,0,0.05,79.37929529528174,0,2,5,0,0.5,0
ORD0000070497,3413.41,0,0.071,68.82471668552546,0,3,8,0,0.65,0
ORD0000054608,9072.05,0,0.167,79.96240224619358,0,2,6,0,0.5,0
ORD0000106916,56680.6,0,0.05,66.13939144485452,0,2,5,0,0.85,0
ORD0000192850,90503.38,0,0.333,76.45525579741903,0,2,6,0,0.85,0
ORD0000024503,28027.12,0,0.05,75.58386694808509,0,2,5,0,0.3,0
ORD0000199219,294.78,0,0.05,77.3567478714357,0,2,6,0,0.15,0
ORD0000144116,1089.87,0,0.3,77.89491660626638,1,4,10,0,0.15,0
ORD0000206723,1414.08,1,0.375,63.86769944690234,0,3,8,1,0.35,1
ORD0000194042,16638.51,0,0.25,76.47028324164448,0,3,8,0,0.5,0
ORD0000148911,5552.7,0,0.05,77.02289316392473,0,3,8,0,0.65,0
ORD0000187285,988.13,1,0.222,64.18042933751566,0,3,9,1,0.35,0
ORD0000122084,33460.92,0,0.05,77.51975908507079,0,3,8,0,0.85,0
ORD0000043828,6631.6,0,0.2,71.33483320920612,0,2,5,0,0.25,0
ORD0000230313,5677.71,1,0.111,63.02734865815104,0,3,9,1,0.5,1
ORD0000046367,759.33,0,0.286,71.0627858072818,0,2,7,0,0.35,0
ORD0000179327,17762.52,0,0.05,77.92762777224536,0,2,5,0,0.65,0
ORD0000199318,12233.41,1,0.167,59.948462982706005,0,2,6,1,0.5,1
ORD0000196841,19764.55,0,0.05,70.23388746603014,0,1,4,0,0.85,0
ORD0000200480,6902.82,0,0.333,77.81908490596527,0,2,6,0,0.65,0
ORD0000124170,2921.52,0,0.167,69.90664141739147,0,2,6,0,0.15,0
ORD0000205046,40432.89,1,0.2,60.06006684512852,0,2,5,1,0.3,1
ORD0000125390,65374.58,0,0.125,71.81664971561402,0,3,8,0,0.85,0
ORD0000128022,1595.24,0,0.143,78.91424861393585,0,2,7,0,0.65,0
ORD0000036055,10793.08,0,0.05,77.65693737712503,1,4,10,0,0.65,0
ORD0000135077,9429.07,0,0.05,72.08136371944406,0,2,5,0,0.85,0
ORD0000204272,7946.26,0,0.25,68.60809125035247,0,3,8,0,0.3,0
ORD0000040245,8727.41,0,0.2,79.68614681309982,0,2,5,0,0.65,0
ORD0000183888,33460.92,0,0.05,72.80335317070168,0,2,7,0,0.85,0
ORD0000114735,2779.83,0,0.05,83.69021077565027,0,0,2,0,0.65,0
ORD0000204827,1014.92,1,0.05,62.918781761584384,0,2,5,1,0.35,1
ORD0000041459,42169.88,0,0.05,78.59094305941508,1,4,11,0,0.85,0
ORD0000215814,91561.43,0,0.05,74.99248221772618,0,2,5,0,0.85,0
ORD0000123699,12786.42,0,0.05,75.4346837865957,0,3,8,0,0.65,0
ORD0000240375,300.11,1,0.2,73.7187188793016,0,2,5,1,0.35,0
ORD0000244202,100331.65,0,0.05,74.36139373739908,0,2,6,0,0.85,0
ORD0000214970,6150.27,0,0.111,81.20172988546015,0,3,9,0,0.5,0
ORD0000070951,16815.7,0,0.05,73.34753175779103,0,2,6,0,0.3,0
ORD0000133310,583.48,1,0.05,60.52398262411466,0,1,4,1,0.15,0
ORD0000102850,7879.29,0,0.05,67.21815668926118,0,2,7,0,0.65,0
ORD0000227795,1298.1,0,0.111,76.82420787345208,0,3,9,0,0.5,0
ORD0000006778,37219.92,0,0.429,68.91673445932587,0,2,7,0,0.85,0
ORD0000176550,7612.76,0,0.1,74.07686469126122,1,4,10,0,0.3,0
ORD0000147728,41737.51,1,0.222,67.6887233427338,0,3,9,1,0.85,1
ORD0000087166,9872.2,0,0.167,82.24265675464044,0,2,6,0,0.5,0
ORD0000161899,6911.19,1,0.25,55.64208782793444,0,3,8,1,0.3,1
ORD0000010256,398.65,0,0.05,76.54915301125877,0,1,3,0,0.15,0
ORD0000206379,847.9,1,0.05,68.06375294100107,0,2,6,1,0.35,0
ORD0000144330,88430.46,0,0.25,68.03375709095621,0,1,4,0,0.85,0
ORD0000065541,83808.84,0,0.429,84.16162074578304,0,2,7,0,0.85,0
ORD0000183917,1666.93,1,0.25,59.85523106456311,0,3,8,1,0.3,1
ORD0000224705,9822.2,0,0.05,74.13507909561007,0,2,7,0,0.5,0
ORD0000096150,2581.96,0,0.05,78.52948926395268,0,2,6,0,0.25,0
ORD0000229336,19764.55,0,0.111,68.30120970613594,0,1,3,0,0.85,0
ORD0000131027,2826.21,0,0.05,70.3935741937073,0,2,6,0,0.15,0
ORD0000144764,4223.8,1,0.143,73.8155460675735,0,2,7,1,0.25,1
ORD0000168731,86647.71,1,0.05,69.04892464458536,0,3,8,1,0.85,1
ORD0000226665,29635.61,1,0.85,62.97755515524038,0,0,2,0,0.5,1
ORD0000062966,15798.3,0,0.05,69.76487354871102,0,3,9,0,0.3,0
ORD0000128561,7174.43,1,0.125,68.79773135790921,0,3,8,1,0.65,1
ORD0000146599,9507.83,0,0.167,70.28910219442996,0,2,6,0,0.85,0
ORD0000138845,79780.5,0,0.143,64.55024499608982,0,2,7,0,0.3,0
ORD0000133982,24396.94,1,0.05,60.760737603507025,0,1,4,1,0.3,0
ORD0000195066,2889.33,0,0.05,83.3817077527099,0,2,5,0,0.65,0
ORD0000054198,1150.61,0,0.2,75.60761413714687,0,2,5,0,0.35,0
ORD0000132610,3088.64,1,0.05,61.70885792392073,0,3,9,1,0.65,1
ORD0000088480,2779.83,0,0.05,68.2378773034993,1,4,10,0,0.65,0
ORD0000135982,24127.12,1,0.05,58.1920014441184,0,2,5,1,0.3,1
ORD0000035880,7430.74,1,0.25,69.03386332476055,0,3,8,1,0.65,1
ORD0000035345,826.9,0,0.05,80.04980035672651,0,2,5,0,0.15,0
ORD0000132727,773.8,1,0.125,58.36761947603092,0,3,8,1,0.25,0
ORD0000175757,9533.27,0,0.05,82.54422686157514,0,1,3,0,0.65,0
ORD0000046374,77337.51,0,0.1,72.30059191637154,1,4,10,0,0.85,0
ORD0000237573,61821.01,0,0.154,64.95488053578791,1,5,13,0,0.85,0
ORD0000065767,2708.93,0,0.364,77.5233230741915,1,4,11,0,0.65,0
ORD0000014544,7785.22,0,0.333,72.4878407543499,0,2,6,0,0.5,0
ORD0000245623,2016.22,0,0.05,75.6133841939034,0,2,5,0,0.25,0
ORD0000089609,1192.82,0,0.125,73.9966682055136,0,3,8,0,0.35,0
ORD0000185445,67670.27,0,0.182,80.41383618514823,1,4,11,0,0.85,0
ORD0000170481,191348.49,0,0.167,72.91452218613301,0,2,6,0,0.85,0
ORD0000121520,66335.83,1,0.05,65.41709224627417,0,2,5,1,0.3,1
ORD0000186322,47400.13,1,0.05,61.06382231623235,0,3,9,1,0.85,1
ORD0000165745,8130.52,0,0.05,73.26776983016671,0,2,6,0,0.65,0
ORD0000228541,50342.63,0,0.176,64.00780298908487,0,2,7,0,0.5,0
ORD0000157734,3784.53,0,0.5,83.81914664800769,0,0,2,0,0.25,0
ORD0000155386,2889.33,0,0.05,79.86843124747833,0,2,6,0,0.65,0
ORD0000206173,8354.44,0,0.167,75.66426300894864,0,2,6,0,0.85,0
ORD0000008362,1270.9,0,0.143,76.7138292705869,0,2,7,0,0.15,0
ORD0000123148,19637.38,1,0.1,74.35542212615148,1,4,10,1,0.5,1
ORD0000115446,2469.61,0,0.286,74.49323572204565,0,2,7,0,0.65,0
ORD0000179577,17597.35,0,0.05,70.28055028089197,0,2,7,0,0.3,0
ORD0000150673,918.44,0,0.05,76.06185967116586,0,3,9,0,0.35,0
ORD0000036811,5358.53,0,0.25,73.96515991165458,0,1,4,0,0.5,0
ORD0000138689,9590.92,0,0.05,82.38773784348415,0,2,6,0,0.65,0
ORD0000047898,12693.43,0,0.05,69.87917998180873,0,1,4,0,0.5,0
ORD0000053325,27728.77,0,0.222,78.52766554560634,0,3,9,0,0.3,0
ORD0000209041,615.31,0,0.143,78.41649854753891,0,2,7,0,0.35,0
ORD0000191029,2045.01,0,0.05,74.47520432283235,0,1,3,0,0.65,0
ORD0000139565,7046.81,0,0.05,78.84248137375452,0,3,8,0,0.5,0
ORD0000172180,598.27,0,0.05,70.15889530021936,0,1,4,0,0.3,0
ORD0000183751,17002.23,0,0.05,75.24875269396452,0,3,8,0,0.5,0
ORD0000247210,1430.51,0,0.05,78.46128826104244,0,0,1,0,0.15,0
ORD0000185149,5977.71,1,0.05,66.42987898474672,0,2,7,1,0.65,1
ORD0000249841,711.25,1,0.2,71.26181240032314,0,2,5,1,0.25,0
ORD0000102095,1039.64,0,0.182,77.84765004277448,1,4,11,0,0.35,0
ORD0000171142,6045.71,0,0.25,85.8621091654683,0,1,4,0,0.65,0
ORD0000233054,609.46,0,0.5,72.66593011484187,0,0,2,0,0.35,0
ORD0000084779,40693.81,1,0.286,59.27506989264905,0,2,7,1,0.85,1
ORD0000122383,1249.42,0,0.222,72.80716853876116,0,3,9,0,0.15,0
ORD0000083473,20331.78,1,0.2,59.42450016784321,0,2,5,1,0.5,1
ORD0000133541,4599.04,0,0.05,68.00567584742741,0,3,9,0,0.5,0
ORD0000002025,46807.56,0,0.05,76.13339189485713,1,4,11,0,0.5,0
ORD0000191767,43075.89,1,0.167,72.65424306229961,0,2,6,1,0.85,1
ORD0000240995,82073.92,1,0.125,61.47746699148712,0,3,8,1,0.3,1
ORD0000218326,552.9,0,0.125,75.86000784970925,0,3,8,0,0.35,0
ORD0000217865,61755.31,1,0.05,67.3882966561726,0,2,5,1,0.85,1
ORD0000193815,54080.42,0,0.05,74.14603437991121,0,1,4,0,0.5,0
ORD0000046708,476.83,0,0.571,75.41064777479367,0,2,7,0,0.15,0
ORD0000059559,675.51,0,0.091,72.89975021313515,1,4,11,0,0.25,0
ORD0000067792,16629.58,0,0.4,71.28541319340205,0,2,5,0,0.85,0
ORD0000172663,38774.9,0,0.2,78.823563421248,0,2,5,0,0.85,0
ORD0000086925,4359.64,1,0.05,65.85506597473079,0,3,8,1,0.65,1
ORD0000022556,152.69,1,0.05,66.08245159471788,0,2,6,1,0.25,0
ORD0000110391,5743.05,0,0.167,76.41095341802205,0,2,6,0,0.65,0
ORD0000229477,70869.81,0,0.05,79.17032463444218,1,4,10,0,0.85,0
ORD0000160060,55550.82,0,0.05,83.22495389999298,0,1,3,0,0.85,0
ORD0000152676,13296.12,0,0.05,72.41666272076495,0,1,4,0,0.5,0
ORD0000158997,15131.22,0,0.143,80.67130983932645,0,2,7,0,0.65,0
ORD0000194262,1111.36,1,0.05,67.7827725270102,0,2,7,1,0.15,0
ORD0000151558,321.3,0,0.05,72.22134513490558,1,4,11,0,0.25,0
ORD0000133951,10100.51,0,0.167,74.98716109519067,0,2,6,0,0.85,0
ORD0000208964,1864.71,1,0.125,68.35623782311866,0,3,8,1,0.15,1
ORD0000231226,16261.04,1,0.25,64.5089719875068,0,1,4,1,0.65,1
ORD0000034687,1270.9,1,0.111,60.747360614445824,0,3,9,1,0.15,0
ORD0000073976,14772.9,1,0.2,62.575419942146794,0,2,5,1,0.85,1
ORD0000151941,29484.21,0,0.125,69.5143634796071,0,3,8,0,0.85,0
ORD0000138941,745.1,0,0.05,76.83292657510583,0,0,2,0,0.25,0
ORD0000179948,25100.88,0,0.05,64.36483041802559,0,2,6,0,0.85,0
ORD0000013574,8508.72,0,0.182,72.82190610656366,1,4,11,0,0.65,0
ORD0000248653,71295.49,1,0.05,67.90399932499251,0,1,4,1,0.85,1
ORD0000064020,710.82,0,0.125,77.6514347982414,0,3,8,0,0.15,0
ORD0000192357,1267.62,1,0.143,64.37455251439452,0,2,7,1,0.15,0
ORD0000086651,5228.56,0,0.091,75.56842446390343,1,4,11,0,0.15,0
ORD0000127916,81738.6,0,0.111,78.8966361413701,0,3,9,0,0.85,0
ORD0000008414,17306.54,0,0.25,73.02073928830265,0,3,8,0,0.5,0
ORD0000171884,3239.43,0,0.05,81.6094506363552,0,0,2,0,0.5,0
ORD0000242682,841.67,0,0.2,75.21243001537815,0,2,5,0,0.5,0
ORD0000200328,426.32,1,0.05,53.22075430761307,0,2,5,1,0.35,0
ORD0000047914,5217.09,0,0.25,82.8171773103292,0,1,4,0,0.65,0
ORD0000220194,17926.8,0,0.05,75.23068208874109,1,4,12,0,0.5,0
ORD0000077916,22767.74,0,0.05,81.16826913255348,0,2,6,0,0.65,0
ORD0000020866,812.92,0,0.25,80.4325537970282,0,1,4,0,0.35,0
ORD0000106794,9181.67,0,0.143,74.3434409462929,0,2,7,0,0.85,0
ORD0000047503,23456.11,0,0.111,83.73282763958792,0,3,9,0,0.85,0
ORD0000123654,1666.46,0,0.05,77.6312243344056,1,4,10,0,0.15,0
ORD0000248666,15809.27,0,0.143,72.13602922485641,0,2,7,0,0.5,0
ORD0000237132,2650.46,0,0.05,73.20706698582745,0,2,6,0,0.65,0
ORD0000098664,25401.33,0,0.375,79.04275443854168,0,3,8,0,0.65,0
ORD0000080618,678.11,1,0.167,69.79027299760405,0,2,6,1,0.25,0
ORD0000080622,545.55,1,0.05,66.10007357256937,0,3,8,1,0.15,0
ORD0000128455,8354.44,0,0.143,75.4448816020374,0,2,7,0,0.85,0
ORD0000018859,402.53,0,0.25,71.68901809815794,0,1,4,0,0.15,0
ORD0000210020,7288.04,0,0.05,73.76421523608694,0,2,7,0,0.65,0
ORD0000116583,23520.12,0,0.143,76.20213969716599,0,2,7,0,0.3,0
ORD0000089188,67347.51,0,0.05,65.77221120750217,0,3,8,0,0.85,0
ORD0000027461,15596.65,0,0.1,69.08304742117748,1,4,10,0,0.85,0
ORD0000077516,30287.88,0,0.167,73.7701731818107,0,2,6,0,0.85,0
ORD0000115048,23968.1,0,0.125,80.80647671182851,0,3,8,0,0.5,0
ORD0000113845,57379.4,1,0.077,65.51214187318776,0,2,6,1,0.5,1
ORD0000008153,103542.3,0,0.125,74.09401112701525,0,3,8,0,0.85,0
ORD0000015497,10585.72,0,0.167,69.32026876427565,0,2,6,0,0.3,0
ORD0000087307,8803.05,0,0.429,68.0849152611832,0,2,7,0,0.5,0
ORD0000002930,69394.56,1,0.25,67.60369842066798,0,1,4,1,0.85,1
ORD0000070947,657.34,0,0.05,69.94806512779851,0,2,6,0,0.35,0
ORD0000193759,6253.2,0,0.05,68.508145511166,0,3,8,0,0.3,0
ORD0000007487,1555.6,0,0.05,69.5910922819923,0,2,7,0,0.15,0
ORD0000141435,10611.88,1,0.167,66.29142819312793,0,2,6,1,0.65,1
ORD0000186562,21779.3,1,0.05,62.93749609053209,0,2,6,1,0.3,1
ORD0000181158,1616.87,0,0.05,66.17718944879135,0,1,4,0,0.15,0
ORD0000111924,136973.33,1,0.05,66.40165328832119,1,4,10,1,0.85,1
ORD0000097617,49663.99,1,0.05,70.00487846204366,0,1,3,0,0.85,0
ORD0000235769,1564.78,0,0.1,78.18222282992177,1,4,10,0,0.35,0
ORD0000140938,86516.67,1,0.25,67.38945785507973,0,1,4,1,0.3,1
ORD0000122354,546.38,1,0.2,65.60794810833147,1,4,10,1,0.35,0
ORD0000244709,114837.47,0,0.05,73.9936173712968,0,2,7,0,0.85,0
ORD0000060459,1654.76,1,0.05,56.62368495483479,0,2,7,1,0.15,1
ORD0000243916,1029.49,1,0.05,73.66110883970924,0,1,3,0,0.15,0
ORD0000043344,12077.9,0,0.05,69.68319996859914,0,2,7,0,0.65,0
ORD0000056453,2861.64,0,0.05,74.93257719505758,0,2,6,0,0.3,0
ORD0000145944,3064.34,1,0.1,68.62627115817791,1,4,10,1,0.15,1
ORD0000063948,29359.13,0,0.2,74.74961284911339,0,2,5,0,0.5,0
ORD0000125007,1411.27,1,0.143,67.84501724864036,0,2,7,1,0.15,0
ORD0000082686,8457.84,0,0.05,81.22438500063254,0,3,9,0,0.65,0
ORD0000220949,876.35,0,0.05,85.64871232282923,0,2,5,0,0.15,0
ORD0000084034,112390.73,0,0.05,79.61108780441191,0,2,5,0,0.85,0
ORD0000230654,4825.91,1,0.2,69.09414542819859,0,2,5,1,0.85,1
ORD0000221776,30397.75,0,0.143,76.00828930488152,0,2,7,0,0.3,0
ORD0000080590,2033.39,0,0.143,70.64519999815447,0,2,7,0,0.25,0
ORD0000124394,7887.83,0,0.05,73.60613750011073,0,3,8,0,0.5,0
ORD0000048923,106011.51,1,0.286,63.83902050077403,0,2,7,1,0.85,1
ORD0000214812,48214.51,0,0.05,77.51851136426096,0,1,4,0,0.85,0
ORD0000073637,73098.84,0,0.182,69.90247676119,1,4,11,0,0.85,0
ORD0000196299,9014.82,0,0.05,77.66684544657635,0,2,5,0,0.65,0
ORD0000238253,1352.38,0,0.143,72.45917734705849,0,2,7,0,0.15,0
ORD0000134734,31213.67,0,0.25,68.88399968627455,0,3,8,0,0.3,0
ORD0000156329,318.28,0,0.2,80.7606371591457,1,4,10,0,0.15,0
ORD0000238615,12444.44,1,0.05,65.98321059275662,0,2,5,1,0.65,1
ORD0000173705,7461.77,0,0.143,73.88382875468884,0,2,7,0,0.65,0
ORD0000122152,915.8,0,0.05,80.432200990049,0,1,3,0,0.15,0
ORD0000002831,1034.5,0,0.167,81.79202228910864,0,2,6,0,0.15,0
ORD0000015578,5613.96,0,0.05,70.15192329497793,0,2,5,0,0.65,0
ORD0000046022,1633.29,1,0.05,73.56391094380693,0,1,3,0,0.15,0
ORD0000071146,479.57,0,0.05,72.52511502822355,0,1,3,0,0.15,0
ORD0000146394,3594.87,0,0.5,81.26232234589133,0,1,4,0,0.65,0
ORD0000122335,43075.89,0,0.05,82.31120975918145,0,2,7,0,0.85,0
ORD0000086998,33460.92,1,0.1,72.58970533303408,1,4,10,1,0.85,1
ORD0000199761,6483.6,1,0.05,58.53410926092367,0,3,9,1,0.65,1
ORD0000235599,404.73,0,0.083,77.9967129957258,1,4,12,0,0.35,0
ORD0000139776,19772.2,0,0.05,76.55440198505602,0,1,4,0,0.3,0
ORD0000102633,31718.54,1,0.05,68.38161004929901,0,2,6,1,0.5,1
ORD0000049726,57502.72,0,0.05,69.36802716127367,0,1,4,0,0.3,0
ORD0000203986,10080.06,1,0.2,76.37625055516207,1,4,10,1,0.5,1
ORD0000090955,63090.88,0,0.25,68.02924433713916,0,1,4,0,0.85,0
ORD0000067100,547.5,0,0.053,76.62727723683524,0,2,7,0,0.35,0
ORD0000237992,12360.42,0,0.05,76.3241618899414,0,2,5,0,0.5,0
ORD0000209139,1098.81,0,0.125,70.44159118081562,0,3,8,0,0.35,0
ORD0000118889,547.75,0,0.05,77.40649134642389,0,3,9,0,0.15,0
ORD0000118381,43345.8,0,0.125,67.09604730166498,0,3,8,0,0.3,0
ORD0000142439,19637.38,0,0.2,75.93022877424214,0,2,5,0,0.5,0
ORD0000135063,12755.96,0,0.5,74.86428314074196,0,1,4,0,0.5,0
ORD0000191446,41737.51,0,0.25,74.09799353795837,0,1,4,0,0.85,0
ORD0000058018,1633.68,0,0.05,68.66165243372895,0,1,3,0,0.25,0
ORD0000077710,200.75,0,0.05,70.499810661742,0,1,3,0,0.35,0
ORD0000222316,1247.87,0,0.222,69.27395259020668,0,3,9,0,0.65,0
ORD0000022799,1147.54,0,0.083,79.43301685746361,1,4,12,0,0.35,0
ORD0000115696,35584.2,0,0.333,71.74279741779742,0,1,3,0,0.85,0
ORD0000002366,11690.18,0,0.05,76.8020883061798,0,2,6,0,0.65,0
ORD0000019339,4957.36,0,0.125,74.48577153310066,0,3,8,0,0.65,0
ORD0000084094,234476.02,1,0.222,71.99528418796623,0,3,9,1,0.85,1
ORD0000230723,12721.52,0,0.571,74.03181371500216,0,2,7,0,0.65,1
ORD0000230429,4556.39,0,0.05,74.53950532339154,0,3,9,0,0.65,0
ORD0000219628,4848.56,0,0.05,78.33723582841886,0,2,5,0,0.65,0
ORD0000147737,19659.89,0,0.05,69.78019329265182,0,2,7,0,0.5,0
ORD0000068936,4864.41,0,0.286,66.81229136201142,0,2,7,0,0.15,0
ORD0000037998,1096.66,0,0.05,75.86971595149151,0,1,3,0,0.35,0
ORD0000022732,17017.44,0,0.05,71.36766588276346,0,1,4,0,0.65,0
ORD0000212768,2591.3,0,0.05,68.72636961689227,0,1,3,0,0.65,0
ORD0000059640,4787.72,1,0.143,71.11753093833961,0,2,7,1,0.65,1
ORD0000181119,1105.8,1,0.143,64.38467452123201,0,2,7,1,0.35,0
ORD0000225754,3055.2,0,0.125,79.53546689775355,0,2,5,0,0.35,0
ORD0000129398,150758.28,0,0.05,66.61360801224782,0,3,9,0,0.85,0
ORD0000153710,112802.89,0,0.05,79.4078559561181,0,2,6,0,0.85,0
ORD0000209036,9359.88,0,0.333,78.35509428792527,0,2,6,0,0.3,0
ORD0000158767,12755.96,0,0.05,76.4437040168864,0,2,5,0,0.5,0
ORD0000097253,1396.74,0,0.333,77.07940333410808,0,2,6,0,0.35,0
ORD0000060293,5968.44,0,0.05,85.63884696251382,0,1,3,0,0.25,0
ORD0000194278,81390.54,0,0.25,78.30088248575878,0,3,8,0,0.5,0
ORD0000026559,21723.8,0,0.05,79.09740821307844,0,3,8,0,0.85,0
ORD0000179135,3031.82,1,0.05,70.8932621149471,0,2,6,1,0.15,1
ORD0000081836,51771.15,0,0.05,72.33698307060368,0,2,6,0,0.85,0
ORD0000051505,101981.38,0,0.25,77.3896876767027,0,1,4,0,0.85,0
ORD0000115339,9252.6,1,0.05,63.759471259860476,0,2,6,1,0.65,1
ORD0000098975,10537.64,0,0.05,80.60012274151143,0,3,9,0,0.85,0
ORD0000147998,51352.73,0,0.05,73.35270170426746,0,1,4,0,0.85,0
ORD0000083247,1963.6,0,0.2,65.03663382096977,1,4,10,0,0.15,0
ORD0000182061,37219.92,1,0.05,66.61298630139568,0,1,4,1,0.85,1
ORD0000035373,11227.66,0,0.167,77.83906762649764,0,2,6,0,0.5,0
ORD0000172397,51443.32,0,0.05,71.97137868570228,0,1,3,0,0.5,0
ORD0000020643,23015.2,0,0.1,75.32473837766132,1,4,10,0,0.3,0
ORD0000032337,90298.48,0,0.286,82.69752330784158,0,2,7,0,0.85,0
ORD0000183131,1202.72,1,0.05,64.56664971702538,0,3,8,1,0.3,0
ORD0000069839,755.28,1,0.2,65.50917219790553,0,2,5,1,0.15,1
ORD0000003108,918.78,0,0.286,83.07363210796946,0,2,7,0,0.15,0
ORD0000178953,1099.63,1,0.2,73.11910333895794,0,2,5,1,0.15,0
ORD0000083176,6360.76,1,0.333,60.09090195657135,0,1,3,0,0.65,0
ORD0000082056,97547.18,0,0.05,74.82832687056602,0,2,7,0,0.85,0
ORD0000201860,6290.14,1,0.05,69.31772354156323,0,2,5,1,0.65,1
ORD0000155084,1354.81,1,0.05,56.941098630447826,0,2,6,1,0.15,0
ORD0000001886,16934.22,0,0.05,88.10468742090004,0,1,4,0,0.65,0
ORD0000095477,461.12,0,0.05,74.79563676169477,0,2,6,0,0.15,0
ORD0000169676,4725.41,0,0.167,75.47817432521457,0,2,6,0,0.65,0
ORD0000048084,29835.85,0,0.25,72.89422089425838,0,1,4,0,0.85,0
ORD0000158340,867.2,0,0.05,79.92871644178369,0,3,8,0,0.35,0
ORD0000038023,2601.05,0,0.222,72.93961532810069,0,3,9,0,0.65,0
ORD0000038761,1824.16,0,0.5,82.84342483414596,0,1,4,0,0.25,0
ORD0000113404,260.57,0,0.333,76.58436268924711,0,1,3,0,0.15,0
ORD0000147927,19095.88,1,0.333,64.1937115205256,0,1,3,0,0.3,0
ORD0000058788,10585.72,0,0.05,70.37603046045486,0,3,8,0,0.3,0
ORD0000116876,166.41,0,0.05,73.02964789825465,0,2,5,0,0.35,0
ORD0000066905,19023.33,1,0.05,64.7208827680074,1,4,10,1,0.5,1
ORD0000042691,2947.35,0,0.05,80.01427316942632,0,3,9,0,0.25,0
ORD0000151991,100331.65,0,0.05,77.56612919734577,0,1,3,0,0.85,0
ORD0000197327,8975.4,1,0.222,65.86562004289831,0,3,9,1,0.25,1
ORD0000032937,552.23,0,0.1,83.25428199039709,1,4,10,0,0.35,0
ORD0000074470,30397.75,1,0.05,66.4717422087988,0,2,5,1,0.3,1
ORD0000095847,536.5,0,0.333,73.13686351968131,0,1,3,0,0.35,0
ORD0000131730,4786.79,0,0.05,74.39563639843122,0,2,7,0,0.65,0
ORD0000108221,53209.1,0,0.143,82.92485569668503,0,2,7,0,0.85,0
ORD0000142535,432.02,0,0.25,70.01385034437254,0,1,4,0,0.15,0
ORD0000046370,72997.87,0,0.333,68.72797089532511,0,2,6,0,0.85,0
ORD0000208653,8809.02,0,0.05,85.09752784327303,0,1,3,0,0.5,0
ORD0000212664,67306.4,0,0.05,76.21597508686321,0,1,4,0,0.85,0
ORD0000009805,56360.73,0,0.167,74.9426015038064,0,2,6,0,0.85,0
ORD0000005003,1187.44,0,0.05,74.68014565111555,0,2,7,0,0.3,0
ORD0000148846,1320.0,1,0.05,68.46193523898498,0,2,6,1,0.35,0
ORD0000176423,6717.46,1,0.25,67.99979527092216,0,3,8,1,0.65,1
ORD0000146449,12644.11,0,0.143,71.13754434995495,0,2,7,0,0.3,0
ORD0000036900,18773.12,1,0.167,70.05009069377866,0,2,6,1,0.5,1
ORD0000237320,1182.65,0,0.25,71.28244766483593,0,1,4,0,0.35,0
ORD0000192554,549.59,0,0.286,75.88686814049501,0,2,7,0,0.15,0
ORD0000124174,2590.92,1,0.25,68.51743502632264,1,4,12,1,0.25,1
ORD0000090290,62290.66,0,0.85,72.36968300355747,0,0,1,0,0.85,0
ORD0000199245,565.12,1,0.05,70.92357067395253,0,1,4,1,0.35,0
ORD0000067048,11510.95,0,0.05,82.46242759760192,1,4,12,0,0.3,0
ORD0000017369,13442.63,1,0.222,70.77006115492216,0,3,9,1,0.85,1
ORD0000184280,935.03,0,0.25,72.02029378440652,0,1,4,0,0.15,0
ORD0000144580,114993.74,0,0.222,75.4324287780875,0,3,9,0,0.85,0
ORD0000069698,41053.01,0,0.133,77.20354630268112,0,3,8,0,0.5,0
ORD0000030013,1362.84,1,0.143,71.85082557481944,0,2,7,1,0.65,1
ORD0000094084,34081.56,1,0.25,58.56990644066487,0,1,4,1,0.85,1
ORD0000091769,985.57,0,0.2,80.25884589216518,0,2,5,0,0.35,0
ORD0000174626,24086.65,1,0.083,63.795293050701076,1,4,12,1,0.85,1
ORD0000163560,100832.01,0,0.05,69.94641579353959,0,1,4,0,0.85,0
ORD0000059771,1078.43,0,0.125,79.21704812444796,0,3,8,0,0.15,0
ORD0000076834,9295.18,0,0.05,78.17478181620886,0,2,5,0,0.5,0
ORD0000103826,57913.34,0,0.05,70.24435555095985,0,2,5,0,0.85,0
ORD0000065778,5031.56,1,0.05,81.94338035119854,0,3,8,1,0.65,1
ORD0000249536,12755.89,0,0.05,75.47188772334466,0,1,3,0,0.5,0
ORD0000214369,1499.0,0,0.571,72.62615839466781,0,2,7,0,0.15,0
ORD0000043092,521.44,0,0.05,71.96146383278125,0,2,7,0,0.15,0
ORD0000143268,10931.0,0,0.05,69.77824222703224,0,1,4,0,0.65,0
ORD0000106745,5513.83,0,0.2,59.604585265206524,0,2,5,0,0.5,0
ORD0000227278,105965.56,0,0.05,81.36723547891945,0,2,6,0,0.85,0
ORD0000019516,107102.51,0,0.05,75.43473550756731,0,3,8,0,0.85,0
ORD0000196154,2110.33,0,0.1,75.70073682252422,1,4,10,0,0.65,0
ORD0000055885,7847.77,0,0.05,90.24701502108138,0,0,2,0,0.5,0
ORD0000056312,96667.34,0,0.05,73.3935519552481,0,2,6,0,0.85,0
ORD0000186334,23642.68,0,0.05,75.43578362007084,0,2,5,0,0.3,0
ORD0000223486,7953.09,1,0.05,58.98389162467506,0,1,4,1,0.3,1
ORD0000075537,7634.25,0,0.1,69.46680158982588,1,4,10,0,0.65,0
ORD0000148124,922.61,0,0.3,76.59003230128381,1,4,10,0,0.25,0
ORD0000063615,2408.66,0,0.05,81.19985067619203,0,1,4,0,0.65,0
ORD0000094777,44457.02,0,0.05,71.7394930573125,0,2,7,0,0.85,0
ORD0000213438,5325.78,0,0.167,76.32364863587502,0,2,6,0,0.85,0
ORD0000091389,491.2,1,0.167,65.94898254380321,0,2,6,1,0.15,0
ORD0000110408,21933.52,0,0.05,66.35898070605582,0,2,5,0,0.5,0
ORD0000082359,1472.13,0,0.25,78.56829040505954,0,1,4,0,0.5,0
ORD0000204900,33424.09,1,0.2,67.02476958145184,0,2,5,1,0.85,1
ORD0000124262,16019.1,0,0.05,69.69754142963816,0,1,4,0,0.65,0
ORD0000228053,4825.91,0,0.25,76.27988320947507,0,1,4,0,0.85,0
ORD0000054903,32484.49,1,0.077,62.215888445841095,1,4,11,1,0.3,1
ORD0000062317,4734.59,0,0.111,71.47758725816661,0,3,9,0,0.65,0
ORD0000109461,804.68,0,0.2,73.43925136209543,1,4,10,0,0.35,0
ORD0000085567,964.97,0,0.167,77.04605297730669,0,2,6,0,0.15,0
ORD0000136430,71482.82,0,0.2,77.7750219332198,0,2,5,0,0.85,0
ORD0000100158,28126.57,1,0.143,60.53405004354677,0,2,7,1,0.3,1
ORD0000196626,20147.93,1,0.05,66.13950566432302,0,2,5,1,0.3,0
ORD0000119722,4606.08,0,0.167,80.64776872828381,0,1,4,0,0.5,0
ORD0000188269,523.57,1,0.167,63.564008523399984,0,2,6,1,0.35,1
ORD0000208215,59356.65,0,0.222,69.42425350456759,0,3,9,0,0.5,0
ORD0000204672,3401.29,1,0.167,67.28864969507102,0,2,6,1,0.3,1
ORD0000108941,69021.17,0,0.1,70.36234742339954,1,4,10,0,0.85,0
ORD0000059446,3850.65,1,0.125,61.8973516015392,0,3,8,1,0.65,1
ORD0000074196,25635.79,0,0.167,76.17164878791502,0,2,6,0,0.85,0
ORD0000149795,2615.4,0,0.05,78.91452895125674,0,1,4,0,0.65,0
ORD0000116194,1508.58,0,0.333,78.96983435223822,0,3,9,0,0.25,0
ORD0000055270,1248.1,1,0.05,66.5710958649351,0,2,6,1,0.5,0
ORD0000074964,3741.28,1,0.2,67.789770393629,0,2,5,1,0.15,1
ORD0000200560,11424.09,0,0.25,71.35221587950686,0,1,4,0,0.5,0
ORD0000191830,13439.95,1,0.05,63.15973083293079,0,2,6,1,0.85,1
ORD0000042319,28717.94,0,0.05,83.59135877860265,0,2,7,0,0.3,0
ORD0000202191,566.05,1,0.05,57.683137746574246,0,3,8,1,0.15,0
ORD0000204884,62924.0,1,0.25,62.23616486927235,0,1,4,1,0.85,1
ORD0000064372,16313.65,0,0.05,68.70024678260094,0,1,4,0,0.85,0
ORD0000025460,1721.31,0,0.125,79.36392386272672,0,3,8,0,0.35,0
ORD0000185033,8477.36,0,0.05,74.09897829114159,1,4,10,0,0.3,0
ORD0000205168,9141.14,1,0.167,64.43670327845572,0,2,6,1,0.3,1
ORD0000018747,1501.55,0,0.125,75.26071767198188,0,3,8,0,0.65,0
ORD0000142085,101151.66,0,0.2,73.33847799567697,0,2,5,0,0.85,0
ORD0000012955,1286.67,1,0.167,62.89303663982656,1,4,10,1,0.35,1
ORD0000013034,1544.65,0,0.05,75.32135644311168,0,1,4,0,0.15,0
ORD0000032578,864.35,0,0.05,73.21786887540242,0,2,5,0,0.35,0
ORD0000064709,14523.07,0,0.05,76.43795250623809,0,2,6,0,0.3,0
ORD0000033910,1508.58,0,0.167,76.28029681339788,0,2,6,0,0.25,0
ORD0000107360,22890.56,0,0.25,71.46734727058387,0,1,4,0,0.65,0
ORD0000205807,45976.27,0,0.05,65.4978674107276,1,4,10,0,0.85,0
ORD0000132926,586.49,0,0.2,72.54740862505429,1,6,15,0,0.35,0
ORD0000061279,1198.33,0,0.143,69.12561906541222,0,2,7,0,0.25,0
ORD0000067427,28580.7,0,0.05,82.09039005201822,0,1,3,0,0.3,0
ORD0000070496,4900.08,1,0.05,66.95640838033098,0,2,7,1,0.65,1
ORD0000097070,1564.78,0,0.333,77.54135511304787,0,2,6,0,0.35,0
ORD0000106657,14008.57,0,0.05,71.55200617840934,0,2,7,0,0.3,0
ORD0000106710,240.47,0,0.05,77.48212707409417,0,2,6,0,0.35,0
ORD0000193619,415.78,1,0.2,62.05341726593984,0,2,5,1,0.15,0
ORD0000182820,1507.56,0,0.143,72.95719243312392,0,2,7,0,0.15,0
ORD0000013431,11011.98,1,0.05,56.984209537706185,0,2,6,1,0.65,1
ORD0000196825,14092.26,1,0.143,65.51509837398727,0,2,7,1,0.65,1
ORD0000205885,793.47,0,0.05,76.54578121860722,0,1,3,0,0.35,0
ORD0000055263,2774.42,0,0.05,70.93564831717454,0,0,2,0,0.25,0
ORD0000041374,10338.92,1,0.3,62.04943449258294,1,4,10,1,0.5,1
ORD0000147678,3471.1,0,0.062,83.73093391369541,0,3,9,0,0.25,0
ORD0000176335,33074.39,0,0.25,85.12941409632101,0,1,4,0,0.3,0
ORD0000019905,9987.48,0,0.111,73.7683753130265,0,3,9,0,0.65,0
ORD0000220269,3500.75,1,0.05,66.34227381303577,0,2,5,1,0.65,1
ORD0000165850,1266.82,0,0.05,64.3941382055328,1,4,11,0,0.35,0
ORD0000122765,1574.01,1,0.05,62.32153273064457,1,4,12,1,0.15,1
ORD0000215308,586.87,0,0.083,77.19956256340836,0,3,8,0,0.15,0
ORD0000231819,133588.26,0,0.05,72.23546629955743,0,1,4,0,0.85,0
ORD0000244589,3914.36,0,0.1,72.87233520847687,1,4,10,0,0.65,0
ORD0000111358,143.91,0,0.05,69.34572222388157,0,0,2,0,0.15,0
ORD0000096429,46813.85,0,0.2,74.81577091080382,0,2,5,0,0.85,0
ORD0000101995,117.85,1,0.05,65.65384549179848,0,2,7,1,0.15,0
ORD0000230280,102355.29,0,0.2,78.45755345666632,0,2,7,0,0.85,0
ORD0000046599,16146.38,0,0.2,77.42389683025499,0,2,5,0,0.3,0
ORD0000142301,749.5,0,0.167,73.49896613674515,0,2,6,0,0.65,0
ORD0000148097,4712.58,0,0.111,81.6386832210007,0,3,9,0,0.65,0
ORD0000115223,3374.96,0,0.111,76.34301214773593,0,3,9,0,0.25,0
ORD0000042017,4556.39,0,0.05,75.02923716953278,0,2,6,0,0.65,0
ORD0000122976,20283.59,0,0.05,81.86633431983607,0,2,5,0,0.3,0
ORD0000039727,76.92,0,0.05,79.21677254056038,0,3,8,0,0.35,0
ORD0000234894,503.65,0,0.167,71.63600696030113,0,2,6,0,0.15,0
ORD0000142242,750.99,1,0.143,68.52938642444165,0,2,7,1,0.25,0
ORD0000230711,546.41,1,0.2,71.38246689411375,0,2,5,1,0.65,0
ORD0000154031,93627.7,0,0.083,74.52957079906622,1,4,12,0,0.85,0
ORD0000011349,4712.58,0,0.091,69.49240420001175,1,4,11,0,0.65,0
ORD0000146591,47547.6,0,0.125,73.51109268886351,0,3,8,0,0.85,0
ORD0000139131,66208.71,1,0.05,61.26473056711228,0,2,5,1,0.85,1
ORD0000080515,3037.46,1,0.2,62.72471402068229,0,2,5,1,0.25,1
ORD0000205119,21320.12,0,0.25,68.27334122432548,0,3,8,0,0.5,0
ORD0000229115,69803.12,0,0.05,66.12265400444969,0,3,9,0,0.85,0
ORD0000084195,517.14,0,0.375,74.67452023907785,0,3,8,0,0.35,0
ORD0000075847,57913.34,0,0.333,76.01545363629876,0,2,6,0,0.85,0
ORD0000145104,16202.63,0,0.125,77.26290962277443,0,3,8,0,0.5,0
ORD0000124554,71307.96,0,0.05,80.8560555531147,0,3,8,0,0.85,0
ORD0000008514,5465.5,1,0.077,69.19543593399004,1,5,13,1,0.65,1
ORD0000019400,16629.58,0,0.167,78.55340610732175,0,2,6,0,0.85,0
ORD0000014460,84289.76,0,0.182,71.98186486694436,1,4,11,0,0.85,0
ORD0000147020,3914.36,0,0.05,69.82959804738677,0,1,4,0,0.65,0
ORD0000168559,6719.98,0,0.05,79.35328529620276,0,3,9,0,0.85,0
ORD0000186927,15343.74,1,0.05,73.88968555478701,0,2,7,1,0.5,1
ORD0000053057,600.68,1,0.1,73.32826222852394,0,2,5,1,0.25,0
ORD0000060704,18263.34,1,0.05,63.95697045990462,0,2,6,1,0.85,1
ORD0000224021,4140.87,1,0.05,53.362740184873054,0,2,5,1,0.5,1
ORD0000127299,3256.01,0,0.05,72.89004934768515,0,1,4,0,0.65,0
ORD0000157938,24086.65,0,0.05,73.5844230136037,0,1,4,0,0.85,0
ORD0000062256,1386.52,0,0.05,68.81258919948381,0,2,7,0,0.65,0
ORD0000065186,6181.19,0,0.05,72.13866928218434,0,2,7,0,0.85,0
ORD0000026082,6594.9,1,0.05,66.27233894713453,0,3,9,1,0.5,1
ORD0000111056,3351.29,0,0.05,74.23358945829054,0,3,9,0,0.3,0
ORD0000136865,110483.31,0,0.125,67.75403530716791,0,3,8,0,0.85,0
ORD0000112368,127510.32,0,0.05,78.49840462571508,0,2,7,0,0.85,0
ORD0000189726,59805.55,1,0.05,71.05039984985157,1,4,10,1,0.85,1
ORD0000021762,28780.82,0,0.286,67.6995842358331,0,2,7,0,0.85,0
ORD0000019758,242.3,0,0.083,73.24389499689346,1,4,12,0,0.35,0
ORD0000096079,4900.08,0,0.05,78.20986933579472,0,3,9,0,0.65,0
ORD0000123042,10298.67,0,0.05,73.75576429376369,0,3,8,0,0.3,0
ORD0000096891,19562.0,1,0.143,57.2967690108066,0,2,7,1,0.85,1
ORD0000154933,2667.1,1,0.143,65.69631490290992,0,2,7,1,0.35,1
ORD0000192404,1516.44,1,0.85,65.5224725333631,0,0,2,0,0.3,1
ORD0000026626,2839.3,0,0.167,75.00940189200163,0,2,6,0,0.25,0
ORD0000165077,1418.94,0,0.182,89.39425045376291,1,4,11,0,0.15,0
ORD0000163479,41612.51,1,0.05,63.27019311629479,0,3,9,1,0.85,1
ORD0000245495,1564.78,0,0.05,74.92073123126858,0,1,4,0,0.35,0
ORD0000143713,21673.66,0,0.25,81.21690639474863,0,1,4,0,0.5,0
ORD0000176536,25029.85,0,0.278,74.39687246361798,0,3,9,0,0.85,0
ORD0000067722,402.55,0,0.25,70.44242626901402,0,3,8,0,0.35,0
ORD0000239650,27087.09,0,0.05,75.17901183436959,0,3,8,0,0.3,0
ORD0000128296,504.22,0,0.05,80.06501486965857,0,3,8,0,0.35,0
ORD0000215024,42119.88,1,0.05,72.51766869325942,0,2,7,1,0.85,1
ORD0000054933,2428.08,1,0.05,62.3393845253968,0,1,4,1,0.65,0
ORD0000074750,2450.04,0,0.05,72.74104042594021,0,1,4,0,0.65,0
ORD0000102244,5997.51,0,0.05,78.62816147320898,0,3,9,0,0.65,0
ORD0000154260,303.83,0,0.05,71.11752541383706,0,2,5,0,0.35,0
ORD0000030792,39055.67,0,0.429,72.94044732518314,0,2,7,0,0.3,0
ORD0000065228,340.05,1,0.05,65.88226211964633,0,2,6,1,0.15,0
ORD0000057050,43075.89,1,0.2,68.7409532098712,0,2,5,1,0.85,1
ORD0000189191,8898.46,0,0.25,76.2775701265654,0,3,8,0,0.5,0
ORD0000248086,2254.75,1,0.05,68.12332182371561,0,1,4,1,0.65,1
ORD0000229288,3536.5,1,0.125,66.46147064846794,0,3,8,1,0.85,1
ORD0000089929,24827.3,0,0.05,79.6147726614138,0,2,7,0,0.5,0
ORD0000194214,3413.41,0,0.05,75.64301564840355,1,4,11,0,0.65,0
ORD0000200311,2749.95,1,0.05,68.65424364098307,0,1,3,0,0.15,0
ORD0000057332,1162.97,1,0.05,65.20783727782886,0,2,6,1,0.15,0
ORD0000061121,573.57,0,0.2,79.06138966302758,0,2,5,0,0.35,0
ORD0000085895,12127.9,0,0.05,75.62514996990704,0,2,6,0,0.65,0
ORD0000116896,22335.31,0,0.05,76.0777415875753,0,1,4,0,0.85,0
ORD0000128436,4040.86,0,0.05,74.44462785947553,0,2,6,0,0.65,0
ORD0000173386,4227.67,0,0.05,78.72489056985772,0,0,2,0,0.65,0
ORD0000009139,38106.57,1,0.286,64.70351400765034,0,2,7,1,0.85,1
ORD0000120604,14441.92,0,0.05,79.61131235594365,0,3,9,0,0.5,0
ORD0000024258,5184.22,0,0.167,71.11135010073681,0,2,6,0,0.85,0
ORD0000070291,2534.37,0,0.05,67.35219487654413,0,2,6,0,0.65,0
ORD0000109916,2758.93,1,0.05,62.413070755121616,0,1,3,0,0.65,0
ORD0000025171,57027.1,0,0.05,75.09331571092575,0,3,8,0,0.85,0
ORD0000075916,2386.32,0,0.05,69.03767670516407,0,2,6,0,0.25,0
ORD0000096947,57602.72,0,0.167,72.86724486798056,0,2,6,0,0.3,0
ORD0000183846,9058.11,0,0.25,75.28245871066098,0,1,4,0,0.65,0
ORD0000174796,205.83,0,0.2,76.63704306505322,0,2,5,0,0.25,0
ORD0000064227,76881.26,0,0.167,73.01998000204154,0,2,6,0,0.85,0
ORD0000182351,34081.56,1,0.25,67.71144478428232,0,3,8,1,0.85,1
ORD0000049256,41378.64,0,0.05,80.24635611088016,0,3,9,0,0.85,0
ORD0000035231,2122.28,0,0.167,74.76862294762758,0,2,6,0,0.25,0
ORD0000009927,16529.63,1,0.2,62.65244008079657,0,2,5,1,0.3,1
ORD0000219955,16344.95,0,0.05,67.47948980841404,0,2,6,0,0.5,0
ORD0000155973,44316.8,1,0.067,59.35239338121844,0,3,9,1,0.85,1
ORD0000128576,21239.72,1,0.05,71.50984931641199,0,2,7,1,0.5,1
ORD0000066080,3400.71,1,0.05,64.85293541135374,0,1,4,1,0.65,1
ORD0000139541,302.95,1,0.167,67.22594488772596,0,2,6,1,0.35,1
ORD0000039924,584.8,0,0.167,82.28146799690553,0,2,6,0,0.35,0
ORD0000033552,27380.94,0,0.143,81.5852716766326,0,2,7,0,0.65,0
ORD0000126588,1280.38,1,0.05,71.17942339643366,0,2,6,1,0.15,0
ORD0000107987,15748.4,0,0.286,65.2483037719078,0,2,7,0,0.85,0
ORD0000107951,1503.12,1,0.05,71.35434194955587,0,2,7,1,0.15,1
ORD0000122870,7461.77,0,0.167,79.76265160959962,0,2,6,0,0.65,0
ORD0000075624,61755.31,0,0.05,80.19423622582434,0,2,7,0,0.85,0
ORD0000214230,17497.55,1,0.071,74.24177202730607,1,5,14,1,0.5,1
ORD0000175148,73359.5,0,0.05,72.11004914545832,0,2,5,0,0.85,0
ORD0000081144,14876.67,0,0.05,83.94550098088042,0,2,5,0,0.3,0
ORD0000037759,85052.55,0,0.05,73.24036232205609,0,2,6,0,0.85,0
ORD0000067644,929.73,0,0.222,73.01016913611504,0,3,9,0,0.25,0
ORD0000142359,59651.78,1,0.05,66.71270820149152,0,2,7,1,0.85,1
ORD0000228527,66794.13,0,0.05,74.32275216609501,0,2,7,0,0.85,0
ORD0000094064,19574.46,0,0.05,80.56194079637135,0,2,5,0,0.3,0
ORD0000232352,1323.75,1,0.05,73.32999140621273,0,2,6,1,0.25,0
ORD0000185492,53209.1,0,0.05,78.10238610540235,0,1,3,0,0.85,0
ORD0000202407,34624.76,1,0.05,72.3310549638203,0,2,5,1,0.3,1
ORD0000126636,17082.27,0,0.1,69.44118628481772,1,4,10,0,0.5,0
ORD0000238418,9050.9,0,0.05,80.29034750531778,1,4,10,0,0.3,0
ORD0000201821,29313.18,0,0.05,76.2441322118748,0,2,5,0,0.3,0
ORD0000094133,6655.81,1,0.05,76.21533528101563,0,1,3,0,0.3,0
ORD0000199612,29313.18,1,0.1,66.84258586056241,1,4,10,1,0.3,1
ORD0000183908,485.04,0,0.05,69.790983804362,0,3,8,0,0.65,0
ORD0000086598,23969.13,1,0.125,59.140328456406294,0,3,8,1,0.85,1
ORD0000225207,24184.11,0,0.05,68.0566047480236,0,3,8,0,0.3,0
ORD0000221836,5997.51,0,0.429,72.80320599346601,0,2,7,0,0.65,0
ORD0000054211,23092.54,0,0.05,73.92811904863427,1,4,10,0,0.5,0
ORD0000211624,75046.02,0,0.05,72.3554883726938,1,4,10,0,0.85,0
ORD0000171486,763.11,0,0.25,66.04540475410874,0,3,8,0,0.35,0
ORD0000148295,1595.24,0,0.05,77.04517435522567,1,4,11,0,0.65,0
ORD0000044579,7507.56,1,0.143,72.00634819947192,0,2,7,1,0.65,1
ORD0000041627,44457.02,1,0.05,68.84990548108378,0,2,5,1,0.85,1
ORD0000174953,19148.93,0,0.05,79.32568997461594,0,3,8,0,0.3,0
ORD0000086808,11298.08,1,0.25,67.65553999127896,0,3,8,1,0.5,1
ORD0000094483,9337.12,0,0.2,80.89628860732331,0,2,5,0,0.65,0
ORD0000112602,36624.43,0,0.25,63.971952102698054,0,1,4,0,0.85,0
ORD0000002237,2512.31,1,0.05,62.31821711514377,0,2,6,1,0.65,1
ORD0000164815,36624.43,0,0.05,80.43309801117492,0,1,4,0,0.85,0
ORD0000057491,1633.29,0,0.05,69.84982830389892,0,2,5,0,0.15,0
ORD0000005934,100832.01,0,0.4,78.06683074845778,0,2,5,0,0.85,0
ORD0000049424,1940.09,1,0.05,71.8335929137237,1,4,10,1,0.25,1
ORD0000244440,6894.98,0,0.05,74.14760045470133,0,3,9,0,0.3,0
ORD0000119764,271.04,1,0.2,70.25014727192465,0,2,5,1,0.35,1
ORD0000100501,2153.95,1,0.05,62.29410383468178,0,3,8,1,0.65,1
ORD0000005107,15462.98,0,0.111,77.84652047845218,0,3,9,0,0.5,0
ORD0000155279,124681.32,0,0.05,70.69241379784775,0,2,6,0,0.85,0
ORD0000139074,12893.44,0,0.05,79.57209713908347,0,1,4,0,0.85,0
ORD0000172371,1741.91,0,0.05,80.385549277656,0,2,7,0,0.25,0
ORD0000098801,5977.71,0,0.05,75.63400109629038,0,2,5,0,0.65,0
ORD0000178752,20915.63,1,0.143,66.27570939890369,0,2,7,1,0.3,1
ORD0000211280,7705.86,1,0.05,68.65071388385445,0,3,8,1,0.5,1
ORD0000221791,21616.13,0,0.1,68.29627633046607,1,4,10,0,0.85,0
ORD0000226766,18116.22,0,0.333,64.94786805118669,0,2,6,0,0.65,0
ORD0000063052,15138.78,0,0.25,71.46167020649644,0,1,4,0,0.5,0
ORD0000069220,1435.08,0,0.05,76.69536938420876,0,3,9,0,0.35,0
ORD0000069455,1629.16,1,0.375,69.3137293251861,0,3,8,1,0.5,1
ORD0000189579,16020.3,0,0.05,73.84926647600854,0,0,2,0,0.85,0
ORD0000101175,115883.52,1,0.111,72.70024894382018,0,3,9,1,0.85,1
ORD0000120688,21865.06,0,0.5,79.98294549921816,0,1,4,0,0.3,0
ORD0000163305,13639.12,1,0.167,65.83722102746736,0,2,6,1,0.5,1
ORD0000168493,535.62,1,0.05,70.75503881026536,0,2,6,1,0.15,0
ORD0000131537,48760.31,0,0.2,81.9151212449365,1,6,15,0,0.85,0
ORD0000018424,1298.1,0,0.05,76.18118469938352,0,2,6,0,0.5,0
ORD0000067610,22399.99,0,0.5,76.9201205535839,0,1,4,0,0.65,0
ORD0000053172,6242.7,1,0.05,70.53185849461406,0,2,7,1,0.25,1
ORD0000094297,902.33,0,0.25,81.76859129734065,0,3,8,0,0.35,0
ORD0000214212,598.67,0,0.25,82.72459731995232,0,3,8,0,0.35,0
ORD0000134955,14695.4,0,0.05,74.81679846950641,0,2,7,0,0.85,0
ORD0000175709,23680.52,0,0.333,75.65850537722918,0,1,3,0,0.5,0
ORD0000055845,1404.81,1,0.167,67.95995648648476,0,2,6,1,0.15,0
ORD0000243912,590.74,0,0.05,81.14955290536535,0,2,5,0,0.15,0
ORD0000109771,13229.72,1,0.167,68.395461999467,0,2,6,1,0.65,1
ORD0000226980,3812.54,0,0.375,76.38277744351599,0,3,8,0,0.65,0
ORD0000225144,3324.62,0,0.333,70.11890544119541,0,1,3,0,0.65,0
ORD0000008825,5031.56,1,0.05,52.993328734701905,0,3,9,1,0.65,1
ORD0000035489,2149.04,1,0.05,64.69952547307481,0,2,7,1,0.25,1
ORD0000135202,24134.11,1,0.3,58.54314080320094,1,4,10,1,0.3,1
ORD0000238210,1156.02,0,0.05,67.95292007982599,0,1,4,0,0.65,0
ORD0000050558,1361.96,0,0.05,71.25537938972636,0,1,3,0,0.15,0
ORD0000218382,1428.18,1,0.2,61.73042366484932,0,2,5,1,0.15,0
ORD0000193475,4725.91,0,0.25,71.0974031989602,0,1,4,0,0.85,0
ORD0000094948,18876.16,0,0.286,84.62164753112944,0,2,7,0,0.5,0
ORD0000077261,4957.36,1,0.05,72.22511694914228,0,2,5,1,0.65,1
ORD0000107363,2346.52,1,0.25,72.06152471959639,0,1,4,1,0.65,1
ORD0000049150,641.74,0,0.091,68.83446395003445,0,2,7,0,0.15,0
ORD0000066514,13652.44,0,0.167,81.49484638411232,0,2,6,0,0.65,0
ORD0000134050,437.79,0,0.05,85.70750748041522,0,2,7,0,0.35,0
ORD0000052691,37374.91,1,0.05,65.66692258551221,0,1,4,1,0.85,1
ORD0000139875,45035.98,0,0.05,80.19616906299444,0,3,8,0,0.85,0
ORD0000245769,318.66,1,0.125,66.9832747174689,0,3,8,1,0.35,0
ORD0000170152,8691.38,0,0.286,76.54116336059225,0,2,7,0,0.5,0
ORD0000020506,4489.77,1,0.273,59.98145339678547,1,4,11,1,0.25,1
ORD0000061165,14532.12,0,0.05,73.19394656562517,0,1,4,0,0.65,0
ORD0000174411,60500.25,0,0.125,74.68810998000126,0,3,8,0,0.85,0
ORD0000105527,19744.4,0,0.333,69.40575195821725,0,1,3,0,0.5,0
ORD0000032687,67751.88,0,0.2,73.14092617745482,0,2,5,0,0.85,0
ORD0000033062,787.76,0,0.111,73.06635420980865,0,3,9,0,0.35,0
ORD0000210977,9429.07,0,0.05,70.15593384666845,0,1,4,0,0.85,0
ORD0000038017,50658.35,1,0.05,67.45189175636536,0,2,5,1,0.85,1
ORD0000121118,2137.41,0,0.05,88.81129778551056,0,3,8,0,0.35,0
ORD0000198013,4591.48,1,0.05,62.25477612149187,0,3,9,1,0.25,1
ORD0000053387,37126.44,0,0.05,71.34270562753316,0,2,5,0,0.85,0
ORD0000034261,118943.76,0,0.333,69.81897629667698,0,1,3,0,0.85,0
ORD0000058449,19148.93,0,0.05,73.28478280424773,0,3,9,0,0.3,0
ORD0000093174,3350.57,0,0.05,76.32781460178862,0,1,4,0,0.65,0
ORD0000080569,26638.5,0,0.05,75.91238620590266,0,1,4,0,0.3,0
ORD0000147897,31131.97,1,0.05,55.86089571559713,0,1,4,1,0.3,0
ORD0000229607,695.45,0,0.333,77.07920555283398,0,1,3,0,0.35,0
ORD0000099960,4499.77,0,0.05,76.60417364343742,0,2,6,0,0.85,0
ORD0000209885,16271.72,0,0.05,71.1801489364598,0,2,6,0,0.5,0
ORD0000077362,29735.85,1,0.2,67.84902405875073,0,2,5,1,0.85,1
ORD0000174128,46813.85,0,0.25,83.16989659942665,0,1,4,0,0.85,0
ORD0000225744,1430.51,1,0.25,70.89305131038363,0,1,4,1,0.15,0
ORD0000158460,88583.6,1,0.1,64.38178953259145,1,4,10,1,0.85,1
ORD0000014217,11383.87,1,0.143,66.83168233713918,0,2,7,1,0.65,1
ORD0000247873,2889.33,1,0.125,57.34754216628731,0,3,8,1,0.65,1
ORD0000204334,1161.62,1,0.111,63.367269544509206,0,3,9,1,0.35,0
ORD0000086853,1389.24,0,0.143,81.41358948209736,0,2,7,0,0.15,0
ORD0000069852,51324.39,0,0.167,75.80667011996977,0,2,6,0,0.85,0
ORD0000086440,612.2,0,0.05,82.42545429563832,0,1,4,0,0.35,0
ORD0000149384,118639.66,0,0.333,80.49913838664787,0,3,9,0,0.85,0
ORD0000195785,75512.59,1,0.091,60.16522588358524,1,4,11,1,0.85,1
ORD0000017476,11383.87,0,0.077,70.6071964479063,1,4,10,0,0.65,0
ORD0000141086,7502.3,0,0.05,66.66277640339261,0,2,5,0,0.5,0
ORD0000074946,1292.85,1,0.375,68.53892105728076,0,0,2,0,0.65,0
ORD0000157651,33653.2,0,0.05,71.62470370432605,0,3,9,0,0.85,0
ORD0000022800,4952.11,0,0.167,71.80876367026214,0,2,6,0,0.65,0
ORD0000235758,1151.34,0,0.143,69.58981910831545,0,2,7,0,0.15,0
ORD0000004913,1493.32,0,0.182,79.04120651656733,1,4,11,0,0.65,0
ORD0000148900,99316.06,1,0.091,61.71640855679471,1,4,11,1,0.85,1
ORD0000247788,78710.5,0,0.05,73.61038078566463,0,2,6,0,0.85,0
